observed_at,rain_mm,rain_forecast,temperature_c,temperature_forecast,event_intensity
2026-07-26 00:00:00-05:00,0.0,0.9242723712944215,9.470217781750636,8.493011464985416,0.0
2026-07-26 00:15:00-05:00,0.0,0.2781616983414931,10.204493832339667,8.760328551913735,0.0
2026-07-26 00:30:00-05:00,0.0,0.753630054561592,8.017059076144005,9.171720104592572,0.0
2026-07-26 00:45:00-05:00,0.0,0.0,9.581442211506971,11.03015863654121,0.0
2026-07-26 01:00:00-05:00,0.0,0.0,8.650570136639693,7.99188362134838,0.0
2026-07-26 01:15:00-05:00,1.3056267049975538,1.1371598823341382,8.642244016360252,10.068575866045641,0.0
2026-07-26 01:30:00-05:00,1.070613898097994,1.0366643816692922,8.056535093682673,7.591375656958929,0.0
2026-07-26 01:45:00-05:00,0.8779033964403551,0.27612994708274474,9.287823702569574,9.751945169373046,0.0
2026-07-26 02:00:00-05:00,0.7198807850810911,0.41573397357359165,9.06221309597553,8.293215876978696,0.0
2026-07-26 02:15:00-05:00,0.5903022437664946,0.2613178706022455,9.28573461450023,9.512007438481573,0.0
2026-07-26 02:30:00-05:00,0.48404783988852557,0.9989367630747192,8.157053178085452,7.942080741459233,0.0
2026-07-26 02:45:00-05:00,0.3969192287085909,0.16697732821709205,8.788259214850884,9.320492035789893,0.0
2026-07-26 03:00:00-05:00,0.3254737675410445,0.32393409056485273,7.890049739051205,8.967485161560614,0.0
2026-07-26 03:15:00-05:00,0.2668884893836565,0.0,9.679066726265642,10.973674045880456,0.0
2026-07-26 03:30:00-05:00,0.21884856129459831,0.13563353254608185,9.534352308809991,8.90919376265912,0.0
2026-07-26 03:45:00-05:00,0.17945582026157061,0.0,9.554328732589878,9.625342836033877,0.0
2026-07-26 04:00:00-05:00,0.1471537726144879,0.7855605285963043,9.482272627717872,9.169642873690002,0.0
2026-07-26 04:15:00-05:00,0.12066609354388007,0.0,10.247058404326285,10.299792413629202,0.0
2026-07-26 04:30:00-05:00,0.09894619670598165,0.5517702232769652,10.59310705182232,10.550100559061738,0.0
2026-07-26 04:45:00-05:00,0.08113588129890495,0.0,9.204745189506136,8.96380747162528,0.0
2026-07-26 05:00:00-05:00,0.06653142266510205,0.0,11.026277386012739,10.329976678367554,0.0
2026-07-26 05:15:00-05:00,0.05455576658538368,0.3602609624891498,10.164703728443705,9.898155955420062,0.0
2026-07-26 05:30:00-05:00,0.04473572860001461,0.6045769488658355,11.232385523515298,11.16540808216018,0.0
2026-07-26 05:45:00-05:00,1.8507882202651689,2.048495591612866,11.82242698278343,10.078391363983885,0.0
2026-07-26 06:00:00-05:00,1.5176463406174383,1.6135992711014007,11.690345641076002,11.605417050839192,0.0
2026-07-26 06:15:00-05:00,1.511188288558312,0.7135757946043759,12.269290310344752,12.649048679732937,0.0
2026-07-26 06:30:00-05:00,1.239174396617816,1.62302505597239,12.591614920662538,13.092589120834454,0.0
2026-07-26 06:45:00-05:00,1.016123005226609,1.7447917824018084,12.790820106365722,13.255135706337146,0.0
2026-07-26 07:00:00-05:00,0.8332208642858193,0.40175454566182683,13.140076216079768,12.61269919803164,0.0
2026-07-26 07:15:00-05:00,0.9071873260994275,0.9507471948188302,11.469528849928412,11.412547757104807,0.0
2026-07-26 07:30:00-05:00,0.7438936074015305,1.0299304246988563,13.02520996981011,13.85275560053375,0.0
2026-07-26 07:45:00-05:00,0.609992758069255,0.4079445026860179,13.414474800338672,14.15697914773682,0.0
2026-07-26 08:00:00-05:00,0.500194061616789,0.6863253820085312,15.465536062060087,15.741393524103689,0.0
2026-07-26 08:15:00-05:00,0.41015913052576697,0.11234708759569634,14.679874998692437,15.10738880936353,0.0
2026-07-26 08:30:00-05:00,0.3363304870311289,0.8083341819774543,14.18070886286289,14.581145957384088,0.0
2026-07-26 08:45:00-05:00,0.27579099936552565,0.5138003444510602,16.47625311506968,15.781133729045452,0.0
2026-07-26 09:00:00-05:00,0.22614861947973103,0.3905250685096357,16.337681477168307,15.898927979276532,0.0
2026-07-26 09:15:00-05:00,0.18544186797337944,0.9149936204617775,15.840748515112168,15.986929228634514,0.0
2026-07-26 09:30:00-05:00,1.348355343517628,1.5042179406311376,17.085587595753292,16.711613033920617,0.0
2026-07-26 09:45:00-05:00,1.1056513816844549,2.1031053929832666,16.54712989981026,16.531488267450314,0.0
2026-07-26 10:00:00-05:00,0.906634132981253,1.569476101667291,17.520307850402766,18.775013463238363,0.0
2026-07-26 10:15:00-05:00,0.7434399890446274,0.3285183685541363,18.76599953989917,18.754112992484497,0.0
2026-07-26 10:30:00-05:00,0.6096207910165944,0.7280851467726334,18.29812208265626,17.91230492173287,0.0
2026-07-26 10:45:00-05:00,0.4998890486336074,0.9657508106443654,19.90127795971272,18.90660876446078,0.0
2026-07-26 11:00:00-05:00,0.409909019879558,0.005858109271049405,19.02748682181653,18.36492824492571,0.0
2026-07-26 11:15:00-05:00,0.33612539630123756,0.49325372504784604,19.423278586101176,20.656747923225943,0.0
2026-07-26 11:30:00-05:00,0.2756228249670148,0.040596613099860984,18.116989457565666,19.840538643864683,0.0
2026-07-26 11:45:00-05:00,0.22601071647295212,0.12488391585109894,18.888803426126543,19.032121198782185,0.0
2026-07-26 12:00:00-05:00,0.18532878750782072,0.8444750791133568,19.212302112924082,16.943356700700846,0.0
2026-07-26 12:15:00-05:00,0.151969605756413,0.5247284596962563,19.921679770948746,19.104054093072616,0.0
2026-07-26 12:30:00-05:00,0.12461507672025865,0.0,19.76529598768688,18.495053881436835,0.0
2026-07-26 12:45:00-05:00,0.10218436291061209,0.0,19.754404748604568,20.074721274330546,0.0
2026-07-26 13:00:00-05:00,0.0837911775867019,1.0043385568986927,19.51816605828235,18.76736623557639,0.0
2026-07-26 13:15:00-05:00,0.06870876562109555,0.0037193087524974855,20.32145436646394,21.622294413067884,0.0
2026-07-26 13:30:00-05:00,0.05634118780929835,0.89933788039498,20.064133024015753,20.52381749086254,0.0
2026-07-26 13:45:00-05:00,0.04619977400362465,0.22734240606898945,20.679244431761127,20.821794521684097,0.0
2026-07-26 14:00:00-05:00,0.03788381468297221,0.1858108288184004,20.908495685889687,21.347867280569556,0.0
2026-07-26 14:15:00-05:00,0.03106472804003721,0.0,19.756161870809958,19.318747233245308,0.0
2026-07-26 14:30:00-05:00,0.02547307699283051,0.0,20.058540782926208,21.807232802006695,0.0
2026-07-26 14:45:00-05:00,0.19395519087236845,0.659348846611808,20.58472890660842,20.879808310361117,0.0
2026-07-26 15:00:00-05:00,0.15904325651534212,0.20787361176538927,19.61783845452603,18.612355520361103,0.0
2026-07-26 15:15:00-05:00,0.13041547034258053,0.4976371640702213,20.57012309535755,21.17669838024516,0.0
2026-07-26 15:30:00-05:00,1.2636519111852906,1.048014383861058,20.479148798830277,21.26416071615104,0.0
2026-07-26 15:45:00-05:00,1.0361945671719384,1.9152871640837419,21.017860807564436,21.06836296057224,0.0
2026-07-26 16:00:00-05:00,0.8496795450809894,0.6945903461063414,19.90555365504731,20.181927770562243,0.0
2026-07-26 16:15:00-05:00,0.6967372269664113,0.8182703713321025,19.419520103709267,19.05820442843241,0.0
2026-07-26 16:30:00-05:00,0.5713245261124572,0.0,18.987230420381202,18.68190029784869,0.0
2026-07-26 16:45:00-05:00,0.46848611141221486,1.8023933823697704,19.040045514365225,17.856141122295565,0.0
2026-07-26 17:00:00-05:00,0.38415861135801616,0.014267417257137038,18.495566218199635,18.586609279296823,0.0
2026-07-26 17:15:00-05:00,0.31501006131357323,0.0,19.132998071994024,18.67816904328813,0.0
2026-07-26 17:30:00-05:00,0.25830825027713006,0.00031914001758731603,17.936828748826937,18.025718060691467,0.0
2026-07-26 17:45:00-05:00,0.21181276522724662,0.0,17.432019925166486,16.84488185899238,0.0
2026-07-26 18:00:00-05:00,0.17368646748634223,0.17189861343586887,17.2805808658621,17.357381168593516,0.0
2026-07-26 18:15:00-05:00,0.14242290333880062,0.04694099887348245,17.88056569615197,17.60373208209988,0.0
2026-07-26 18:30:00-05:00,0.1167867807378165,0.14456064780235464,16.850500295633807,15.270002154429104,0.0
2026-07-26 18:45:00-05:00,0.09576516020500953,0.2078285328860141,16.104913460339347,15.185678198083405,0.0
2026-07-26 19:00:00-05:00,0.0785274313681078,0.5556805091734844,16.75747493996568,18.13883424576086,0.0
2026-07-26 19:15:00-05:00,0.0643924937218484,0.8123189766394041,15.215994360526182,14.523698047044638,0.0
2026-07-26 19:30:00-05:00,0.052801844851915684,0.29500086573148365,16.09970920246831,16.09278023398294,0.0
2026-07-26 19:45:00-05:00,0.04329751277857086,0.0,14.796217708721974,15.30285507226596,0.0
2026-07-26 20:00:00-05:00,0.035503960478428104,0.0,13.601363199931878,13.691676495439097,0.0
2026-07-26 20:15:00-05:00,0.029113247592311042,0.632842868477105,14.11821333731997,12.953100448450588,0.0
2026-07-26 20:30:00-05:00,0.023872863025695055,0.039363702025885995,12.898304877871752,13.62735565766311,0.0
2026-07-26 20:45:00-05:00,0.019575747681069944,0.4089836811331824,11.939441440781325,11.100703618623465,0.0
2026-07-26 21:00:00-05:00,0.016052113098477355,0.0,13.776845966267372,13.432086829193755,0.0
2026-07-26 21:15:00-05:00,0.01316273274075143,0.08534725021577795,12.763723721999243,12.059303021454305,0.0
2026-07-26 21:30:00-05:00,3.7224242738347852,4.393017845424323,12.819509777678837,11.322427547688765,0.0
2026-07-26 21:45:00-05:00,3.0523879045445237,3.6195511955786843,12.125044919496968,12.62343220451217,0.0
2026-07-26 22:00:00-05:00,2.502958081726509,2.2148275888403557,11.87355932209849,11.387422937334707,0.0
2026-07-26 22:15:00-05:00,2.0524256270157375,2.529269560885671,12.139416228369727,11.267667470223076,0.0
2026-07-26 22:30:00-05:00,1.6829890141529047,1.3812555484376223,10.58658706722924,10.122310155191329,0.0
2026-07-26 22:45:00-05:00,1.3800509916053818,1.0871001594778171,10.68705309620484,10.73235244990508,0.0
2026-07-26 23:00:00-05:00,1.131641813116413,1.464808169241278,10.083426723867083,9.190954018512809,0.0
2026-07-26 23:15:00-05:00,0.9279462867554586,0.4139364972653069,9.757687179616154,9.012290502650828,0.0
2026-07-26 23:30:00-05:00,0.7609159551394761,0.41570200121214407,11.136820550053582,11.261757605630372,0.0
2026-07-26 23:45:00-05:00,0.6239510832143703,0.006757398561208494,9.819531089111498,9.695589899254164,0.0
2026-07-27 00:00:00-05:00,0.5116398882357837,0.6904551797536246,8.076976651333993,7.613927411860509,0.0
2026-07-27 00:15:00-05:00,0.41954470835334257,0.7949486521970586,8.703655061374008,8.994921502034341,0.0
2026-07-27 00:30:00-05:00,0.3440266608497409,0.0,8.888331819118099,9.395645523291384,0.0
2026-07-27 00:45:00-05:00,0.2821018618967875,0.6674146856002623,9.642664480264317,9.870160523426845,0.0
2026-07-27 01:00:00-05:00,0.23132352675536572,0.07594769032454438,9.428266604662292,8.902772379757028,0.0
2026-07-27 01:15:00-05:00,0.18968529193939987,0.7220528630942357,9.070691713528976,9.941811995142881,0.0
2026-07-27 01:30:00-05:00,0.1555419393903079,0.0,8.021557441009923,6.580443148571188,0.0
2026-07-27 01:45:00-05:00,0.12754439030005246,0.0,7.218766507902593,6.242532604996794,0.0
2026-07-27 02:00:00-05:00,0.10458640004604301,0.21555653852154769,9.090542230036517,9.148815752151743,0.0
2026-07-27 02:15:00-05:00,0.08576084803775527,0.0,7.812513530164183,7.101423605854115,0.0
2026-07-27 02:30:00-05:00,0.07032389539095932,0.714342722127527,8.465779075610556,9.686972998187244,0.0
2026-07-27 02:45:00-05:00,0.05766559422058664,0.49550186823362435,9.054461546101145,8.505283653193306,0.0
2026-07-27 03:00:00-05:00,0.04728578726088104,0.0,7.828973929273156,8.167727050967208,0.0
2026-07-27 03:15:00-05:00,0.03877434555392245,0.0,8.795934891522913,8.602166148618862,0.0
2026-07-27 03:30:00-05:00,0.03179496335421641,0.3637139722003015,8.252816664552352,8.65041989170527,0.0
2026-07-27 03:45:00-05:00,0.026071869950457453,0.8812192435107097,10.153092408587684,7.992689669651864,0.0
2026-07-27 04:00:00-05:00,0.02137893335937511,0.20118310475567808,9.752796802974654,11.636324280402084,0.0
2026-07-27 04:15:00-05:00,0.01753072535468759,0.23809023033143667,10.412037925556147,9.439100262933245,0.0
2026-07-27 04:30:00-05:00,0.014375194790843822,0.4413037239590728,9.757365575046524,8.857473922856382,0.0
2026-07-27 04:45:00-05:00,0.011787659728491932,0.2102103736928726,10.52293120824701,9.357402673261213,0.0
2026-07-27 05:00:00-05:00,0.009665880977363385,0.12260185758940517,10.1583429654934,9.333241333370825,0.0
2026-07-27 05:15:00-05:00,0.007926022401437974,0.0,13.041290488041474,12.35943939422085,0.0
2026-07-27 05:30:00-05:00,0.22771267499364273,1.1491263234951556,12.125632330053627,12.41809713946467,0.0
2026-07-27 05:45:00-05:00,0.18672439349478703,0.0,11.496474126646664,12.388409965058774,0.0
2026-07-27 06:00:00-05:00,0.15311400266572536,0.4470762642887951,10.215631956804899,10.836203657739366,0.0
2026-07-27 06:15:00-05:00,0.1255534821858948,0.12120151502701887,10.809766588362328,10.860908012556688,0.0
2026-07-27 06:30:00-05:00,0.10295385539243372,0.13484850766172665,12.699916346190316,13.448036415202916,0.0
2026-07-27 06:45:00-05:00,0.08442216142179565,0.19203086103695227,11.701716457108603,12.526496892139704,0.0
2026-07-27 07:00:00-05:00,0.17272863699761654,0.6723938325637913,12.917802655881607,13.669936862208516,0.0
2026-07-27 07:15:00-05:00,0.14163748233804554,0.2952840646934135,14.725724553748922,14.6065479342155,0.0
2026-07-27 07:30:00-05:00,0.11614273551719734,0.0,13.730746781491035,12.998698968289174,0.0
2026-07-27 07:45:00-05:00,0.0952370431241018,0.0,12.896799710768603,13.743195758096368,0.0
2026-07-27 08:00:00-05:00,0.07809437536176347,0.0,14.688121055230111,15.582155648312469,0.0
2026-07-27 08:15:00-05:00,0.06403738779664604,0.0,13.855041275356891,13.80937050657683,0.0
2026-07-27 08:30:00-05:00,0.05251065799324975,0.0,14.378665850945143,15.081906741028615,0.0
2026-07-27 08:45:00-05:00,0.04305873955446479,0.7460136725151197,15.758370978420661,16.09286423688067,0.0
2026-07-27 09:00:00-05:00,0.03530816643466113,0.0,16.053119640603146,17.279290137213483,0.0
2026-07-27 09:15:00-05:00,0.028952696476422124,0.5700630579887571,16.40067528373806,16.301930107929355,0.0
2026-07-27 09:30:00-05:00,0.02374121111066614,0.0,16.906169237349356,15.96427219816938,0.0
2026-07-27 09:45:00-05:00,0.019467793110746236,0.0,15.989396317284442,15.123223030169314,0.0
2026-07-27 10:00:00-05:00,0.015963590350811914,0.12550539293260654,18.089690378658716,18.09255944041062,0.0
2026-07-27 10:15:00-05:00,0.013090144087665768,0.44446384550052326,18.02858373703317,17.985368503266645,0.0
2026-07-27 10:30:00-05:00,0.01073391815188593,0.13115171091368533,17.168090495385574,16.097002810971016,0.0
2026-07-27 10:45:00-05:00,0.008801812884546461,1.1127706063686993,17.313312825823793,17.80073484239284,0.0
2026-07-27 11:00:00-05:00,0.44010151975234474,1.6513072069902914,19.43607675810399,19.27854977245139,0.0
2026-07-27 11:15:00-05:00,0.3608832461969227,0.8329676484777324,18.949766966227966,18.911979258588484,0.0
2026-07-27 11:30:00-05:00,0.2959242618814766,0.1406418858569467,20.376496563189434,19.165527519357575,0.0
2026-07-27 11:45:00-05:00,0.24265789474281077,0.0,20.041598852149587,19.927324426176092,0.0
2026-07-27 12:00:00-05:00,0.19897947368910482,0.03203307005290204,18.71459364877165,19.520810383011906,0.0
2026-07-27 12:15:00-05:00,0.16316316842506595,0.45479430134944243,20.243297434846347,19.983373378007137,0.0
2026-07-27 12:30:00-05:00,0.13379379810855407,0.37763654839512506,20.701741317754276,19.9317816264067,0.0
2026-07-27 12:45:00-05:00,0.10971091444901433,0.0,19.386076141091582,19.459964688316475,0.0
2026-07-27 13:00:00-05:00,0.08996294984819175,0.4105283511798955,20.370893181741085,20.386932568437963,0.0
2026-07-27 13:15:00-05:00,0.07376961887551724,0.7890825840041781,21.193879347775777,21.56993600849264,0.0
2026-07-27 13:30:00-05:00,0.06049108747792413,0.23499514756001166,19.843885358243373,20.475089704664164,0.0
2026-07-27 13:45:00-05:00,0.04960269173189778,0.0,21.368049323832036,21.616873683810677,0.0
2026-07-27 14:00:00-05:00,0.04067420722015618,0.5557335305259761,21.18643377802043,20.554824333884138,0.0
2026-07-27 14:15:00-05:00,0.03335284992052807,0.5141533009899426,21.708021988489058,22.109670769316054,0.0
2026-07-27 14:30:00-05:00,0.5550475665910054,0.33889121262291855,20.10737787182259,20.4163741981348,0.0
2026-07-27 14:45:00-05:00,0.4551390046046244,1.0283049238988928,20.134612500084373,21.60932079133291,0.0
2026-07-27 15:00:00-05:00,0.373213983775792,0.47304019844197587,19.620400155786534,18.600777691799568,0.0
2026-07-27 15:15:00-05:00,0.30603546669614945,0.0,20.245204019139443,20.65045646227163,0.0
2026-07-27 15:30:00-05:00,0.25094908269084254,0.37558921000317086,18.41488500703781,18.80049928940535,0.0
2026-07-27 15:45:00-05:00,0.20577824780649087,0.0,18.972178905299828,18.03215179036049,0.0
2026-07-27 16:00:00-05:00,0.1687381632013225,0.0,19.912172513884165,20.478655919234924,0.0
2026-07-27 16:15:00-05:00,0.13836529382508445,0.10842282177915208,19.699627855233544,19.389977554728574,0.0
2026-07-27 16:30:00-05:00,0.11345954093656924,0.0,19.4087206339917,18.76977103024694,0.0
2026-07-27 16:45:00-05:00,0.09303682356798677,0.6066470619720273,19.579832695606054,18.365012194388797,0.0
2026-07-27 17:00:00-05:00,0.07629019532574915,0.43184374390462776,18.429730216497514,19.064110886579215,0.0
2026-07-27 17:15:00-05:00,0.0625579601671143,0.006834143708175623,18.700993623880752,19.379473857374464,0.0
2026-07-27 17:30:00-05:00,0.05129752733703373,1.4258745570509257,18.407377050221182,18.202421166805767,0.0
2026-07-27 17:45:00-05:00,0.042063972416367654,0.0,17.020387348124572,17.662076748195247,0.0
2026-07-27 18:00:00-05:00,0.034492457381421475,0.0,18.05349709842788,17.89702401979822,0.0
2026-07-27 18:15:00-05:00,0.028283815052765608,0.0,16.291159325891147,16.6860341460168,0.0
2026-07-27 18:30:00-05:00,0.0231927283432678,0.7707207339298142,16.7375281850381,18.081410616554685,0.0
2026-07-27 18:45:00-05:00,0.019018037241479595,0.0,16.11150130795595,14.33424744460413,0.0
2026-07-27 19:00:00-05:00,0.015594790538013267,0.0,16.6127832079932,16.901245381586765,0.0
2026-07-27 19:15:00-05:00,0.012787728241170878,0.0,16.172027060006968,15.222434450304437,0.0
2026-07-27 19:30:00-05:00,0.01048593715776012,0.0,14.3428903911107,14.398159406227645,0.0
2026-07-27 19:45:00-05:00,0.008598468469363298,0.7084356484448722,15.34458719972605,16.771369438688843,0.0
2026-07-27 20:00:00-05:00,0.007050744144877904,0.0,14.00069349277514,15.488825390741098,0.0
2026-07-27 20:15:00-05:00,0.0057816101987998815,0.0,13.67914833355915,13.175499625774933,0.0
2026-07-27 20:30:00-05:00,0.004740920363015902,0.40735449980893895,14.74508479191637,15.530326648859884,0.0
2026-07-27 20:45:00-05:00,0.0038875546976730397,0.17644908213964985,13.551408472803207,12.924278468571543,0.0
2026-07-27 21:00:00-05:00,0.003187794852091892,0.5015399351510175,13.782113494944502,12.250508204068836,0.0
2026-07-27 21:15:00-05:00,0.0026139917787153513,0.0,12.164952429867814,12.47874096472168,0.0
2026-07-27 21:30:00-05:00,0.002143473258546588,0.17911321735839547,12.273364265610384,12.844258603196899,0.0
2026-07-27 21:45:00-05:00,0.0017576480720082022,0.09290294337858244,12.085434909211761,12.449078247073496,0.0
2026-07-27 22:00:00-05:00,0.0014412714190467257,0.39204237113857493,10.702037450984767,9.529805557213344,0.0
2026-07-27 22:15:00-05:00,0.001181842563618315,0.0,10.90090614181562,10.441434679077105,0.0
2026-07-27 22:30:00-05:00,0.0009691109021670182,0.0,10.76466108221468,10.694757640545928,0.0
2026-07-27 22:45:00-05:00,0.0007946709397769549,0.0,9.800066651510834,9.676056868604299,0.0
2026-07-27 23:00:00-05:00,0.000651630170617103,0.0,10.521246320184352,10.860461009502764,0.0
2026-07-27 23:15:00-05:00,0.0005343367399060244,0.23036877408772263,10.671730302765312,10.612295442870192,0.0
2026-07-27 23:30:00-05:00,0.00043815612672294,0.0,10.03306391850915,8.435460858811568,0.0
2026-07-27 23:45:00-05:00,0.0003592880239128108,0.0,9.861333224605547,9.77825038141234,0.0
2026-07-28 00:00:00-05:00,0.0002946161796085048,0.0,9.775220210857109,9.940154077536233,0.0
2026-07-28 00:15:00-05:00,0.18733058207340972,1.1129598297682686,8.785589614294404,8.8443390503007,0.0
2026-07-28 00:30:00-05:00,0.15361107730019596,0.0,10.156635631152199,11.319963782400048,0.0
2026-07-28 00:45:00-05:00,0.1259610833861607,0.5275950868342765,8.883323064974764,8.862353113101062,0.0
2026-07-28 01:00:00-05:00,0.10328808837665175,0.0,8.526166527302584,9.756061385734267,0.0
2026-07-28 01:15:00-05:00,0.08469623246885444,0.02403355423803734,10.350761790757375,10.518245190202064,0.0
2026-07-28 01:30:00-05:00,0.06945091062446064,0.0,8.727298816856704,7.075769884331806,0.0
2026-07-28 01:45:00-05:00,0.05694974671205772,0.0,8.00414895290366,8.146984288678503,0.0
2026-07-28 02:00:00-05:00,0.04669879230388733,0.0,8.033974281832032,8.432707271363029,0.0
2026-07-28 02:15:00-05:00,0.038293009689187606,0.19671698037874696,7.906038989073747,8.483872471953982,0.0
2026-07-28 02:30:00-05:00,0.031400267945133835,0.31216860790940415,8.045575729372684,9.314015363240514,0.0
2026-07-28 02:45:00-05:00,0.02574821971500974,0.4956746009750115,9.389551082655878,8.300373562798686,0.0
2026-07-28 03:00:00-05:00,0.02111354016630799,0.0,9.020176378011882,9.676399452346534,0.0
2026-07-28 03:15:00-05:00,0.01731310293637255,0.0,8.70727567852904,9.14364728681965,0.0
2026-07-28 03:30:00-05:00,0.01419674440782549,0.0,8.386657129821591,10.484101315285454,0.0
2026-07-28 03:45:00-05:00,0.0116413304144169,0.0,8.883157449562157,9.774473948725907,0.0
2026-07-28 04:00:00-05:00,0.8171857542314532,0.9685931573223717,9.194281968596068,7.805031453742632,0.0
2026-07-28 04:15:00-05:00,0.6700923184697916,0.36074446903479546,10.715124956805836,9.17411878032354,0.0
2026-07-28 04:30:00-05:00,0.549475701145229,0.6654961967737542,9.363195459671882,9.703593011059034,0.0
2026-07-28 04:45:00-05:00,0.4505700749390878,0.0,9.977138261050387,9.965855090959726,0.0
2026-07-28 05:00:00-05:00,0.369467461450052,0.48585058561115274,10.925196739180246,10.379918198213613,0.0
2026-07-28 05:15:00-05:00,0.3029633183890426,0.3950966404260416,10.707826100089873,11.418757622631496,0.0
2026-07-28 05:30:00-05:00,0.24842992107901493,0.0,11.733149524995191,13.118643303110726,0.0
2026-07-28 05:45:00-05:00,0.20371253528479225,0.9870888916935037,12.880945122654222,12.554766991158631,0.0
2026-07-28 06:00:00-05:00,0.16704427893352963,0.34611530711784994,11.82873981409927,10.934552776465342,0.0
2026-07-28 06:15:00-05:00,0.1369763087254943,0.44509617789409184,13.523829095455586,13.734147342919059,0.0
2026-07-28 06:30:00-05:00,0.11232057315490532,0.3838641500498322,11.292462766134811,11.686105313413911,0.0
2026-07-28 06:45:00-05:00,0.09210286998702236,0.0,11.447294479570484,11.110361681506147,0.0
2026-07-28 07:00:00-05:00,0.07552435338935833,0.09533709017984954,12.560439201902268,11.834189871982677,0.0
2026-07-28 07:15:00-05:00,0.06192996977927382,0.0,13.821147840103325,13.380571587644278,0.0
2026-07-28 07:30:00-05:00,0.05078257521900453,0.5684027808918952,14.556182213244696,15.40205949827453,0.0
2026-07-28 07:45:00-05:00,0.041641711679583714,0.0,14.771995995911261,14.776210686853466,0.0
2026-07-28 08:00:00-05:00,0.034146203577258644,0.21060956383042684,14.036380004931765,14.019058285929997,0.0
2026-07-28 08:15:00-05:00,0.027999886933352085,0.3972883956080829,15.26994156145497,15.306536422284713,0.0
2026-07-28 08:30:00-05:00,0.022959907285348708,0.0,15.548104681914456,16.01366435434272,0.0
2026-07-28 08:45:00-05:00,0.032159862012471244,0.0,14.68726175986274,13.614717696957838,0.0
2026-07-28 09:00:00-05:00,0.02637108685022642,0.0,17.136171056068022,16.44800976683909,0.0
2026-07-28 09:15:00-05:00,0.021624291217185662,0.0793206627921071,16.892861465039452,16.23299767419103,0.0
2026-07-28 09:30:00-05:00,0.01773191879809224,0.2451084954380885,15.514874252086871,14.653638305298486,0.0
2026-07-28 09:45:00-05:00,0.014540173414435637,0.25857348298415817,17.13381010040769,17.092481161385344,0.0
2026-07-28 10:00:00-05:00,0.011922942199837222,0.35265151571263964,17.46464330439587,16.719551508738796,0.0
2026-07-28 10:15:00-05:00,1.5949628129191369,1.4960352515623063,17.642060748088216,18.45222820867654,0.0
2026-07-28 10:30:00-05:00,1.3078695065936923,1.1596893207737995,16.80320624606548,16.66773539106765,0.0
2026-07-28 10:45:00-05:00,1.0724529954068276,0.3689684642389206,18.392555016497663,19.091723600812976,0.0
2026-07-28 11:00:00-05:00,0.8794114562335986,1.2818536106311997,17.499349207039124,17.344062815378226,0.0
2026-07-28 11:15:00-05:00,0.7211173941115508,0.0,18.8847772604358,18.66297317714809,0.0
2026-07-28 11:30:00-05:00,0.5913162631714717,0.5625303351923661,20.570976945857964,19.920915365908495,0.0
2026-07-28 11:45:00-05:00,2.118925896272956,2.819781860000072,19.966647898593074,19.327553186262392,0.0
2026-07-28 12:00:00-05:00,1.7375192349438235,1.8099855705939263,20.049118113283587,21.061477824125394,0.0
2026-07-28 12:15:00-05:00,1.4247657726539351,1.3612351816267174,19.527280993366215,20.76779413310623,0.0
2026-07-28 12:30:00-05:00,1.1683079335762268,0.878039427732958,20.146865569326444,21.398733841773016,0.0
2026-07-28 12:45:00-05:00,0.9580125055325058,1.4266630701691603,21.136061808814535,20.13468505699482,0.0
2026-07-28 13:00:00-05:00,0.7855702545366547,0.6297372828799229,20.48650142323416,20.366315898618755,0.0
2026-07-28 13:15:00-05:00,0.6441676087200569,0.8037879800450224,19.315723879162704,19.611184722639425,0.0
2026-07-28 13:30:00-05:00,0.5282174391504466,0.0,20.277355887084468,20.149139136337457,0.0
2026-07-28 13:45:00-05:00,0.4331383001033662,0.411165931664697,20.20872735247155,21.80389438043959,0.0
2026-07-28 14:00:00-05:00,0.3551734060847602,1.0903619095567028,20.393113937848884,20.18745677546222,0.0
2026-07-28 14:15:00-05:00,0.2912421929895034,0.28268499851182854,20.976008120732686,21.416722314773985,0.0
2026-07-28 14:30:00-05:00,0.23881859825139276,0.0,20.679373667157403,23.567879400583813,0.0
2026-07-28 14:45:00-05:00,0.19583125056614206,0.6632840538860081,19.79306663868483,19.819139751500856,0.0
2026-07-28 15:00:00-05:00,0.1605816254642365,0.2747284108216226,20.133270238963473,20.680947646130036,0.0
2026-07-28 15:15:00-05:00,0.13167693288067392,0.0,21.144733210099258,21.10606537746253,0.0
2026-07-28 15:30:00-05:00,0.1079750849621526,0.0,20.22644520285605,21.104118041068567,0.0
2026-07-28 15:45:00-05:00,0.08853956966896513,0.22594684625670736,18.930867454639216,19.566667020126946,0.0
2026-07-28 16:00:00-05:00,0.15303898744621197,0.28711541395115603,19.28959636404248,19.441828442542686,0.0
2026-07-28 16:15:00-05:00,0.1254919697058938,0.0,19.40506592711982,19.679286934498883,0.0
2026-07-28 16:30:00-05:00,0.1029034151588329,0.15870741938208685,19.47240064144025,18.747201626325452,0.0
2026-07-28 16:45:00-05:00,0.08438080043024297,0.17309730322726807,19.660252530213523,20.174636325329125,0.0
2026-07-28 17:00:00-05:00,0.06919225635279923,0.0,19.738308281419517,19.648589374694122,0.0
2026-07-28 17:15:00-05:00,0.056737650209295366,0.0,17.553383959735335,17.704724030647103,0.0
2026-07-28 17:30:00-05:00,0.0465248731716222,0.2775631710841529,17.78801600116416,18.1228355441712,0.0
2026-07-28 17:45:00-05:00,0.0381503960007302,0.0,17.799916630202503,18.031428791971283,0.0
2026-07-28 18:00:00-05:00,0.03128332472059876,0.9316258769586911,17.970390942930138,17.725792981392477,0.0
2026-07-28 18:15:00-05:00,0.025652326270890983,0.0,17.57532034561575,16.608267732906807,0.0
2026-07-28 18:30:00-05:00,0.021034907542130606,0.7716998004276528,17.810134591646182,18.621079118247792,0.0
2026-07-28 18:45:00-05:00,0.017248624184547097,0.0,16.188364153706207,15.503845291856841,0.0
2026-07-28 19:00:00-05:00,0.01414387183132862,0.8107975003815461,17.573608689977505,17.802542251994627,0.0
2026-07-28 19:15:00-05:00,0.011597974901689467,0.11310980595531218,16.445536064874414,16.960714210104637,0.0
2026-07-28 19:30:00-05:00,0.009510339419385363,0.0,15.605654725493972,16.321552345523028,0.0
2026-07-28 19:45:00-05:00,0.007798478323895997,0.0,15.308840079411928,15.069199655922441,0.0
2026-07-28 20:00:00-05:00,0.0063947522255947175,0.20204944990455986,15.37530660854398,16.691140418908137,0.0
2026-07-28 20:15:00-05:00,0.005243696824987668,0.0,14.396227060426673,15.011452703095987,0.0
2026-07-28 20:30:00-05:00,0.004299831396489887,0.0,12.83937456319395,12.881155818826109,0.0
2026-07-28 20:45:00-05:00,0.0035258617451217073,0.0,12.250531512418553,13.564245887832122,0.0
2026-07-28 21:00:00-05:00,0.0028912066309997996,0.0,13.83153814911427,14.45712689630359,0.0
2026-07-28 21:15:00-05:00,0.0023707894374198355,0.1692080199277238,11.999167912630032,11.8989752040526,0.0
2026-07-28 21:30:00-05:00,0.001944047338684265,0.09482026717251339,11.759556607651016,10.34561728705851,0.0
2026-07-28 21:45:00-05:00,0.0015941188177210973,0.0,12.164110178014349,10.850240161890893,0.0
2026-07-28 22:00:00-05:00,0.0013071774305312997,0.6277914878843674,12.249315206880866,12.078187090573506,0.0
2026-07-28 22:15:00-05:00,0.0010718854930356657,0.3987729059031999,11.626095468165861,10.37074801157193,0.0
2026-07-28 22:30:00-05:00,0.0008789461042892459,0.09932676424952461,12.989574164807205,12.957562839543458,0.0
2026-07-28 22:45:00-05:00,0.0007207358055171816,0.0,11.311625886436055,11.910913812778537,0.0
2026-07-28 23:00:00-05:00,0.0005910033605240889,0.15244544927286838,11.245427271562328,10.678900166703075,0.0
2026-07-28 23:15:00-05:00,0.00048462275562975287,0.0,8.7860485083334,9.20263910785484,0.0
2026-07-28 23:30:00-05:00,0.0003973906596163973,0.0,9.697133348879992,8.680117567935985,0.0
2026-07-28 23:45:00-05:00,0.00032586034088544577,0.0,9.863807340620406,10.319067748640688,0.0
2026-07-29 00:00:00-05:00,0.0002672054795260655,0.0,9.752356142451145,10.733037254948718,0.0
2026-07-29 00:15:00-05:00,0.0002191084932113737,0.0,9.534040610710692,7.894041382917622,0.0
2026-07-29 00:30:00-05:00,0.00017966896443332643,0.0,8.391779929562679,8.171493320339637,0.0
2026-07-29 00:45:00-05:00,0.00014732855083532766,0.1095494577184091,10.126266055243127,10.13469631842553,0.0
2026-07-29 01:00:00-05:00,0.00012080941168496868,0.0,8.136028269660995,8.095663910872267,0.0
2026-07-29 01:15:00-05:00,9.906371758167431e-05,0.0,9.788675529423818,8.168197539391192,0.0
2026-07-29 01:30:00-05:00,8.123224841697293e-05,0.32987338680163564,9.536551058250748,9.312585617779098,0.0
2026-07-29 01:45:00-05:00,6.66104437019178e-05,0.0,8.199379292672338,6.919226506342818,0.0
2026-07-29 02:00:00-05:00,5.4620563835572594e-05,0.04646489950164282,9.445396344910472,8.988576357485583,0.0
2026-07-29 02:15:00-05:00,4.478886234516952e-05,0.0,9.153793788083982,9.663212992810701,0.0
2026-07-29 02:30:00-05:00,3.6726867123039e-05,0.0,7.556491530837892,7.551506692980129,0.0
2026-07-29 02:45:00-05:00,3.011603104089198e-05,0.3599266624283934,8.379055660232401,8.32906170405105,0.0
2026-07-29 03:00:00-05:00,2.469514545353142e-05,0.4723091242927102,9.155686999258682,8.31905128308841,0.0
2026-07-29 03:15:00-05:00,2.0250019271895763e-05,0.025161404943566053,9.693584540053829,8.507785512892132,0.0
2026-07-29 03:30:00-05:00,1.6605015802954524e-05,0.24978352703397974,9.52011541864655,9.46220757959018,0.0
2026-07-29 03:45:00-05:00,1.3616112958422709e-05,0.06163308635453803,9.674143417920051,9.548143016744227,0.0
2026-07-29 04:00:00-05:00,1.1165212625906622e-05,0.4624861220831681,9.181157129089657,8.544732941752956,0.0
2026-07-29 04:15:00-05:00,9.155474353243428e-06,0.0,9.423300359523077,9.86167738889322,0.0
2026-07-29 04:30:00-05:00,7.507488969659611e-06,0.0,9.38968978655555,10.263497058320663,0.0
2026-07-29 04:45:00-05:00,6.156140955120881e-06,0.0,9.492711511032246,8.968668620036379,1e-323
2026-07-29 05:00:00-05:00,5.048035583199122e-06,0.18725171672732857,11.277401703034219,9.466208222131646,1.4e-322
2026-07-29 05:15:00-05:00,4.13938917822328e-06,0.0,11.59158139357308,10.997396865673064,2.12e-321
2026-07-29 05:30:00-05:00,3.394299126143089e-06,0.0,10.91034947613501,10.773632361207053,3.294e-320
2026-07-29 05:45:00-05:00,2.783325283437333e-06,0.6441477729871098,12.009319269135368,11.052972108569408,5.087e-319
2026-07-29 06:00:00-05:00,2.2823267324186127e-06,0.0,10.646528317165268,9.137387695734724,7.81655e-318
2026-07-29 06:15:00-05:00,1.8715079205832624e-06,0.0,11.963912939243894,11.985351545354058,1.1949614e-316
2026-07-29 06:30:00-05:00,1.534636494878275e-06,0.0,11.809751921446743,11.94696553233954,1.81751023e-315
2026-07-29 06:45:00-05:00,1.2584019258001854e-06,0.25908992907419603,12.041840033302979,11.825403031233767,2.7503253126e-314
2026-07-29 07:00:00-05:00,1.031889579156152e-06,0.27882305728787116,13.65943454803725,13.618739450058772,4.14071633653e-313
2026-07-29 07:15:00-05:00,8.461494549080446e-07,0.09158283128597126,12.662744050656666,12.95922681227513,6.20227624573e-312
2026-07-29 07:30:00-05:00,6.938425530245965e-07,0.3678799456736124,14.696986056812966,14.194259029930956,9.2429572239507e-311
2026-07-29 07:45:00-05:00,5.68950893480169e-07,0.0,14.256244497645918,14.66335371571187,1.37042411616128e-309
2026-07-29 08:00:00-05:00,4.665397326537386e-07,0.30897522167179126,14.797564148559635,15.558857789161271,2.0215442577737007e-308
2026-07-29 08:15:00-05:00,3.825625807760656e-07,0.0,14.828817459160698,14.59267096011811,2.966850938352831e-307
2026-07-29 08:30:00-05:00,3.137013162363738e-07,0.2410074538852046,13.644070356336561,14.446972141539758,4.332039538514401e-306
2026-07-29 08:45:00-05:00,2.572350793138265e-07,0.4497141850016026,16.76618956534769,17.38554917462521,6.293225713834522e-305
2026-07-29 09:00:00-05:00,2.109327650373377e-07,0.33582110131224313,15.935611014328565,15.693873978157981,9.095747946528555e-304
2026-07-29 09:15:00-05:00,1.729648673306169e-07,0.6996593484259993,15.568331809052655,14.08476679385895,1.3079397460234464e-302
2026-07-29 09:30:00-05:00,1.4183119121110586e-07,0.0,15.450059395170186,14.334202106058331,1.871204570739007e-301
2026-07-29 09:45:00-05:00,0.02286856542134463,0.0,18.976133937774584,18.886953509064544,2.6634160571029155e-300
2026-07-29 10:00:00-05:00,0.018752223645502594,0.0,16.007556156717293,16.255126409829987,3.771733242968275e-299
2026-07-29 10:15:00-05:00,0.015376823389312127,0.21006485129502292,18.315717828127603,19.069866067396212,5.314068364454539e-298
2026-07-29 10:30:00-05:00,0.012608995179235943,0.0,18.980211395505155,19.45033853752214,7.448992152380941e-297
2026-07-29 10:45:00-05:00,0.010339376046973473,0.13647614380082498,18.346343779585386,19.08580792882493,1.0388482393757736e-295
2026-07-29 11:00:00-05:00,0.008478288358518247,0.6499196167182587,19.201093444732823,16.905352253034554,1.4414212199269094e-294
2026-07-29 11:15:00-05:00,0.006952196453984962,0.0,20.216639582855894,20.962667625578863,1.9898206163852354e-293
2026-07-29 11:30:00-05:00,0.0057008010922676685,0.42938384208627944,20.297878703348257,19.6496845879924,2.732883717141797e-292
2026-07-29 11:45:00-05:00,0.004674656895659488,0.08049921110740436,19.245801673371542,19.304176966351257,3.734329124024489e-291
2026-07-29 12:00:00-05:00,0.0038332186544407796,0.0,19.1755346034078,19.27439098635969,5.0767788116460386e-290
2026-07-29 12:15:00-05:00,0.003143239296641439,0.11902376651617026,18.88666884480924,19.31741853366217,6.866700484302959e-289
2026-07-29 12:30:00-05:00,0.00257745622324598,0.0,20.24710867922903,21.39554478035755,9.240429940592897e-288
2026-07-29 12:45:00-05:00,0.0021135141030617036,0.16086854027914702,20.078106776226413,19.184191417141157,1.2371446021751752e-286
2026-07-29 13:00:00-05:00,0.001733081564510597,0.3184688308932709,21.29982799122131,21.74504536866503,1.6479080010834558e-285
2026-07-29 13:15:00-05:00,0.013108540390415022,0.9242298747147877,20.005915449866247,19.918345454433133,2.18388453046577e-284
2026-07-29 13:30:00-05:00,0.010749003120140318,0.15844986581963957,20.69334972691383,22.350415247108085,2.879456973432179e-283
2026-07-29 13:45:00-05:00,0.00881418255851506,0.08608271878355413,19.96226680383017,18.999326636672457,3.7772499723621244e-282
2026-07-29 14:00:00-05:00,0.007227629697982349,0.25206800419807407,20.515035983406353,20.862725713056296,4.9297519991005134e-281
2026-07-29 14:15:00-05:00,0.005926656352345526,0.4895379185922325,19.13605076752357,17.84702761553219,6.40115920379519e-280
2026-07-29 14:30:00-05:00,0.004859858208923331,0.8466538689046397,19.668420324316124,19.964926188404046,8.269445654970564e-279
2026-07-29 14:45:00-05:00,0.003985083731317131,0.0,20.651878379683946,19.75679218529111,1.062865665671273e-277
2026-07-29 15:00:00-05:00,0.0032677686596800475,0.0,19.372573391019845,19.3404939396024,1.3591411777061287e-276
2026-07-29 15:15:00-05:00,0.0026795703009376386,0.0,19.60580023888313,20.07444605420717,1.729159179998913e-275
2026-07-29 15:30:00-05:00,0.0021972476467688636,0.0,20.514191792993728,20.429811555672554,2.1887168970494393e-274
2026-07-29 15:45:00-05:00,0.001801743070350468,0.767282408285751,19.88376062697522,19.813310725906344,2.7563122711919253e-273
2026-07-29 16:00:00-05:00,0.0014774293176873837,0.4199475036054162,20.73451417665746,22.143365917960068,3.453436368569381e-272
2026-07-29 16:15:00-05:00,0.0012114920405036547,0.0,19.16193999246867,20.224782054765775,4.3048568050636e-271
2026-07-29 16:30:00-05:00,0.0009934234732129968,0.0,17.815693348009173,18.53465601884373,5.338880168561835e-270
2026-07-29 16:45:00-05:00,0.0008146072480346573,0.0,19.37393233770657,19.020728004171875,6.58757918155424e-269
2026-07-29 17:00:00-05:00,0.000667977943388419,0.0,18.52696988747463,18.729106449807652,8.086968201028141e-268
2026-07-29 17:15:00-05:00,0.0005477419135785036,0.0,17.283598539994383,16.80183072209086,9.87710872151989e-267
2026-07-29 17:30:00-05:00,0.0004491483691343729,0.0,17.599401044522793,17.510714913108117,1.2002124982765307e-265
2026-07-29 17:45:00-05:00,0.00036830166269018574,0.34383805509287413,18.008857142268337,19.72514841038949,1.451010875131183e-264
2026-07-29 18:00:00-05:00,0.0003020073634059523,0.2786986703959862,17.181452184266863,17.14553034676258,1.745289202057745e-263
2026-07-29 18:15:00-05:00,0.00024764603799288083,0.20391303526819324,17.442042190210426,17.91393357675693,2.088566693039847e-262
2026-07-29 18:30:00-05:00,0.00020306975115416228,0.6548462819550628,17.124977072633012,17.638052397440106,2.486643380868492e-261
2026-07-29 18:45:00-05:00,0.00016651719594641307,0.15116134286642824,16.56337648672377,16.784166082875796,2.945526102483982e-260
2026-07-29 19:00:00-05:00,0.00013654410067605872,0.38227445558699513,15.824207753818856,16.75427490591717,3.4713344420261213e-259
2026-07-29 19:15:00-05:00,0.00011196616255436814,0.35998329333270285,16.069453497465396,15.493254751088525,4.0701859498768053e-258
2026-07-29 19:30:00-05:00,9.181225329458186e-05,0.0,13.20685882435524,13.105887642084964,4.7480606307386216e-257
2026-07-29 19:45:00-05:00,7.528604770155712e-05,0.23682007755788978,15.00396923806443,14.153396471325069,5.510645492951855e-256
2026-07-29 20:00:00-05:00,6.173455911527684e-05,0.09076259949488266,14.53274159680817,14.451537807165519,6.363160857675293e-255
2026-07-29 20:15:00-05:00,5.0622338474527e-05,0.0,14.438083425540077,12.218093794177689,7.310171114119127e-254
2026-07-29 20:30:00-05:00,0.2669869643345197,0.0,13.476201246336979,12.944601062339931,8.355383640886751e-253
2026-07-29 20:45:00-05:00,0.21892931075430613,0.43217066057265224,13.35833749155074,13.215639442168007,9.501440650208043e-252
2026-07-29 21:00:00-05:00,0.17952203481853102,0.032653155450455024,13.79225412862703,13.236933206585391,1.0749709701190313e-250
2026-07-29 21:15:00-05:00,0.14720806855119542,0.0,13.018030996919796,13.361567964113862,1.2100079514432108e-249
2026-07-29 21:30:00-05:00,0.12071061621198023,0.0,12.043757982307435,11.881316860498558,1.3550768445439627e-248
2026-07-29 21:45:00-05:00,0.09898270529382379,0.7546315844982746,12.726937319355342,11.561250690447613,1.5098153480419466e-247
2026-07-29 22:00:00-05:00,0.0811658183409355,0.11458548105045549,12.432419432914395,11.453852455991452,1.6736627851097848e-246
2026-07-29 22:15:00-05:00,0.0665559710395671,0.2859190487115855,10.831877857290223,10.532517974921348,1.845849527957614e-245
2026-07-29 22:30:00-05:00,0.05457589625244502,0.0,10.488273813229352,9.195702734851434,2.0253908424401308e-244
2026-07-29 22:45:00-05:00,0.04475223492700491,0.0,11.616063337945805,10.6126186581482,2.2110858285439995e-243
2026-07-29 23:00:00-05:00,0.03669683264014403,0.2438998329847377,9.66589014511469,8.43711019708272,2.401522013493864e-242
2026-07-29 23:15:00-05:00,0.0300914027649181,0.0,10.414223598133445,10.36783727124245,2.595085999323055e-241
2026-07-29 23:30:00-05:00,0.02467495026723284,0.0,9.050405642395756,9.056738328674426,2.78998037977243e-240
2026-07-29 23:45:00-05:00,0.020233459219130927,0.0,9.589365858583589,9.750688136563463,2.984246928210033e-239
2026-07-30 00:00:00-05:00,0.01659143655968736,0.0,9.382519369386387,9.138017004851038,3.1757958267539755e-238
2026-07-30 00:15:00-05:00,0.013604977978943635,0.0,10.433846197320836,8.984012162208936,3.3624404663242076e-237
2026-07-30 00:30:00-05:00,0.01115608194273378,0.0,7.617436751113175,8.06191072252612,3.5419371086955736e-236
2026-07-30 00:45:00-05:00,0.009147987193041699,0.0,8.900745848163554,8.111054666844883,3.712028476085851e-235
2026-07-30 01:00:00-05:00,0.007501349498294192,0.0,7.294180468259741,7.967919966023975,3.8704901329439675e-234
2026-07-30 01:15:00-05:00,0.006151106588601237,0.0,8.19296374188774,6.681563400334288,4.015178359313942e-233
2026-07-30 01:30:00-05:00,0.0050439074026530145,0.5520862740966741,8.493824228665629,8.434496974969809,4.144078095126726e-232
2026-07-30 01:45:00-05:00,0.004136004070175472,0.0,8.406258410446151,7.611109101917453,4.2553494679801056e-231
2026-07-30 02:00:00-05:00,0.0033915233375438865,0.24922297268423976,8.196984892488999,8.68118386956276,4.34737140886962e-230
2026-07-30 02:15:00-05:00,0.002781049136785987,0.0,9.207224724927636,8.680515807679335,4.418780913656976e-229
2026-07-30 02:30:00-05:00,0.002280460292164509,0.6981933331739602,10.0777010631499,10.605617727348205,4.468506622445594e-228
2026-07-30 02:45:00-05:00,0.0018699774395748972,0.0,8.319867423867018,9.138304806105637,4.495795561049217e-227
2026-07-30 03:00:00-05:00,0.0015333815004514157,1.0229372902397293,10.200885778041705,9.459259407515628,4.500232111763509e-226
2026-07-30 03:15:00-05:00,0.0012573728303701607,0.19726542399415203,8.236278290749942,6.795891329266166,4.481748545431012e-225
2026-07-30 03:30:00-05:00,0.0010310457209035317,0.0,8.246173860878253,7.489563287138161,4.440626741793281e-224
2026-07-30 03:45:00-05:00,0.0008454574911408959,0.0,9.291801973997003,10.0040324704505,4.377491037053051e-223
2026-07-30 04:00:00-05:00,0.0006932751427355346,0.0,10.25135198998159,10.424013768002945,4.293292452305733e-222
2026-07-30 04:15:00-05:00,0.0005684856170431383,0.5326793164178684,9.044346367934821,6.76482221203692,4.189284859653815e-221
2026-07-30 04:30:00-05:00,0.0004661582059753734,0.16581845204729434,9.887709900467295,9.204580811985643,4.066993920792686e-220
2026-07-30 04:45:00-05:00,0.7997855313012597,0.0,10.465348437402962,9.554392731671275,3.9281798732492944e-219
2026-07-30 05:00:00-05:00,0.6558241356670329,0.09607166593555383,11.291182675415536,10.743453099791571,3.7747954321333926e-218
2026-07-30 05:15:00-05:00,0.537775791246967,0.5962840061078144,11.16470084887607,11.066627172335812,3.6089402124986384e-217
2026-07-30 05:30:00-05:00,0.44097614882251285,1.0561008985356743,10.815764233925314,9.933236475482666,3.432813154578963e-216
2026-07-30 05:45:00-05:00,0.4954741629332864,0.23096472715800942,11.515947095589008,11.885472472350822,3.2486644496424154e-215
2026-07-30 06:00:00-05:00,0.40628881360529484,0.21589542975803216,12.221910776202975,13.359737464574874,3.058748419600507e-214
2026-07-30 06:15:00-05:00,0.8555363526436401,1.3130855407068402,13.025101928589493,14.988068597977385,2.8652787032544667e-213
2026-07-30 06:30:00-05:00,0.7015398091677849,0.3170967783802927,12.642538591033432,13.100420477469207,2.670386953209434e-212
2026-07-30 06:45:00-05:00,3.7253338341053346,3.8821882285130482,11.604279309954851,11.300792451311453,2.476086059127471e-211
2026-07-30 07:00:00-05:00,3.0547737439663742,3.066197063962662,13.072102547198078,13.214296097052522,2.2842386956381168e-210
2026-07-30 07:15:00-05:00,2.5049144700524266,3.1481305332950154,13.35575004880311,12.191266341442589,2.0965317582885168e-209
2026-07-30 07:30:00-05:00,2.5066126390626637,2.8966329184833284,13.55073138062408,13.849058472811475,1.9144570098182553e-208
2026-07-30 07:45:00-05:00,2.0554223640313842,1.5157517337055257,14.398847736831014,16.423418352700303,1.7392980228939803e-207
2026-07-30 08:00:00-05:00,1.685446338505735,1.6827428588845201,14.276940905162702,15.427202275912038,1.5721232841396286e-206
2026-07-30 08:15:00-05:00,1.3820659975747027,0.8031383782726242,15.313463698808947,16.271624520674656,1.4137851263888568e-205
2026-07-30 08:30:00-05:00,1.1332941180112561,0.8854461107558202,15.573087837442051,16.378872670437957,1.264923988219199e-204
2026-07-30 08:45:00-05:00,0.92930117676923,0.17011066127993357,17.125634076730137,16.662256493514242,1.1259773666074775e-203
2026-07-30 09:00:00-05:00,0.7620269649507685,1.1872702189756927,15.418813184505757,15.350154310213531,9.971927325624807e-203
2026-07-30 09:15:00-05:00,0.6248621112596301,0.8855250445478015,15.12771115745779,14.47493019000123,8.786436212945802e-202
2026-07-30 09:30:00-05:00,0.5123869312328967,0.30627452615684636,16.52103678601882,16.645847261767173,7.702480865663354e-201
2026-07-30 09:45:00-05:00,0.42015728361097526,0.22619626725788272,17.245887189797884,17.48452147046974,6.717887203442007e-200
2026-07-30 10:00:00-05:00,0.3445289725609997,1.194629004122671,16.367807220611308,16.747687346994596,5.829334795354104e-199
2026-07-30 10:15:00-05:00,0.2825137575000197,0.294235084949098,17.846766022320438,18.009175319363404,5.032566263073403e-198
2026-07-30 10:30:00-05:00,0.23166128115001616,0.0,17.979051558540245,17.151126579737628,4.322591715718932e-197
2026-07-30 10:45:00-05:00,0.18996225054301324,0.38958341500373783,18.396998437594522,18.50201401746679,3.693883068487256e-196
2026-07-30 11:00:00-05:00,0.15576904544527084,0.0,19.53199268865513,19.006817830752738,3.1405541218825565e-195
2026-07-30 11:15:00-05:00,0.12773061726512208,0.0,19.50810963232088,18.75214300471638,2.6565233189061773e-194
2026-07-30 11:30:00-05:00,0.1047391061574001,0.24662791452799693,18.581843640034727,19.004437859185664,2.2356571076456503e-193
2026-07-30 11:45:00-05:00,0.08588606704906808,0.4719449639969099,19.359071963338323,18.73625082930734,1.8718927780919067e-192
2026-07-30 12:00:00-05:00,0.07042657498023581,0.0,19.09706440420916,17.978938287810113,1.559340485154841e-191
2026-07-30 12:15:00-05:00,0.05774979148379337,0.7342500964347158,19.38212990099214,19.303216166967747,1.292364894174759e-190
2026-07-30 12:30:00-05:00,0.04735482901671056,0.0,20.12918265916194,20.05717797325565,1.065647478940987e-189
2026-07-30 12:45:00-05:00,0.03883095979370266,0.20796292013838116,19.612067797553618,18.51211116787082,8.74230961362562e-189
2026-07-30 13:00:00-05:00,0.03184138703083618,0.5340370639498284,20.41721297322509,20.865983553620953,7.135477094905883e-188
2026-07-30 13:15:00-05:00,0.026109937365285666,0.42077454370298484,18.888212015993943,18.118045665021512,5.794341150881447e-187
2026-07-30 13:30:00-05:00,0.8941235990207065,0.4126752897848265,21.028841572680975,21.432410852752547,4.681330661674721e-186
2026-07-30 13:45:00-05:00,0.7331813511969792,1.176440876149249,20.21520878459634,18.77800670396947,3.7628662946970157e-185
2026-07-30 14:00:00-05:00,0.6012087079815229,0.9775076502527882,21.18171497144781,20.467495256765677,3.0092097990655205e-184
2026-07-30 14:15:00-05:00,0.49299114054484877,0.9710500429233211,20.974873604642248,19.895979606556985,2.394254760948756e-183
2026-07-30 14:30:00-05:00,0.40425273524677596,0.4948658431689399,20.514878297122287,20.0258266712752,1.8952760029752432e-182
2026-07-30 14:45:00-05:00,0.33148724290235626,0.0,21.255320866530607,23.434777445884986,1.4926527306557878e-181
2026-07-30 15:00:00-05:00,0.2718195391799321,0.7591444520077071,21.15136759074779,21.22004037631525,1.1695783152639578e-180
2026-07-30 15:15:00-05:00,0.22289202212754433,0.22270279118013828,20.7930226140718,20.051524952951684,9.117673730248752e-180
2026-07-30 15:30:00-05:00,0.18277145814458634,0.0,21.18841704253225,20.61650450945293,7.07168648777555e-179
2026-07-30 15:45:00-05:00,0.1498725956785608,0.0,18.752864718945485,18.734640713212627,5.456902094732522e-178
2026-07-30 16:00:00-05:00,0.12289552845641984,0.30585148248722066,19.529351096908762,18.918406205930992,4.189416482625785e-177
2026-07-30 16:15:00-05:00,0.10077433333426426,0.0,19.851755265984686,20.522964304311554,3.1999642320479086e-176
2026-07-30 16:30:00-05:00,0.08263495333409669,0.23928766777203542,18.61470316294799,18.535460698372724,2.4317611884746274e-175
2026-07-30 16:45:00-05:00,0.06776066173395928,0.0,17.012189477713246,16.86164932759068,1.8385732338299764e-174
2026-07-30 17:00:00-05:00,0.05556374262184661,0.0,18.39972396853888,18.09313195304402,1.3830094758143332e-173
2026-07-30 17:15:00-05:00,0.04556226894991421,0.032962653138727024,18.24297968932344,18.50889801394312,1.0350315541387673e-172
2026-07-30 17:30:00-05:00,0.03736106053892965,0.7471376056777548,17.830185996186717,18.283629007875046,7.706660651088541e-172
2026-07-30 17:45:00-05:00,0.030636069641922312,0.0,17.58578978017635,16.973869952805742,5.709040105864101e-171
2026-07-30 18:00:00-05:00,0.025121577106376296,0.18496292632684766,17.63659847855312,17.221440911700938,4.2076941448268516e-170
2026-07-30 18:15:00-05:00,0.02059969322722856,0.0,16.528024581796963,16.859143408984043,3.0853855781501713e-169
2026-07-30 18:30:00-05:00,0.016891748446327418,0.0,16.940260755895313,17.145094017910218,2.2509141876668057e-168
2026-07-30 18:45:00-05:00,0.013851233725988482,0.0,17.37119516269849,16.316268648707265,1.6337764955859806e-167
2026-07-30 19:00:00-05:00,0.011358011655310555,0.16734069898807272,17.408620571609934,18.94066750234315,1.1798058921962365e-166
2026-07-30 19:15:00-05:00,0.009313569557354654,0.0,16.326473089863455,16.403062477126603,8.476424335384301e-166
2026-07-30 19:30:00-05:00,0.007637127037030816,0.0,15.963033005926935,15.145953062966187,6.058973183256686e-165
2026-07-30 19:45:00-05:00,0.0062624441703652695,0.0,15.06850869324214,15.287674666175397,4.308931428271755e-164
2026-07-30 20:00:00-05:00,0.005135204219699521,0.0,14.282532974948236,13.802485345997871,3.048767787740447e-163
2026-07-30 20:15:00-05:00,0.004210867460153607,0.0,15.091982410983434,15.109054436552878,2.1461660639276118e-162
2026-07-30 20:30:00-05:00,0.0034529113173259575,0.0,13.165738673568317,13.993565976343728,1.5030952810197593e-161
2026-07-30 20:45:00-05:00,0.002831387280207285,0.0,14.283565346280046,13.274670144923244,1.0473550019483656e-160
2026-07-30 21:00:00-05:00,0.0023217375697699738,0.0,12.701823044841715,12.564546977381603,7.260817530963466e-160
2026-07-30 21:15:00-05:00,0.0019038248072113784,0.0,12.254959880476338,13.051116435363204,5.007965706612792e-159
2026-07-30 21:30:00-05:00,0.0015611363419133302,0.0,13.239744201404427,13.076713845735071,3.436539828038985e-158
2026-07-30 21:45:00-05:00,0.0012801318003689307,0.17546930993997115,11.267763551303858,10.990403498291288,2.3462032318595777e-157
2026-07-30 22:00:00-05:00,0.0010497080763025232,0.02945398749780936,11.3197135707283,10.73545553010651,1.5936541853351264e-156
2026-07-30 22:15:00-05:00,0.000860760622568069,0.16552671589597157,11.063284173786133,10.706045748039699,1.0769778179679849e-155
2026-07-30 22:30:00-05:00,0.0007058237105058165,0.7706430669132681,12.262817739623806,12.337102758288772,7.241084925288253e-155
2026-07-30 22:45:00-05:00,0.0005787754426147695,0.0,11.565200349944401,11.593957324544373,4.8437836336547184e-154
2026-07-30 23:00:00-05:00,0.000474595862944111,0.0,10.394172635305473,10.374984598651656,3.223666022005199e-153
2026-07-30 23:15:00-05:00,0.000389168607614171,0.0,10.230420307536262,12.273378453879994,2.134516713900761e-152
2026-07-30 23:30:00-05:00,0.0003191182582436202,0.04593763609846394,9.052119012511627,9.414511618668643,1.4061553052052261e-151
2026-07-30 23:45:00-05:00,0.00026167697175976854,0.1924070685880354,9.739049747189078,9.99332877628793,9.216186008823254e-151
2026-07-31 00:00:00-05:00,0.0002145751168430102,0.0,10.175870077261726,10.300861458563237,6.009708194285012e-150
2026-07-31 00:15:00-05:00,0.00017595159581126836,0.2914023676872379,10.547223614970857,10.910185403574157,3.8988789386857773e-149
2026-07-31 00:30:00-05:00,0.00014428030856524006,0.2767681756400687,8.664705319008474,9.219007583265432,2.5165776058626198e-148
2026-07-31 00:45:00-05:00,0.7700193870649104,1.0707078318748777,8.34898632776502,7.200286995799585,1.616088413820251e-147
2026-07-31 01:00:00-05:00,0.6314158973932265,0.71555495746594,8.749967293295711,8.244540337415051,1.0325334205136516e-146
2026-07-31 01:15:00-05:00,0.5177610358624457,0.8712672292587462,8.260142955909028,7.176993014462112,6.563376689549231e-146
2026-07-31 01:30:00-05:00,0.42456404940720543,0.6411332489547298,7.82577459185389,9.363882834010038,4.150828163866105e-145
2026-07-31 01:45:00-05:00,0.3481425205139084,0.0,8.620401868717646,9.243619451348678,2.611718655134353e-144
2026-07-31 02:00:00-05:00,0.2854768668214049,0.034872625273661584,8.816958425621847,9.872058491032783,1.6349415813647976e-143
2026-07-31 02:15:00-05:00,0.23409103079355198,0.5634462618721447,8.264583262352783,7.297717358674109,1.0182684770993233e-142
2026-07-31 02:30:00-05:00,1.9773205796465976,1.6927042417758178,8.44979263279336,8.064796210430764,6.3096689141609595e-142
2026-07-31 02:45:00-05:00,1.6214028753102099,1.7884308054371914,8.943813490992556,8.126422790266753,3.8898697087735025e-141
2026-07-31 03:00:00-05:00,1.329550357754372,1.206510339727085,8.80073910013343,8.791285763633173,2.3858753507783734e-140
2026-07-31 03:15:00-05:00,1.090231293358585,0.9942017815436873,9.288031957506345,9.596275413590416,1.4559439552854387e-139
2026-07-31 03:30:00-05:00,0.8939896605540396,0.9278418149385601,9.655651487986988,8.927678539563942,8.83946085340701e-139
2026-07-31 03:45:00-05:00,0.7330715216543124,1.371648077871814,8.949276138690012,9.120697358563818,5.33938341055463e-138
2026-07-31 04:00:00-05:00,0.6011186477565361,0.0,10.956415873126916,11.215822331034184,3.2087852350234136e-137
2026-07-31 04:15:00-05:00,0.4929172911603596,0.7196884316909884,8.986022188487617,9.393924396615645,1.918555668934785e-136
2026-07-31 04:30:00-05:00,0.4041921787514948,0.0,10.382622642949956,10.405379118302536,1.141280433634805e-135
2026-07-31 04:45:00-05:00,0.33143758657622574,0.3446492089811964,9.671191013702233,9.757611604123971,6.754520902268073e-135
2026-07-31 05:00:00-05:00,0.2717788209925051,0.6497886423142285,10.449153093553553,10.488674697643967,3.977232138084307e-134
2026-07-31 05:15:00-05:00,0.22285863321385418,0.011835383765208013,10.839276701991638,9.965850065659197,2.3299765066281925e-133
2026-07-31 05:30:00-05:00,2.2071601404551897,1.8585327004025838,10.552884192359386,12.380207443818284,1.3580205934722844e-132
2026-07-31 05:45:00-05:00,2.0257581180882793,1.8705467915326284,11.10672863221418,11.60602584122174,7.874906052551765e-132
2026-07-31 06:00:00-05:00,1.661121656832389,1.0380302286957659,12.16043909852197,12.674686657700528,4.543270750163927e-131
2026-07-31 06:15:00-05:00,1.3621197586025588,1.051430728556669,12.794390224424433,12.369282427699808,2.6078107306250814e-130
2026-07-31 06:30:00-05:00,1.116938202054098,1.536120561819577,11.836761940944378,13.517055582439626,1.489250412630401e-129
2026-07-31 06:45:00-05:00,0.9158893256843604,1.0209439318741462,12.71125246943699,13.264299905530393,8.461426805739277e-129
2026-07-31 07:00:00-05:00,0.7510292470611755,0.7850285198043971,12.778983217556455,12.988022103707,4.78303640837775e-128
2026-07-31 07:15:00-05:00,0.6158439825901638,0.6860064667869185,12.615962536123016,14.153210250828478,2.6899733864174803e-127
2026-07-31 07:30:00-05:00,0.5049920657239343,0.3175409524118901,14.014545004059558,14.21640404252829,1.5051385933353214e-126
2026-07-31 07:45:00-05:00,0.4140934938936261,0.6326339804464618,14.974400968168174,13.736711000646494,8.378942533819369e-126
2026-07-31 08:00:00-05:00,0.33955666499277337,0.3106337324652539,15.649142638956734,13.992046028104838,4.640728313947057e-125
2026-07-31 08:15:00-05:00,0.2784364652940742,0.04405411558035463,14.449439617484202,14.044358950164717,2.557215262156649e-124
2026-07-31 08:30:00-05:00,0.22831790154114082,0.0,15.227848180646149,14.021481483705703,1.4019503824701476e-123
2026-07-31 08:45:00-05:00,0.18722067926373545,0.43115524329787736,15.111849428536361,15.802959697429689,7.64684365728965e-123
2026-07-31 09:00:00-05:00,0.15352095699626306,0.0,16.122609024838294,14.12659778290762,4.149693211200496e-122
2026-07-31 09:15:00-05:00,0.1258871847369357,0.0,17.049542839561944,17.198688123258325,2.240443423733423e-121
2026-07-31 09:30:00-05:00,0.10322749148428727,0.0,17.22368051688347,16.656866662666282,1.2034725377003785e-120
2026-07-31 09:45:00-05:00,0.08464654301711555,0.3228474682053128,16.054175914369964,16.096687483199744,6.43165291016526e-120
2026-07-31 10:00:00-05:00,0.06941016527403475,0.1665017408271034,18.458592294216785,17.533216943823582,3.4197410840879895e-119
2026-07-31 10:15:00-05:00,0.05691633552470849,0.0,17.424892124582822,17.631802508061078,1.80903956131804e-118
2026-07-31 10:30:00-05:00,0.04667139513026096,0.7412774847976611,17.954978674861707,17.532257117393833,9.521099740127692e-118
2026-07-31 10:45:00-05:00,0.038270544006813983,0.0,18.52049744554282,19.702778159028398,4.985519013086575e-117
2026-07-31 11:00:00-05:00,0.031381846085587466,0.13369006654478102,19.176286613972916,20.639447710342854,2.5972744949761855e-116
2026-07-31 11:15:00-05:00,0.02573311379018172,0.0,19.063776820096095,17.36810957992058,1.3461998461573202e-115
2026-07-31 11:30:00-05:00,0.02110115330794901,0.0,19.229822064206825,19.342981334448417,6.942013185124534e-115
2026-07-31 11:45:00-05:00,0.5163261388020064,0.14681436837206652,20.24108924682914,20.093572647888042,3.56160328844014e-114
2026-07-31 12:00:00-05:00,0.4233874338176452,0.0,19.799877198232508,19.44254995839,1.8179831971579e-113
2026-07-31 12:15:00-05:00,0.347177695730469,0.3425123401315609,19.285828211032793,19.697222941691145,9.232480477719664e-113
2026-07-31 12:30:00-05:00,0.2846857104989846,0.0,18.446507507148798,18.28306259170616,4.664779747763144e-112
2026-07-31 12:45:00-05:00,0.23344228260916736,0.5032155320343569,19.55093556591331,18.315932109851296,2.3449203719285018e-111
2026-07-31 13:00:00-05:00,0.19142267173951721,0.4582308475203346,19.865074639651542,19.502941396267005,1.172760333284856e-110
2026-07-31 13:15:00-05:00,0.1569665908264041,0.0,20.878326189245094,20.30875229499797,5.835453982650867e-110
2026-07-31 13:30:00-05:00,0.12871260447765134,0.3924477185849766,19.802501232375043,20.15347219394035,2.888845002143109e-109
2026-07-31 13:45:00-05:00,0.9601550267006785,1.3354799521526488,20.628512759485794,22.588567117516657,1.4228464836636068e-108
2026-07-31 14:00:00-05:00,0.7873271218945563,1.0921676671140066,21.421074472401273,20.367751528426755,6.972299926133918e-108
2026-07-31 14:15:00-05:00,0.6456082399535361,0.0,19.51033408349185,19.90715840616073,3.3992122917151355e-107
2026-07-31 14:30:00-05:00,0.5293987567618996,0.0,18.90886719907494,19.130353767251147,1.648787658675889e-106
2026-07-31 14:45:00-05:00,0.43410698054475766,1.0469572423886229,20.761884340964475,19.910444912428957,7.9567438919514e-106
2026-07-31 15:00:00-05:00,0.35596772404670124,0.0,19.95670084213652,20.858472053095223,3.82023643772405e-105
2026-07-31 15:15:00-05:00,0.291893533718295,0.48746334664520286,19.588959554330877,19.825014516972686,1.8248590161125663e-104
2026-07-31 15:30:00-05:00,0.2393526976490019,0.0,20.14647853293719,20.465265685766056,8.672665664815464e-104
2026-07-31 15:45:00-05:00,0.19626921207218156,0.3601622939055965,21.009170406945184,20.707728576615132,4.1007198750165366e-103
2026-07-31 16:00:00-05:00,0.16094075389918888,0.0,19.36295242764829,18.88477957414561,1.929086996790459e-102
2026-07-31 16:15:00-05:00,0.13197141819733488,0.38780531075277425,18.106950002878463,18.90872594677216,9.028752247141233e-102
2026-07-31 16:30:00-05:00,0.1082165629218146,0.6352396788211939,18.053382571749584,17.13880913198223,4.204243584226447e-101
2026-07-31 16:45:00-05:00,0.08873758159588796,0.09323616667315382,19.426929751896044,19.605239015276616,1.947745528909716e-100
2026-07-31 17:00:00-05:00,0.07276481690862813,0.04522897032614654,18.75562926136147,18.492751562923065,8.977610801728255e-100
2026-07-31 17:15:00-05:00,0.05966714986507506,0.17217647236373781,17.910586406064205,16.983231565986014,4.1169305759937375e-99
2026-07-31 17:30:00-05:00,0.04892706288936155,0.0,19.28769580183311,18.635804306948465,1.878324074899672e-98
2026-07-31 17:45:00-05:00,0.040120191569276466,0.0,16.522946533291158,16.854501548702192,8.526125447719208e-98
2026-07-31 18:00:00-05:00,0.0328985570868067,0.9887346764231901,16.771686306485925,16.913594893942612,3.850499961560738e-97
2026-07-31 18:15:00-05:00,0.026976816811181494,0.0,15.842870717420997,15.389772344926458,1.73008220968259e-96
2026-07-31 18:30:00-05:00,0.022120989785168823,0.28005281603685445,17.627937640845985,18.53235673396408,7.73393591506653e-96
2026-07-31 18:45:00-05:00,0.018139211623838435,0.5179892305720034,15.999472016360135,16.78979488861948,3.439684502541066e-95
2026-07-31 19:00:00-05:00,0.014874153531547515,0.31764851788340676,16.105505522043035,17.18658402790434,1.52202176220983e-94
2026-07-31 19:15:00-05:00,0.012196805895868962,0.6165783711363938,15.439253307288883,15.51029982613349,6.700501771823613e-94
2026-07-31 19:30:00-05:00,0.010001380834612548,0.0,14.342673433912497,13.04012405054449,2.9347965674143774e-93
2026-07-31 19:45:00-05:00,0.008201132284382288,0.8319169549332233,15.508024522589789,15.334838293580209,1.2788891131557818e-92
2026-07-31 20:00:00-05:00,0.006724928473193476,0.0,14.868511355940218,15.65252516869074,5.544622590477945e-92
2026-07-31 20:15:00-05:00,0.44543595293700194,0.13705204795935,13.836203149153487,13.648858515478203,2.391637209546364e-91
2026-07-31 20:30:00-05:00,0.3652574814083416,0.5783932816246184,13.151449833946321,12.007635151464568,1.0263673426101421e-90
2026-07-31 20:45:00-05:00,0.2995111347548401,0.3651951622989751,14.112653696655554,13.5541173178193,4.382223871031888e-90
2026-07-31 21:00:00-05:00,0.24559913049896887,0.0,12.402622014759016,11.337062215549008,1.86153200458234e-89
2026-07-31 21:15:00-05:00,0.20139128700915446,0.45367374168718644,13.342925356336586,12.98548535681167,7.867389759302093e-89
2026-07-31 21:30:00-05:00,0.16514085534750664,0.0,13.28594025729492,13.662943927005463,3.3080726356614194e-88
2026-07-31 21:45:00-05:00,0.13541550138495542,0.0,10.88379211207598,11.42188653157623,1.3838965267367376e-87
2026-07-31 22:00:00-05:00,0.11104071113566344,0.0,11.880459824519518,12.188431433801028,5.7599194984423e-87
2026-07-31 22:15:00-05:00,0.09105338313124402,0.0,11.002576864016813,10.316751641512663,2.3851374960120603e-86
2026-07-31 22:30:00-05:00,0.07466377416762009,0.05734655877555156,10.08883157187634,10.677558880533773,9.826404503302809e-86
2026-07-31 22:45:00-05:00,0.06122429481744847,0.0,10.869418704779715,12.101514187134516,4.0277273836834235e-85
2026-07-31 23:00:00-05:00,0.05020392175030774,0.26291917855028935,9.979722920443061,10.835353534404305,1.6425163803667197e-84
2026-07-31 23:15:00-05:00,0.04116721583525234,0.24244998827424508,10.601627414340433,11.324090920149489,6.6641315711162775e-84
2026-07-31 23:30:00-05:00,0.03375711698490692,0.5400465085264045,9.166002843854317,9.413483653299684,2.6900579025827697e-83
2026-07-31 23:45:00-05:00,0.02768083592762367,0.0,8.56400482978019,8.253588389342873,1.0803485796120768e-82
2026-08-01 00:00:00-05:00,0.022698285460651408,0.0,9.401742210693287,9.26600570440611,4.3166853583742584e-82
2026-08-01 00:15:00-05:00,0.018612594077734152,0.0,9.836593759727567,9.010424641151562,1.7160150602825335e-81
2026-08-01 00:30:00-05:00,0.015262327143742004,0.2158884827082946,8.227948740693787,9.296618034263082,6.786971221104406e-81
2026-08-01 00:45:00-05:00,0.012515108257868442,0.11311153402137009,8.185882306636463,7.806686333176241,2.6706386634576214e-80
2026-08-01 01:00:00-05:00,0.09493622747185099,0.6523804631825616,9.664957956489191,9.678227203947646,1.0455347415929044e-79
2026-08-01 01:15:00-05:00,0.0778477065269178,0.0,8.683526644955897,9.051226966273212,4.0723586257611754e-79
2026-08-01 01:30:00-05:00,0.06383511935207259,0.913769999568804,8.627066712518053,8.058325416137645,1.5781118334245974e-78
2026-08-01 01:45:00-05:00,0.05234479786869952,0.9627541265796886,8.538887588221213,7.560647141570177,6.084343827454914e-78
2026-08-01 02:00:00-05:00,0.0429227342523336,0.9815085199875303,8.18187912301066,7.48381334521074,2.333855330168692e-77
2026-08-01 02:15:00-05:00,0.03519664208691355,0.5853581858176341,8.165218001985307,7.52862820596729,8.906730817894417e-77
2026-08-01 02:30:00-05:00,0.02886124651126911,0.0,8.12270499619546,7.2917883435572755,3.381792326486348e-76
2026-08-01 02:45:00-05:00,0.023666222139240668,0.0,8.064118399039396,7.70065052261542,1.2774966013702579e-75
2026-08-01 03:00:00-05:00,0.019406302154177348,0.0,9.191616793398564,9.988259554752677,4.801277241771782e-75
2026-08-01 03:15:00-05:00,0.015913167766425425,0.0,8.19186221366441,8.21950806814964,1.795304117857733e-74
2026-08-01 03:30:00-05:00,0.013048797568468848,0.0,8.66363623946611,8.57718359846232,6.67887755528502e-74
2026-08-01 03:45:00-05:00,0.010700014006144454,0.0,8.843160186310632,8.266338522855895,2.472026647270695e-73
2026-08-01 04:00:00-05:00,0.008774011485038452,0.19898541110085866,10.13187045139227,9.901971738336131,9.103052053158551e-73
2026-08-01 04:15:00-05:00,0.0071946894177315306,0.0,8.958063041134752,8.265393003149114,3.335071246841251e-72
2026-08-01 04:30:00-05:00,0.0058996453225398544,0.0,10.65048271781837,10.906988373236619,1.2156468189992763e-71
2026-08-01 04:45:00-05:00,0.00483770916448268,0.9225006523247268,9.55060379894574,8.925300439310572,4.408531331463226e-71
2026-08-01 05:00:00-05:00,0.003966921514875797,0.0,9.810864801545204,9.154237322077464,1.590613474583908e-70
2026-08-01 05:15:00-05:00,0.0032528756421981537,0.33192616394857366,10.272523787879434,10.732500315201714,5.7097828854386974e-70
2026-08-01 05:30:00-05:00,0.0026673580266024857,0.0,10.522099904739381,10.995555254574466,2.0391949345902206e-69
2026-08-01 05:45:00-05:00,0.002187233581814038,0.0,11.307247000057489,11.684481638263007,7.245729297705032e-69
2026-08-01 06:00:00-05:00,0.001793531537087511,0.22119390071245001,11.845358620565252,12.17143651876438,2.5614723809425083e-68
2026-08-01 06:15:00-05:00,0.001470695860411759,0.34588329377200727,9.64006087696757,9.40204324214796,9.009101131255796e-68
2026-08-01 06:30:00-05:00,0.0012059706055376422,0.0,11.293416803256378,10.646634517612913,3.1525171551450254e-67
2026-08-01 06:45:00-05:00,0.0009888958965408666,0.0,12.69767966695818,12.787822556054357,1.0975332012289679e-66
2026-08-01 07:00:00-05:00,0.0008108946351635105,0.0,14.557888352863003,13.507779607089107,3.801562080096762e-66
2026-08-01 07:15:00-05:00,0.0006649336008340786,0.0,13.151648934535602,13.099702934407288,1.3100585893918014e-65
2026-08-01 07:30:00-05:00,0.0005452455526839444,0.0,14.7160398102537,14.41748716406544,4.491625747569334e-65
2026-08-01 07:45:00-05:00,0.00044710135320083434,0.0,14.194032123766922,14.26123478786868,1.5321476461019924e-64
2026-08-01 08:00:00-05:00,0.0003666231096246841,0.6035324280460493,14.207774847429757,15.096328139617038,5.1997430813027254e-64
2026-08-01 08:15:00-05:00,0.00030063094989224095,0.2461383393185058,14.333590582783994,14.281730871256993,1.7556880978548265e-63
2026-08-01 08:30:00-05:00,0.00024651737891163755,0.35774406512218043,15.60545490904812,15.864885996332422,5.897895264891074e-63
2026-08-01 08:45:00-05:00,0.00020214425070754277,0.0,14.969750898944504,14.109214502160194,1.9712012186209248e-62
2026-08-01 09:00:00-05:00,0.00016575828558018508,0.0,15.44030203484998,16.88292872559429,6.554643467507025e-62
2026-08-01 09:15:00-05:00,0.00013592179417575175,0.0,17.183106275146518,17.066175832754116,2.1684599242258284e-61
2026-08-01 09:30:00-05:00,0.00011145587122411643,0.25180195516425646,15.867928776431851,15.728587888526356,7.13736552276676e-61
2026-08-01 09:45:00-05:00,9.139381440377547e-05,0.029276257914381085,16.518042313063546,15.876142579675772,2.3372689459978842e-60
2026-08-01 10:00:00-05:00,7.494292781109588e-05,0.0,16.87347700925604,16.706672925242074,7.61489029373637e-60
2026-08-01 10:15:00-05:00,6.145320080509862e-05,0.13702139770847063,16.17497575503537,17.89667064328643,2.4683277444413964e-59
2026-08-01 10:30:00-05:00,5.039162466018087e-05,0.0,18.597490869980795,19.049755385222394,7.960240891573531e-59
2026-08-01 10:45:00-05:00,4.132113222134831e-05,0.0,18.027372754754605,16.921066931199682,2.5540759521987887e-58
2026-08-01 11:00:00-05:00,3.3883328421505615e-05,0.0,18.371842423206278,19.533923067564174,8.153153471306714e-58
2026-08-01 11:15:00-05:00,2.7784329305634604e-05,0.0,20.849101331231594,22.18237259396812,2.5894148752945026e-57
2026-08-01 11:30:00-05:00,2.2783150030620375e-05,0.0,18.436638228252637,17.933995384533684,8.182045147484726e-57
2026-08-01 11:45:00-05:00,1.868218302510871e-05,0.0,19.25922874469639,18.518422248763407,2.572209372642415e-56
2026-08-01 12:00:00-05:00,1.531939008058914e-05,0.10246166240493083,20.852304508920668,21.44978091711204,8.045165323803375e-56
2026-08-01 12:15:00-05:00,1.2561899866083094e-05,0.3889290934052915,20.04980486047149,18.88449750070831,2.5035014168969757e-55
2026-08-01 12:30:00-05:00,1.0300757890188136e-05,0.504903325092017,21.32296045424034,21.783499318942994,7.75077128896761e-55
2026-08-01 12:45:00-05:00,1.115209712153141,0.7863017244047606,21.307250854863327,22.2260715062653,2.38740563163885e-54
2026-08-01 13:00:00-05:00,0.9144719639655756,2.0375465555510823,19.896086253000416,20.237744358802846,7.316303585412202e-54
2026-08-01 13:15:00-05:00,0.749867010451772,0.19747471154513663,20.869973968888498,20.523708557815677,2.2307013686972924e-53
2026-08-01 13:30:00-05:00,0.614890948570453,0.007838383604837906,20.32585500454848,19.5978986963336,6.766675675168404e-53
2026-08-01 13:45:00-05:00,0.5042105778277715,0.0,21.016613823798092,19.955260342285925,2.0421775650976096e-52
2026-08-01 14:00:00-05:00,0.41345267381877254,0.6332296205515355,19.87895485470435,19.552309996688525,6.1319111316152334e-52
2026-08-01 14:15:00-05:00,0.33903119253139347,0.6396526582287141,20.14549920746684,19.788366808597885,1.831818392215517e-51
2026-08-01 14:30:00-05:00,0.27800557787574265,0.0,21.038468217180206,21.652971991032494,5.444439674910397e-51
2026-08-01 14:45:00-05:00,0.22796457385810895,0.0,19.878857819131284,20.707223219376793,1.609934387744941e-50
2026-08-01 15:00:00-05:00,0.18693095056364933,0.0,19.574254039812843,18.534768570973156,4.736389127089479e-50
2026-08-01 15:15:00-05:00,0.15328337946219245,0.3108772538242197,19.359771674722197,21.275927162730348,1.3863432936411706e-49
2026-08-01 15:30:00-05:00,0.1256923711589978,0.0,19.207907216814117,20.277167315196305,4.0371827424040704e-49
2026-08-01 15:45:00-05:00,0.1030677443503782,0.0,20.240141947157298,18.914198128067845,1.1696885595292321e-48
2026-08-01 16:00:00-05:00,0.08451555036731012,0.05484264463125317,19.371253642937244,19.035178271628837,3.371679520748282e-48
2026-08-01 16:15:00-05:00,0.0693027513011943,0.0,19.323540941148135,21.398828034002083,9.669556287074313e-48
2026-08-01 16:30:00-05:00,0.056828256066979325,0.1557926738537484,19.725848006502844,19.956921591012474,2.7589956474706365e-47
2026-08-01 16:45:00-05:00,0.04659916997492304,0.0,18.743783541424193,17.522733618720665,7.832126561204478e-47
2026-08-01 17:00:00-05:00,0.03821131937943689,0.432158608738951,18.43510832850702,18.42482771555042,2.2120380336009962e-46
2026-08-01 17:15:00-05:00,0.03133328189113825,0.53843814256894,18.88757711811321,20.350674184229376,6.215694988157596e-46
2026-08-01 17:30:00-05:00,0.025693291150733363,0.0,17.57948332520717,17.55681746797994,1.7376848382546325e-45
2026-08-01 17:45:00-05:00,0.021068498743601356,0.0,16.46543826975152,15.716663018082185,4.8332197389761457e-45
2026-08-01 18:00:00-05:00,0.01727616896975311,0.0,17.800504397120648,18.336226326559963,1.3374768725198048e-44
2026-08-01 18:15:00-05:00,0.01416645855519755,0.0,17.518215018839115,18.176341114447652,3.682309033266232e-44
2026-08-01 18:30:00-05:00,0.01161649601526199,0.47800524748823847,16.81199662956692,16.053490211817547,1.008645133515124e-43
2026-08-01 18:45:00-05:00,0.009525526732514831,0.0,16.668732923500375,17.298053423359036,2.7487850079102147e-43
2026-08-01 19:00:00-05:00,0.007810931920662161,0.3550299221221826,16.72612139341257,17.83877642363858,7.452935475456646e-43
2026-08-01 19:15:00-05:00,0.0064049641749429715,0.0,15.433679306359286,16.282600718028615,2.0104726106666922e-42
2026-08-01 19:30:00-05:00,0.005252070623453236,0.013391460865230013,15.652745593707214,15.59610100793838,5.395766810050939e-42
2026-08-01 19:45:00-05:00,0.0043066979112316535,0.0,14.49464032238177,12.18962890931509,1.4407624984028882e-41
2026-08-01 20:00:00-05:00,0.0035314922872099557,1.0679430200379516,15.169826043369856,14.786543234814182,3.827505565197045e-41
2026-08-01 20:15:00-05:00,0.0028958236755121636,0.0,14.335479881756891,14.875631143728922,1.0116341413217519e-40
2026-08-01 20:30:00-05:00,0.002374575413919974,0.16119895557192043,15.135671979225252,14.788054599159182,2.6602064159439866e-40
2026-08-01 20:45:00-05:00,0.0019471518394143788,0.0,13.152798329064435,12.500715737973314,6.9597142233467265e-40
2026-08-01 21:00:00-05:00,0.0015966645083197906,0.437820107685215,12.660911744997835,13.716871791199273,1.8115556906294863e-39
2026-08-01 21:15:00-05:00,0.0013092648968222281,0.0,12.523702495110244,12.108624571726105,4.6913321655442415e-39
2026-08-01 21:30:00-05:00,0.001073597215394227,0.3141612803954087,12.738717623952606,11.396838613283904,1.2087177226969668e-38
2026-08-01 21:45:00-05:00,0.000880349716623266,0.23502704971462296,11.790865044679363,11.633640500921672,3.0984023107250956e-38
2026-08-01 22:00:00-05:00,0.0007218867676310781,0.0,12.221184719443436,12.702004990139752,7.901962013635969e-38
2026-08-01 22:15:00-05:00,0.000591947149457484,0.7693492795685205,12.576049519635193,11.694139668914373,2.005008781961654e-37
2026-08-01 22:30:00-05:00,0.00048539666255513687,0.051275987617004075,12.432079955983058,12.002589585472787,5.061530201485055e-37
2026-08-01 22:45:00-05:00,0.0003980252632952122,0.0,9.59710832874229,9.69418530488409,1.2712518495623039e-36
2026-08-01 23:00:00-05:00,0.000326380715902074,0.0,10.046374544621495,11.200975741601724,3.176622259808785e-36
2026-08-01 23:15:00-05:00,0.00026763218703970064,0.0,10.29782402392578,8.336790684933693,7.897393241105485e-36
2026-08-01 23:30:00-05:00,0.0002194583933725545,0.48624287443490427,11.2370088923971,10.432296587926563,1.9533774254942386e-35
2026-08-01 23:45:00-05:00,0.00017995588256549468,0.056011669246185045,9.637824427208601,7.6502031812264395,4.8069851108908345e-35
2026-08-02 00:00:00-05:00,0.00014756382370370564,0.0,8.838927446328764,8.468518652187525,1.1769109439216723e-34
2026-08-02 00:15:00-05:00,0.00012100233543703861,0.05593226208759391,9.309763296891393,10.324039322907378,2.866808196505118e-34
2026-08-02 00:30:00-05:00,2.4321580566565073,2.2581161543255366,8.215803759402664,7.77257513149086,6.947649256445515e-34
2026-08-02 00:45:00-05:00,1.9943696064583358,1.7430901965527368,9.40045021486497,9.967726408525843,1.675179483226421e-33
2026-08-02 01:00:00-05:00,1.6353830772958353,1.8231166585016902,10.155938568413504,10.632220808113404,4.018546675272489e-33
2026-08-02 01:15:00-05:00,1.341014123382585,0.6460966333738846,8.955337395226604,9.17991012849013,9.590933957937736e-33
2026-08-02 01:30:00-05:00,1.0996315811737196,0.7301001947169251,8.47102853600765,7.646986170641833,2.2773878315747428e-32
2026-08-02 01:45:00-05:00,0.90169789656245,0.9884356073011957,9.009523576487522,7.951728944198301,5.380186160021138e-32
2026-08-02 02:00:00-05:00,0.739392275181209,1.157276285313396,7.064138085487883,6.50077778433266,1.2645669348193897e-31
2026-08-02 02:15:00-05:00,0.6063016656485913,0.018316666666201686,7.91495517064862,8.09161883747211,2.9571309228849386e-31
2026-08-02 02:30:00-05:00,0.49716736583184484,1.0068847139819836,9.790917761000056,8.249939199576662,6.879921696587355e-31
2026-08-02 02:45:00-05:00,0.40767723998211275,0.40365595576344837,7.763495844917147,8.087623377028244,1.5925044325675107e-30
2026-08-02 03:00:00-05:00,0.7852743967781645,0.6035820644880847,7.898991566352377,8.413913724867944,3.6674315441716016e-30
2026-08-02 03:15:00-05:00,0.6439250053580948,0.09236324482294045,8.477525300973431,8.415498461263882,8.402869023783761e-30
2026-08-02 03:30:00-05:00,0.5280185043936377,0.9848839598852372,8.623453103201657,8.439735610853758,1.915478951967148e-29
2026-08-02 03:45:00-05:00,0.4329751736027829,0.7143934196987844,9.634355995558087,9.840617591323474,4.344215751056343e-29
2026-08-02 04:00:00-05:00,0.355039642354282,0.7529623732092722,9.389793094316278,9.314054447960595,9.802336327724741e-29
2026-08-02 04:15:00-05:00,1.2438563493333303,1.9367608406352765,9.502181318927807,9.833753896834803,2.2005539727138003e-28
2026-08-02 04:30:00-05:00,1.019962206453331,1.111687438197872,9.675864133326206,9.49810942061731,4.914944998596389e-28
2026-08-02 04:45:00-05:00,0.857163626877144,0.948560051250265,9.33518308918335,8.02908473533028,1.0921681596035016e-27
2026-08-02 05:00:00-05:00,0.702874174039258,1.1298975226500632,11.13360940697252,13.18199829323492,2.4145965297409097e-27
2026-08-02 05:15:00-05:00,0.5763568227121916,0.43692317924044033,11.687961008514698,12.120197464443415,5.311092249679095e-27
2026-08-02 05:30:00-05:00,0.4726125946239971,1.0367868071999502,11.189368232524627,11.230458726348196,1.1622708062775413e-26
2026-08-02 05:45:00-05:00,0.38754232759167756,0.5317148687365589,10.35890242824871,10.03449716588718,2.5305506003057163e-26
2026-08-02 06:00:00-05:00,0.3177847086251756,0.11317269590960821,12.75426914756917,12.427793933006678,5.481594859176527e-26
2026-08-02 06:15:00-05:00,0.26058346107264396,0.40571941033272085,11.383109097260071,10.594589861931075,1.1813621547958673e-25
2026-08-02 06:30:00-05:00,0.21367843807956804,0.2158057196297947,11.525164598200334,10.432022318233955,2.5330478037310278e-25
2026-08-02 06:45:00-05:00,0.17521631922524578,0.4507502591783916,11.944155906505465,12.158281106816409,5.403658933763948e-25
2026-08-02 07:00:00-05:00,0.25388177375151527,0.0,13.580268861485125,13.84154002276475,1.146876582225596e-24
2026-08-02 07:15:00-05:00,0.20818305447624252,0.0298098697592222,11.900700427361466,10.940283106449337,2.421751918328453e-24
2026-08-02 07:30:00-05:00,0.17071010467051886,0.0,13.902590479674839,13.62801500843463,5.0877625190038625e-24
2026-08-02 07:45:00-05:00,0.13998228582982547,0.0,14.40011481047369,15.278373584315164,1.0634283220172545e-23
2026-08-02 08:00:00-05:00,0.5932795426852705,1.4786750678528233,14.808959430060503,15.358499768581694,2.211433200453597e-23
2026-08-02 08:15:00-05:00,0.48648922500192177,0.8657109357921564,15.706830093062514,14.044323829718287,4.5753428172800527e-23
2026-08-02 08:30:00-05:00,0.39892116450157583,0.18175572095880974,15.115940464869709,15.931595419728204,9.417977889837627e-23
2026-08-02 08:45:00-05:00,0.3271153548912922,0.0,16.451085168570987,17.047080993695207,1.9287498479639178e-22
2026-08-02 09:00:00-05:00,0.26823459101085956,0.261872451883152,16.04828842697094,16.5267138843504,3.9298715455902964e-22
2026-08-02 09:15:00-05:00,0.21995236462890483,0.0,16.07660144255588,15.458689110711697,7.966453342412253e-22
2026-08-02 09:30:00-05:00,0.18036093899570194,0.337679631093019,15.710701619308958,16.23266283184874,1.606704058515628e-21
2026-08-02 09:45:00-05:00,0.14789596997647558,0.5185780918681312,17.518025170827183,18.21403545562116,3.2239698842499378e-21
2026-08-02 10:00:00-05:00,0.12127469538070997,0.0,18.376077208454983,18.5042217342837,6.436211007521448e-21
2026-08-02 10:15:00-05:00,0.09944525021218216,0.4196601841832971,17.510256161732965,17.095041824232258,1.2783617954225444e-20
2026-08-02 10:30:00-05:00,0.08154510517398937,0.0,19.40771130540841,18.977677155119782,2.5261637809256925e-20
2026-08-02 10:45:00-05:00,0.06686698624267128,0.8086651939183613,18.373778232406323,17.98375353292211,4.966534275776854e-20
2026-08-02 11:00:00-05:00,0.054830928718990445,0.0,19.276623334357545,19.8078001319535,9.714704207640061e-20
2026-08-02 11:15:00-05:00,0.044961361549572164,0.29309244352938996,18.512406753367095,18.007419352088842,1.890557707597012e-19
2026-08-02 11:30:00-05:00,0.03686831647064917,0.0,18.57886201423564,19.787951742913233,3.6604502341475215e-19
2026-08-02 11:45:00-05:00,0.03023201950593232,0.08234304325133805,20.394740208802617,18.850971805793044,7.051204120964673e-19
2026-08-02 12:00:00-05:00,0.2974642578324425,0.0,19.145985225466884,19.544667936271043,1.3513762405583902e-18
2026-08-02 12:15:00-05:00,0.24392069142260284,0.0,18.58955602239429,18.325707047328038,2.576757109154981e-18
2026-08-02 12:30:00-05:00,0.2000149669665343,0.3187672184654424,20.594085807555953,20.415860885284392,4.888266767300877e-18
2026-08-02 12:45:00-05:00,0.16401227291255813,0.6547066198463962,18.744566591723306,17.949364667542387,9.226150318955515e-18
2026-08-02 13:00:00-05:00,0.13449006378829764,0.0,19.70381838569814,20.538987723533253,1.732488519998939e-17
2026-08-02 13:15:00-05:00,0.11028185230640405,0.16411728383303925,20.91101811814142,21.9528653927151,3.236714673785798e-17
2026-08-02 13:30:00-05:00,0.09043111889125131,0.0,20.743106522655875,21.043469575848572,6.016205740688531e-17
2026-08-02 13:45:00-05:00,0.07415351749082608,0.03227689549495269,19.61249397773294,20.165516634801694,1.1125643881294176e-16
2026-08-02 14:00:00-05:00,0.06080588434247738,0.0,19.681406689868503,21.84926768869539,2.0469717131642043e-16
2026-08-02 14:15:00-05:00,0.04986082516083145,0.5241369380956836,19.560734443408258,19.361313560875903,3.7469917746990644e-16
2026-08-02 14:30:00-05:00,0.040885876631881785,0.0,20.036026283880375,19.16663464669594,6.823981645978716e-16
2026-08-02 14:45:00-05:00,0.033526418838143064,0.0,19.455146176845595,18.73574420894646,1.236451746141362e-15
2026-08-02 15:00:00-05:00,0.027491663447277312,0.0,19.90587446490752,20.20734181173135,2.2289519489569193e-15
2026-08-02 15:15:00-05:00,0.022543164026767395,0.0,20.71119245691545,21.15370825665771,3.99768390799824e-15
2026-08-02 15:30:00-05:00,0.018485394501949262,0.060611087788571445,19.202240994268426,18.61656730489379,7.133462945139202e-15
2026-08-02 15:45:00-05:00,0.015158023491598394,0.0,20.22846366091249,20.534090046623767,1.2664165549094176e-14
2026-08-02 16:00:00-05:00,0.012429579263110682,0.22214144656734658,17.77836997476533,16.4525179678334,2.236850507245117e-14
2026-08-02 16:15:00-05:00,0.01019225499575076,0.0,19.225486819431392,19.31560284185781,3.9308054859658725e-14
2026-08-02 16:30:00-05:00,0.008357649096515622,0.0,18.944965964239373,19.341820310236916,6.872430529489854e-14
2026-08-02 16:45:00-05:00,0.006853272259142809,0.0,19.226814590880174,18.845327112381977,1.1954278659334717e-13
2026-08-02 17:00:00-05:00,0.005619683252497103,0.0,19.303263145072805,19.60848443341646,2.0688099857615438e-13
2026-08-02 17:15:00-05:00,0.8695586774224148,1.4199281998479019,18.537686007419016,19.972611717175177,3.562066673900191e-13
2026-08-02 17:30:00-05:00,0.7130381154863801,0.0,18.043528972942134,17.543362320971312,6.101936677605324e-13
2026-08-02 17:45:00-05:00,0.5846912546988317,0.0,16.64336168608896,16.207720978837983,1.0399622154910405e-12
2026-08-02 18:00:00-05:00,0.4794468288530419,0.940415596728069,17.928544518837658,17.566176282671954,1.7634032482804525e-12
2026-08-02 18:15:00-05:00,0.39314639965949433,0.0,15.897671807316325,16.138778979303794,2.9748832347325366e-12
2026-08-02 18:30:00-05:00,0.3223800477207853,0.0981925318280027,16.78397799532772,15.916418036833132,4.993124830238285e-12
2026-08-02 18:45:00-05:00,0.2643516391310439,0.0,16.115129248030744,15.594842187149176,8.337947094201161e-12
2026-08-02 19:00:00-05:00,0.21676834408745602,0.0072322187895453305,15.701190491760595,16.847868107518362,1.3852560587656998e-11
2026-08-02 19:15:00-05:00,0.17775004215171392,0.0,15.915594303964792,14.533072731569833,2.289734845645553e-11
2026-08-02 19:30:00-05:00,0.1457550345644054,0.09659115700157006,15.781128260741005,15.71139780271918,3.7655163723055836e-11
2026-08-02 19:45:00-05:00,0.1195191283428124,0.0,13.828006625397515,12.633770326085818,6.16095588289684e-11
2026-08-02 20:00:00-05:00,0.09800568524110617,0.492835120874178,14.968981279614471,15.2232910153506,1.0028959313983658e-10
2026-08-02 20:15:00-05:00,0.08036466189770705,0.0,13.91183780939485,13.035129107336388,1.624231211810119e-10
2026-08-02 20:30:00-05:00,0.06589902275611978,0.0,11.99211668815153,13.353061182183726,2.617122468490453e-10
2026-08-02 20:45:00-05:00,0.054037198660018215,0.2073906743652686,13.442750677040769,14.733714874096155,4.1955070187358376e-10
2026-08-02 21:00:00-05:00,0.04431050290121493,0.6942675630180384,12.593615638601019,11.728500680304085,6.691586091292782e-10
2026-08-02 21:15:00-05:00,0.03633461237899624,0.4140411594228548,13.461454209075544,13.03567664669619,1.0618371101937899e-09
2026-08-02 21:30:00-05:00,0.029794382150776913,0.06772576868617924,13.012978550271496,13.47124951123607,1.6763740944831883e-09
2026-08-02 21:45:00-05:00,0.024431393363637068,0.08958942659293123,11.916477090555949,12.482013232882007,2.6331050999142502e-09
2026-08-02 22:00:00-05:00,0.020033742558182393,0.10294191547960059,13.333108938924147,13.613023487212182,4.114808794505261e-09
2026-08-02 22:15:00-05:00,0.016427668897709562,0.0,10.785592666775768,10.442962873776484,6.397574269770496e-09
2026-08-02 22:30:00-05:00,1.6818388355089964,1.518510215087371,10.87102056781146,9.86564180508265,9.896126203271902e-09
2026-08-02 22:45:00-05:00,1.379107845117377,1.800285430602244,10.881276568216407,10.724586391593766,1.522997974471263e-08
2026-08-02 23:00:00-05:00,1.130868432996249,0.8837648462238555,10.384350353359089,9.39961502741423,2.3319414293546032e-08
2026-08-02 23:15:00-05:00,0.9273121150569241,1.5259250018815707,9.531418246915113,9.493222063138173,3.552386103252806e-08
2026-08-02 23:30:00-05:00,0.7603959343466777,1.010077843575659,10.535564191933402,12.066880188023687,5.3840229017043767e-08
2026-08-02 23:45:00-05:00,0.6235246661642757,1.007106895976881,9.215049825394585,9.854695712349757,8.118538349144053e-08
2026-08-03 00:00:00-05:00,0.5112902262547061,0.4283120928362477,9.409823019217262,9.664410708713746,1.2179599459048413e-07
2026-08-03 00:15:00-05:00,0.41925798552885896,1.2981063232723593,11.001676702715013,10.514518065339788,1.817909996570755e-07
2026-08-03 00:30:00-05:00,0.3437915481336643,0.1552970470980554,9.122799348476322,8.85798071885622,2.699578503363014e-07
2026-08-03 00:45:00-05:00,0.2819090694696047,0.47847338475584966,9.056618259305496,9.468688948104969,3.9884463671536625e-07
2026-08-03 01:00:00-05:00,0.23116543696507585,0.6613067203266217,10.624850854196236,10.687895305690839,5.862674243520403e-07
2026-08-03 01:15:00-05:00,0.1895556583113622,0.0,8.497358617214077,8.77996236149865,8.573773029336787e-07
2026-08-03 01:30:00-05:00,0.155435639815317,0.9651384608055107,7.933434298618534,7.842324817001962,1.2474766148570112e-06
2026-08-03 01:45:00-05:00,0.12745722464855994,0.5495517476364338,9.162412650216503,8.337347157032164,1.8058307984609255e-06
2026-08-03 02:00:00-05:00,0.10451492421181914,0.03191556439597365,8.759530429560186,8.550107730981544,2.600793733134687e-06
2026-08-03 02:15:00-05:00,0.08570223785369169,0.17093782369518123,8.030887957933249,9.148701698710273,3.726653172078671e-06
2026-08-03 02:30:00-05:00,0.07027583504002718,0.49271322794116956,9.252749016294148,8.087911744914695,5.312711762852749e-06
2026-08-03 02:45:00-05:00,0.057626184732822286,0.0,9.544727206561767,9.178969325294117,7.535251360782937e-06
2026-08-03 03:00:00-05:00,0.04725347148091427,0.955150979898677,9.30331016688799,8.699943380114284,1.0633186855887015e-05
2026-08-03 03:15:00-05:00,0.0387478466143497,0.4136790876363586,8.04263240508615,7.427953089380659,1.4928403298804427e-05
2026-08-03 03:30:00-05:00,0.03177323422376675,0.0,10.028785111918635,9.021211219585474,2.0851988876891753e-05
2026-08-03 03:45:00-05:00,0.026054052063488736,0.0,10.40944704900395,10.173938827297544,2.89778274286711e-05
2026-08-03 04:00:00-05:00,0.02136432269206076,0.5433635373564546,9.913748978735413,10.504965127407278,4.006529739295107e-05
2026-08-03 04:15:00-05:00,0.01751874460748982,0.0632709194885487,9.848708726686137,9.37597456426526,5.5113137010524554e-05
2026-08-03 04:30:00-05:00,0.014365370578141653,0.03572911752874694,9.553746846723522,10.968923735424022,7.542687313854292e-05
2026-08-03 04:45:00-05:00,0.011779603874076155,0.0,10.969584045403947,11.792061609015825,0.0001027025646196554
2026-08-03 05:00:00-05:00,0.009659275176742447,0.0,9.56739620694852,9.74061436459884,0.0001391299679019004
2026-08-03 05:15:00-05:00,0.007920605644928806,0.0,10.197288889945542,9.954805305533885,0.00018751857457483814
2026-08-03 05:30:00-05:00,0.00649489662884162,0.8064631054766721,9.083578302336749,6.471240300436184,0.000251450273885487
2026-08-03 05:45:00-05:00,0.005325815235650128,0.48736296047944627,11.657701341070828,11.49651520077021,0.00033546262790251185
2026-08-03 06:00:00-05:00,0.004367168493233105,0.3264746165652237,11.93217018720037,10.952070989896944,0.0004452668757848571
2026-08-03 06:15:00-05:00,0.0035810781644511455,0.0,11.889647690388184,12.952957407740092,0.000588004762737889
2026-08-03 06:30:00-05:00,0.002936484094849939,0.5403688007610481,12.975146462303002,11.771365489190545,0.0007725480685016704
2026-08-03 06:45:00-05:00,0.00240791695777695,0.5241305260972379,12.650635542051447,11.961864724046139,0.0010098442341126815
2026-08-03 07:00:00-05:00,0.001974491905377099,0.35997660369286216,14.092897314999718,13.556200331497687,0.001313310695217958
2026-08-03 07:15:00-05:00,0.001619083362409221,0.0,13.633818784322179,14.611794195109866,0.001699279365552657
2026-08-03 07:30:00-05:00,0.0013276483571755611,0.0,13.955850907638764,12.753874901709862,0.002187491118182885
2026-08-03 07:45:00-05:00,0.28752978149297,1.1591510613916765,13.907448062014867,13.538810954603383,0.002801638034848487
2026-08-03 08:00:00-05:00,0.23577442082423536,0.2935149023469207,14.68654670824227,16.11970935603543,0.003569948597931887
2026-08-03 08:15:00-05:00,0.193335025075873,0.3543430651907694,14.989961354479789,15.286057995911811,0.004525807866766722
2026-08-03 08:30:00-05:00,0.15853472056221585,0.4417066692666513,15.134386288203348,13.910610592766007,0.005708401017279357
2026-08-03 08:45:00-05:00,0.12999847086101698,0.0,15.843380725857255,15.459410843274025,0.007163364470919217
2026-08-03 09:00:00-05:00,0.10659874610603393,0.0,15.933310653190448,15.73015117867405,0.008943424274249157
2026-08-03 09:15:00-05:00,0.08741097180694782,0.1533109955378025,17.14876660601748,16.616448303694295,0.011108996538242306
2026-08-03 09:30:00-05:00,0.07167699688169721,0.04257362111636263,17.499230854146504,17.052719525028138,0.013728719779475018
2026-08-03 09:45:00-05:00,0.058775137442991704,0.5583415963714221,17.70186745882133,17.47709660237115,0.01687988414878991
2026-08-03 10:00:00-05:00,0.0481956127032532,0.051211458023074814,17.952685283743023,17.890511774905956,0.020648718062161137
2026-08-03 10:15:00-05:00,0.03952040241666762,0.40564726352727504,17.58113864648024,18.876136414048776,0.025130488985274403
2026-08-03 10:30:00-05:00,0.032406729981667444,0.0,17.68048853159939,17.34501816011992,0.030429372427211904
2026-08-03 10:45:00-05:00,0.0265735185849673,0.37768554927150144,18.073439569221556,19.062803865037992,0.036658041953378
2026-08-03 11:00:00-05:00,0.021790285239673187,0.10224294870321551,18.38974662619825,17.917636323385114,0.04393693362340742
2026-08-03 11:15:00-05:00,0.017868033896532014,0.0,18.28543122256272,16.889871386152862,0.0523931410698256
2026-08-03 11:30:00-05:00,0.014651787795156251,0.0,18.964070337334622,19.151591536914683,0.062158902788275884
2026-08-03 11:45:00-05:00,0.012014465992028125,0.18919209976915033,19.804027222651754,19.399803261454323,0.0733696513683829
2026-08-03 12:00:00-05:00,0.009851862113463061,0.0,19.713741320081915,19.225901378247585,0.08616160551084374
2026-08-03 12:15:00-05:00,0.00807852693303971,0.0,19.7306743294674,21.179510678698726,0.10066889977289781
2026-08-03 12:30:00-05:00,0.006624392085092562,0.32606190753685754,18.577307441651982,18.95604172581198,0.1170202639221434
2026-08-03 12:45:00-05:00,0.005432001509775901,0.0,21.520648294127945,22.073547755723908,0.1353352832366127
2026-08-03 13:00:00-05:00,0.004454241238016238,0.0,20.560536520613514,20.35511664833086,0.15572029254970432
2026-08-03 13:15:00-05:00,0.19376234737292172,0.0,20.67240807593083,21.112510045795442,0.17826397958504792
2026-08-03 13:30:00-05:00,0.1588851248457958,0.0,19.998656405840364,20.249482059155454,0.2030327962511379
2026-08-03 13:45:00-05:00,0.13028580237355256,0.1610999067365418,20.892785359532194,20.170233808843903,0.23006629899380912
2026-08-03 14:00:00-05:00,0.10683435794631309,0.0,18.646175184268824,17.727144831977874,0.2593725598319191
2026-08-03 14:15:00-05:00,0.08760417351597673,0.0,20.681388250752605,20.95813556363988,0.2909238070461482
2026-08-03 14:30:00-05:00,0.07183542228310091,0.07244584293626206,18.981985676205582,19.116875211035282,0.32465246735834974
2026-08-03 14:45:00-05:00,0.05890504627214275,0.4591186777263457,19.75584719904054,20.57670411136001,0.360447788597821
2026-08-03 15:00:00-05:00,0.04830213794315705,0.0,19.19162419547738,19.68076142218685,0.39815322221381255
2026-08-03 15:15:00-05:00,0.03960775311338877,0.0,20.947164849919325,22.321550337255395,0.43756473770026916
2026-08-03 15:30:00-05:00,0.032478357552978794,0.0,20.09914956838285,19.34821650238578,0.4784302254949056
2026-08-03 15:45:00-05:00,0.02663225319344261,0.0,19.24449947310797,19.172586725522457,0.5204501210207021
2026-08-03 16:00:00-05:00,0.021838447618622938,0.0,17.92756380272302,18.014999139972456,0.5632793505016535
2026-08-03 16:15:00-05:00,0.01790752704727081,0.47370129204943023,19.87939965324133,20.574701903473073,0.6065306597126334
2026-08-03 16:30:00-05:00,0.014684172178762061,0.0,18.501855611853806,17.40385152003435,0.6497793410859595
2026-08-03 16:45:00-05:00,0.012041021186584889,0.7663759135147147,18.384406359680085,17.485562770964556,0.6925693242051978
2026-08-03 17:00:00-05:00,0.009873637372999608,0.5665904503831761,18.330147968325495,18.279737716831136,0.7344205416668584
2026-08-03 17:15:00-05:00,0.008096382645859677,0.0,18.40515441234428,18.34390161276515,0.7748374288832494
2026-08-03 17:30:00-05:00,0.006639033769604935,0.23982041607894974,19.365712906093083,19.38534521718903,0.8133183651298457
2026-08-03 17:45:00-05:00,0.005444007691076047,0.0,17.55334257086467,18.42063627520455,0.8493658165683124
2026-08-03 18:00:00-05:00,0.004464086306682358,0.0,17.158898125593677,16.01432916347999,0.8824969025845955
2026-08-03 18:15:00-05:00,0.0036605507714795337,0.0,16.631791160016164,15.757836317267026,0.9122540768285452
2026-08-03 18:30:00-05:00,3.904492195672801,3.7843866611254917,16.413980405626226,16.589728438038215,0.9382155957191078
2026-08-03 18:45:00-05:00,3.2016836004516964,3.297346568332034,17.042760633595766,17.85744679987559,0.9600054412854777
2026-08-03 19:00:00-05:00,2.625380552370391,2.760222644774493,17.161800234412084,16.999789272085305,0.9773023728519782
2026-08-03 19:15:00-05:00,2.1528120529437205,2.5746565297451514,14.803338150263063,15.519310419021371,0.9898478033787338
2026-08-03 19:30:00-05:00,1.7653058834138506,1.2559355254581646,14.781456644678512,15.318999779853467,0.9974522306792805
2026-08-03 19:45:00-05:00,1.4475508243993573,2.6054651669063853,14.428631793835573,15.42698926766988,1.0
2026-08-03 20:00:00-05:00,1.186991676007473,0.14991601998074722,13.327044327352505,12.276830531829308,0.9974522306792805
2026-08-03 20:15:00-05:00,0.9733331743261279,0.5967496881063533,14.388392882696143,14.451500912323894,0.9898478033787338
2026-08-03 20:30:00-05:00,0.7981332029474248,1.0727476892798609,14.077615219851408,13.829418871395616,0.9773023728519782
2026-08-03 20:45:00-05:00,0.6544692264168883,0.0,13.314169770584229,11.498470960311874,0.9600054412854777
2026-08-03 21:00:00-05:00,0.5366647656618484,1.1067732251321354,12.279956113543328,12.539515473547615,0.9382155957191078
2026-08-03 21:15:00-05:00,0.4400651078427157,0.0,12.924411662335796,12.883010965055853,0.9122540768285452
2026-08-03 21:30:00-05:00,0.3608533884310268,0.5193109143539487,13.248082470844183,12.62989500709206,0.8824969025845955
2026-08-03 21:45:00-05:00,0.29589977851344196,0.1339797789876371,11.02243135049043,10.670299805138653,0.8493658165683124
2026-08-03 22:00:00-05:00,0.24263781838102239,0.03309384682428068,11.982379172426864,12.590623072227999,0.8133183651298457
2026-08-03 22:15:00-05:00,0.19896301107243836,0.0,11.681045397333508,12.636363300136015,0.7748374288832494
2026-08-03 22:30:00-05:00,0.16314966907939943,0.0,10.51333513132565,10.731899482110206,0.7344205416668584
2026-08-03 22:45:00-05:00,0.1337827286451075,0.0,11.162862231392454,10.705573208367163,0.6925693242051978
2026-08-03 23:00:00-05:00,0.10970183748898815,0.0,10.40437884222262,10.628468538284773,0.6497793410859595
2026-08-03 23:15:00-05:00,0.08995550674097028,0.378054721756661,10.042865632757643,10.212563150776987,0.6065306597126334
2026-08-03 23:30:00-05:00,0.07376351552759562,0.0018033637601939378,11.169215978423358,11.025713045648049,0.5632793505016535
2026-08-03 23:45:00-05:00,0.6701256161247213,0.9522185258870954,8.945113564172514,9.249851990333603,0.5204501210207021
2026-08-04 00:00:00-05:00,0.5495030052222715,0.4902156848167289,10.247153335038721,10.437680796587085,0.4784302254949056
2026-08-04 00:15:00-05:00,0.4505924642822626,0.5650291376610767,8.555859539179233,7.895610105202551,0.43756473770026916
2026-08-04 00:30:00-05:00,0.3694858207114553,0.4196526832470403,7.6552633359678115,7.350651982550636,0.39815322221381255
2026-08-04 00:45:00-05:00,0.3029783729833933,0.8218292848198325,8.228714956679688,8.566242870394554,0.360447788597821
2026-08-04 01:00:00-05:00,0.2484422658463825,0.5279563011188327,8.588990880165618,8.863472984738706,0.32465246735834974
2026-08-04 01:15:00-05:00,1.3155762746869437,1.422473264567909,8.6465961850047,8.560313378834023,0.2909238070461482
2026-08-04 01:30:00-05:00,1.0787725452432937,0.6592074797741265,9.522581228800616,9.56362903452947,0.2593725598319191
2026-08-04 01:45:00-05:00,0.9642221607053207,1.2335189200269214,9.39924723865474,9.34072363796016,0.23006629899380912
2026-08-04 02:00:00-05:00,0.790662171778363,0.791895058395063,8.466127653620253,6.977012636040793,0.2030327962511379
2026-08-04 02:15:00-05:00,0.6483429808582576,0.8160702038533312,9.321816708392223,10.267750254157615,0.17826397958504792
2026-08-04 02:30:00-05:00,0.5316412443037712,0.18580941268922385,9.968434024631044,9.154953062788254,0.15572029254970432
2026-08-04 02:45:00-05:00,0.4359458203290924,0.11547245744156504,8.746405035026642,9.723344413529244,0.1353352832366127
2026-08-04 03:00:00-05:00,0.35747557266985575,0.7837234123636503,8.58491425002139,8.852842493650542,0.1170202639221434
2026-08-04 03:15:00-05:00,0.29312996958928167,0.7685388993787051,9.048422514190655,9.496341617482141,0.10066889977289781
2026-08-04 03:30:00-05:00,0.24036657506321096,0.0,10.23288940514334,10.801845555135348,0.08616160551084374
2026-08-04 03:45:00-05:00,0.197100591551833,0.08886651486824292,8.610690175442144,7.960004437835272,0.0733696513683829
2026-08-04 04:00:00-05:00,0.16162248507250304,0.5524520902150793,9.428964900747266,9.444909001499829,0.062158902788275884
2026-08-04 04:15:00-05:00,0.13253043775945247,0.0,9.58997142879032,8.858885299162022,0.0523931410698256
2026-08-04 04:30:00-05:00,0.10867495896275102,1.0373424505020923,9.541350143884776,10.21488537076715,0.04393693362340742
2026-08-04 04:45:00-05:00,0.25169666359590975,0.10367752245009851,9.572342203890623,8.186539856554692,0.036658041953378
2026-08-04 05:00:00-05:00,0.20639126414864598,0.0,9.107539418928472,9.273477466621614,0.030429372427211904
2026-08-04 05:15:00-05:00,0.16924083660188968,0.2497170432540638,10.455730907493088,10.835954234270652,0.025130488985274403
2026-08-04 05:30:00-05:00,0.13877748601354953,0.1922832796621794,11.408543920923925,11.605389904494205,0.020648718062161137
2026-08-04 05:45:00-05:00,0.1137975385311106,0.2129058998315957,11.329536387605515,12.160728158622062,0.01687988414878991
2026-08-04 06:00:00-05:00,0.09331398159551069,0.0,11.512122052137336,11.696551760655705,0.013728719779475018
2026-08-04 06:15:00-05:00,0.07651746490831876,0.0,12.964272005959389,13.487720973357298,0.011108996538242306
2026-08-04 06:30:00-05:00,0.06274432122482138,0.42388707719244917,13.41060374960986,11.87468117562636,0.008943424274249157
2026-08-04 06:45:00-05:00,0.051450343404353525,0.0,12.446252199875737,11.196211939671572,0.007163364470919217
2026-08-04 07:00:00-05:00,0.042189281591569885,0.0,13.347347269736774,12.946795265022544,0.005708401017279357
2026-08-04 07:15:00-05:00,0.034595210905087305,0.38899079947591136,12.87352214726742,14.236046809430286,0.004525807866766722
2026-08-04 07:30:00-05:00,0.02836807294217159,0.0,13.690079291795657,12.945518366273971,0.003569948597931887
2026-08-04 07:45:00-05:00,0.0232618198125807,0.2275136663737558,13.307243011397572,15.755879828499772,0.002801638034848487
2026-08-04 08:00:00-05:00,0.019074692246316173,0.0,14.551803315689368,15.197955600187234,0.002187491118182885
2026-08-04 08:15:00-05:00,0.015641247641979262,0.12254520743813127,15.377394569689939,14.981639031553508,0.001699279365552657
2026-08-04 08:30:00-05:00,0.5961379694405775,0.001120156878120726,16.265363107770504,17.152137814252693,0.001313310695217958
2026-08-04 08:45:00-05:00,0.4888331349412735,0.12519155045004066,16.245653639734417,16.146654527248817,0.0010098442341126815
2026-08-04 09:00:00-05:00,0.40084317065184427,0.7374312104290166,14.69689323622732,14.678069819541133,0.0007725480685016704
2026-08-04 09:15:00-05:00,0.3286913999345123,0.0,16.523489414988124,17.36149074777373,0.000588004762737889
2026-08-04 09:30:00-05:00,1.5308375545900927,1.8268128803841792,17.132918501875324,17.58864326482993,0.0004452668757848571
2026-08-04 09:45:00-05:00,1.255286794763876,1.1999055796996938,17.86139907704523,17.83297722249654,0.00033546262790251185
2026-08-04 10:00:00-05:00,1.0293351717063781,0.9946479112780975,17.140872367466148,17.231935194985628,0.000251450273885487
2026-08-04 10:15:00-05:00,0.84405484079923,1.9146648628040062,17.45091608447375,17.46755738075671,0.00018751857457483814
2026-08-04 10:30:00-05:00,0.6921249694553685,0.9950651883028485,17.43423315653587,17.42127641584731,0.0001391299679019004
2026-08-04 10:45:00-05:00,0.5675424749534022,1.5631629045717763,17.787982114435366,17.44439482146558,0.0001027025646196554
2026-08-04 11:00:00-05:00,0.4653848294617897,0.6495349643671218,19.793604284714732,20.084534159404175,7.542687313854292e-05
2026-08-04 11:15:00-05:00,0.38161556015866754,0.012027187903090875,19.199554296393096,18.085795474939196,5.5113137010524554e-05
2026-08-04 11:30:00-05:00,0.3129247593301074,0.6689110338726494,19.688622389700836,20.575243383338954,4.006529739295107e-05
2026-08-04 11:45:00-05:00,0.25659830265068806,0.0,18.87646039687844,18.52977699547861,2.89778274286711e-05
2026-08-04 12:00:00-05:00,0.2104106081735642,0.6799862661662083,20.266446827016743,18.98505781367316,2.0851988876891753e-05
2026-08-04 12:15:00-05:00,0.17253669870232263,0.5900476304913282,19.372396105873094,19.39034431735815,1.4928403298804427e-05
2026-08-04 12:30:00-05:00,0.14148009293590455,0.2595829630236479,19.412081597218435,19.855847190881768,1.0633186855887015e-05
2026-08-04 12:45:00-05:00,0.11601367620744173,0.4727313525544271,19.462253017005878,20.254642271550704,7.535251360782937e-06
2026-08-04 13:00:00-05:00,0.09513121449010221,0.18393584286130166,20.738378389319426,20.123325111502187,5.312711762852749e-06
2026-08-04 13:15:00-05:00,0.07800759588188381,0.0,20.851644525585403,20.931735848685467,3.726653172078671e-06
2026-08-04 13:30:00-05:00,0.06396622862314473,0.2241474386128588,21.56300377707568,21.376828415751483,2.600793733134687e-06
2026-08-04 13:45:00-05:00,0.052452307470978676,0.28235475235189,18.549311633609413,18.430333676129823,1.8058307984609255e-06
2026-08-04 14:00:00-05:00,0.04301089212620251,0.32897515501127167,20.739354447800146,19.402843836100878,1.2474766148570112e-06
2026-08-04 14:15:00-05:00,0.03526893154348606,0.38213105927821667,19.868541437203845,19.270954882513763,8.573773029336787e-07
2026-08-04 14:30:00-05:00,0.028920523865658566,0.15515761537247813,21.14061117703143,21.988669555296475,5.862674243520403e-07
2026-08-04 14:45:00-05:00,0.023714829569840022,0.27305634935054435,19.148970199524616,19.333401386906885,3.9884463671536625e-07
2026-08-04 15:00:00-05:00,0.019446160247268817,0.6715985750149155,20.515203069489505,18.67945933640764,2.699578503363014e-07
2026-08-04 15:15:00-05:00,0.01594585140276043,0.0,20.322382751759836,18.977338821819405,1.817909996570755e-07
2026-08-04 15:30:00-05:00,0.013075598150263552,0.0,19.138925762745856,19.04245529209895,1.2179599459048413e-07
2026-08-04 15:45:00-05:00,0.010721990483216112,0.0,20.1940920833181,20.481680771027946,8.118538349144053e-08
2026-08-04 16:00:00-05:00,0.00879203219623721,0.2473962312006332,19.859612510018856,18.971374033792806,5.3840229017043767e-08
2026-08-04 16:15:00-05:00,0.007209466400914512,0.09682612913184203,18.873389806530117,19.976071154053447,3.552386103252806e-08
2026-08-04 16:30:00-05:00,0.005911762448749899,0.0,19.757300135819065,20.057691950249865,2.3319414293546032e-08
2026-08-04 16:45:00-05:00,0.004847645207974917,0.0,18.046312231000034,19.016064898864535,1.522997974471263e-08
2026-08-04 17:00:00-05:00,0.003975069070539431,0.0,19.1560232756098,18.595338723739115,9.896126203271902e-09
2026-08-04 17:15:00-05:00,0.0032595566378423335,0.0,18.454794198058117,20.301949841514322,6.397574269770496e-09
2026-08-04 17:30:00-05:00,0.0026728364430307133,0.21600616278013554,17.84003170074094,18.59825407402949,4.114808794505261e-09
2026-08-04 17:45:00-05:00,0.002191725883285185,0.8051206902381306,19.342943582525987,20.793904656821855,2.6331050999142502e-09
2026-08-04 18:00:00-05:00,0.0017972152242938515,0.026210233761702836,17.006250729369153,16.355031760903465,1.6763740944831883e-09
2026-08-04 18:15:00-05:00,0.0014737164839209581,0.0,16.16124904885266,16.65287310198079,1.0618371101937899e-09
2026-08-04 18:30:00-05:00,0.0012084475168151856,0.0,16.634217725758152,15.911191236418892,6.691586091292782e-10
2026-08-04 18:45:00-05:00,0.000990926963788452,0.0,16.336552724841418,15.341514147919796,4.1955070187358376e-10
2026-08-04 19:00:00-05:00,0.0008125601103065307,0.0,15.312329553094806,15.552090700086122,2.617122468490453e-10
2026-08-04 19:15:00-05:00,0.0006662992904513551,0.0,14.89307688224618,14.979806766669839,1.624231211810119e-10
2026-08-04 19:30:00-05:00,0.0005463654181701111,0.407315998496363,14.36567082199355,15.459083179563907,1.0028959313983658e-10
2026-08-04 19:45:00-05:00,0.0004480196428994911,0.33330495277528116,14.917316213080417,14.031490910549097,6.16095588289684e-11
2026-08-04 20:00:00-05:00,0.00036737610717758266,0.0,14.580344773051479,14.801706346611148,3.7655163723055836e-11
2026-08-04 20:15:00-05:00,0.00030124840788561775,0.25970133767766374,14.653340911389936,15.312619775975712,2.289734845645553e-11
2026-08-04 20:30:00-05:00,0.0002470236944662065,0.0,13.444523597633001,13.268162987068878,1.3852560587656998e-11
2026-08-04 20:45:00-05:00,0.00020255942946228932,0.30069428315124863,12.187281910313594,11.568223507848472,8.337947094201161e-12
2026-08-04 21:00:00-05:00,0.00016609873215907723,0.3256100761569001,12.294633911221638,11.87628428080565,4.993124830238285e-12
2026-08-04 21:15:00-05:00,0.00013620096037044333,0.0,13.482866859219293,12.836887594374065,2.9748832347325366e-12
2026-08-04 21:30:00-05:00,0.00011168478750376353,0.0,12.150204201854539,12.728568296446602,1.7634032482804525e-12
2026-08-04 21:45:00-05:00,9.158152575308609e-05,0.0,11.850111752784638,12.808050136056249,1.0399622154910405e-12
2026-08-04 22:00:00-05:00,7.50968511175306e-05,0.06554471253567794,12.268503343911277,11.525608092728726,6.101936677605324e-13
2026-08-04 22:15:00-05:00,6.157941791637508e-05,0.0,11.235462421648869,11.660435714175263,3.562066673900191e-13
2026-08-04 22:30:00-05:00,5.049512269142756e-05,0.0,11.04386310641605,10.860483021275959,2.0688099857615438e-13
2026-08-04 22:45:00-05:00,4.140600060697059e-05,0.0,10.325068020667185,10.175062256758693,1.1954278659334717e-13
2026-08-04 23:00:00-05:00,3.395292049771588e-05,0.0,11.739418343269666,11.657791248852483,6.872430529489854e-14
2026-08-04 23:15:00-05:00,2.784139480812702e-05,0.2122458373459296,10.370905564661237,9.830868089651155,3.9308054859658725e-14
2026-08-04 23:30:00-05:00,2.2829943742664157e-05,0.2106421693404603,10.79476869014945,10.104889252414909,2.236850507245117e-14
2026-08-04 23:45:00-05:00,1.872055386898461e-05,0.0,8.371654413528328,8.064531727652748,1.2664165549094176e-14
2026-08-05 00:00:00-05:00,1.5350854172567377e-05,0.0,10.244941384746825,10.71948231699947,7.133462945139202e-15
2026-08-05 00:15:00-05:00,1.258770042150525e-05,0.0,8.882207145247412,8.628773598115677,3.99768390799824e-15
2026-08-05 00:30:00-05:00,1.0321914345634303e-05,0.7201073869105301,9.253806850251781,8.270224397173862,2.2289519489569193e-15
2026-08-05 00:45:00-05:00,8.463969763420129e-06,0.07970497063614618,9.623185535072112,9.414475958993263,1.236451746141362e-15
2026-08-05 01:00:00-05:00,6.940455206004505e-06,0.0,8.29453790483401,6.571382304590523,6.823981645978716e-16
2026-08-05 01:15:00-05:00,5.6911732689236935e-06,0.0,8.127900748261098,7.457392889283255,3.7469917746990644e-16
2026-08-05 01:30:00-05:00,4.666762080517428e-06,0.6167597126054338,8.944566506397582,9.524117022900137,2.0469717131642043e-16
2026-08-05 01:45:00-05:00,3.826744906024291e-06,0.1264604832192745,8.741354314809572,8.593504761256355,1.1125643881294176e-16
2026-08-05 02:00:00-05:00,3.137930822939919e-06,0.5626097944504195,10.265185704876123,10.784999608694395,6.016205740688531e-17
2026-08-05 02:15:00-05:00,2.573103274810733e-06,0.428153024694406,9.167213026325589,9.586186551999212,3.236714673785798e-17
2026-08-05 02:30:00-05:00,2.109944685344801e-06,0.0,7.965194793089999,7.53407886123209,1.732488519998939e-17
2026-08-05 02:45:00-05:00,1.7301546419827366e-06,0.0,9.669683974975618,10.656595151900733,9.226150318955515e-18
2026-08-05 03:00:00-05:00,1.418726806425844e-06,0.0,8.916423938105492,10.160021321611497,4.888266767300877e-18
2026-08-05 03:15:00-05:00,1.163355981269192e-06,0.0,9.256188746515972,8.346322474720129,2.576757109154981e-18
2026-08-05 03:30:00-05:00,9.539519046407373e-07,0.34895469906647736,9.007287729403222,8.222038534870642,1.3513762405583902e-18
2026-08-05 03:45:00-05:00,7.822405618054045e-07,0.49331711860287675,8.96819283490879,8.690015097618428,7.051204120964673e-19
2026-08-05 04:00:00-05:00,6.414372606804317e-07,0.1422037613890409,10.169704339224168,11.773261450196658,3.6604502341475215e-19
2026-08-05 04:15:00-05:00,5.259785537579539e-07,0.06173361788318945,10.358195913305904,10.357763661352058,1.890557707597012e-19
2026-08-05 04:30:00-05:00,4.313024140815222e-07,0.09779753902634201,9.954942319206587,8.62744087496591,9.714704207640061e-20
2026-08-05 04:45:00-05:00,3.5366797954684817e-07,0.0,9.072813256548534,9.465432153355058,4.966534275776854e-20
2026-08-05 05:00:00-05:00,2.9000774322841546e-07,0.0,10.191447214554604,8.014301188615635,2.5261637809256925e-20
2026-08-05 05:15:00-05:00,2.3780634944730066e-07,0.0,10.209539477561277,9.166171010417852,1.2783617954225444e-20
2026-08-05 05:30:00-05:00,1.9500120654678652e-07,0.25036160996149065,11.201371979117926,11.161547029201682,6.436211007521448e-21
2026-08-05 05:45:00-05:00,1.5990098936836495e-07,0.024034821368780563,11.392133991517516,10.232221224639884,3.2239698842499378e-21
2026-08-05 06:00:00-05:00,1.3111881128205925e-07,0.0,11.202124405002664,11.657485928808914,1.606704058515628e-21
2026-08-05 06:15:00-05:00,0.25754931515397883,0.0,12.528829560846793,13.330426444601775,7.966453342412253e-22
2026-08-05 06:30:00-05:00,0.21119043842626262,0.0,12.515604313249636,12.392774072925995,3.9298715455902964e-22
2026-08-05 06:45:00-05:00,0.17317615950953533,0.0,11.728118190623782,12.7901840816028,1.9287498479639178e-22
2026-08-05 07:00:00-05:00,0.14200445079781895,0.3430304810688204,11.968854936718675,11.792538784991567,9.417977889837627e-23
2026-08-05 07:15:00-05:00,0.7281153952771696,1.0873531599556387,12.9074305143956,13.924465347560329,4.5753428172800527e-23
2026-08-05 07:30:00-05:00,0.597054624127279,0.0,14.679417245902597,14.683235694847799,2.211433200453597e-23
2026-08-05 07:45:00-05:00,0.4895847917843688,0.0,14.130422585090573,12.917977795653135,1.0634283220172545e-23
2026-08-05 08:00:00-05:00,0.4014595292631824,0.0,15.295794290357023,15.39679138987416,5.0877625190038625e-24
2026-08-05 08:15:00-05:00,0.3347998262334783,0.0,15.250661697234083,13.620045493727847,2.421751918328453e-24
2026-08-05 08:30:00-05:00,0.2745358575114522,0.9614348806043724,16.11543929208047,16.340468241190443,1.146876582225596e-24
2026-08-05 08:45:00-05:00,0.2251194031593908,0.0,15.63371763027915,14.004658345544444,5.403658933763948e-25
2026-08-05 09:00:00-05:00,0.18459791059070044,0.3438304047228442,16.092485453812092,16.155001259745692,2.5330478037310278e-25
2026-08-05 09:15:00-05:00,0.15137028668437436,0.0,16.230778344407117,16.25865777060493,1.1813621547958673e-25
2026-08-05 09:30:00-05:00,0.12412363508118697,0.0,16.948977849548,18.303195935743386,5.481594859176527e-26
2026-08-05 09:45:00-05:00,0.10178138076657331,0.010254463001003994,16.64472251210068,17.025592627037568,2.5305506003057163e-26
2026-08-05 10:00:00-05:00,0.08346073222859011,0.02367107077386356,16.767617118209525,16.81180027197886,1.1622708062775413e-26
2026-08-05 10:15:00-05:00,0.06843780042744389,0.0,17.313424718213216,17.69965812015736,5.311092249679095e-27
2026-08-05 10:30:00-05:00,0.05611899635050399,0.3456418466714858,17.476902808136543,17.375347682389407,2.4145965297409097e-27
2026-08-05 10:45:00-05:00,0.04601757700741327,0.11214724983277881,17.907380525162548,16.33594502177333,1.0921681596035016e-27
2026-08-05 11:00:00-05:00,5.978848925744021,5.658006312247479,18.420587335122427,19.31195983050436,4.914944998596389e-28
2026-08-05 11:15:00-05:00,4.902656119110097,5.033362945403031,19.125452172494594,18.649086857477922,2.2005539727138003e-28
2026-08-05 11:30:00-05:00,4.02017801767028,4.271345095606116,18.334490909882962,16.640927919827416,9.802336327724741e-29
2026-08-05 11:45:00-05:00,3.2965459744896295,3.628542143186147,19.973614992951394,18.917355546711818,4.344215751056343e-29
2026-08-05 12:00:00-05:00,2.703167699081496,2.8712328414130166,19.45316625291989,18.978017477069752,1.915478951967148e-29
2026-08-05 12:15:00-05:00,2.2165975132468265,1.902152285444681,20.115830162121934,20.275260887128734,8.402869023783761e-30
2026-08-05 12:30:00-05:00,1.8176099608623977,1.59249761904009,21.307310411525137,20.231193669850065,3.6674315441716016e-30
2026-08-05 12:45:00-05:00,1.490440167907166,2.190756317573228,18.759591814486956,19.02138652955633,1.5925044325675107e-30
2026-08-05 13:00:00-05:00,1.222160937683876,1.669201084655879,20.568645340794838,21.336103020297454,6.879921696587355e-31
2026-08-05 13:15:00-05:00,1.0021719689007782,0.48805789558599033,21.417514248855632,22.521678472938564,2.9571309228849386e-31
2026-08-05 13:30:00-05:00,0.821781014498638,0.3072103053141886,20.77835787089662,20.421915511544963,1.2645669348193897e-31
2026-08-05 13:45:00-05:00,1.1094657168845332,1.395424205604514,19.2673615746809,18.597869601029885,5.380186160021138e-32
2026-08-05 14:00:00-05:00,0.9097618878453172,0.7538817989840678,21.0592158435619,21.393073099797665,2.2773878315747428e-32
2026-08-05 14:15:00-05:00,0.7460047480331601,0.9001023729292532,20.35769128119175,19.68508452444073,9.590933957937736e-33
2026-08-05 14:30:00-05:00,0.6117238933871912,0.34870519951273565,20.63862404674941,20.406015522281102,4.018546675272489e-33
2026-08-05 14:45:00-05:00,0.5016135925774968,0.7823738373293625,21.857229829087967,20.51667857912788,1.675179483226421e-33
2026-08-05 15:00:00-05:00,0.41132314591354735,0.13840710212319113,20.39457005377475,19.921057521023084,6.947649256445515e-34
2026-08-05 15:15:00-05:00,0.3372849796491088,0.40587028123324215,20.125124807334902,19.934871696402965,2.866808196505118e-34
2026-08-05 15:30:00-05:00,0.2765736833122692,0.0,20.192442554352496,19.7563869800229,1.1769109439216723e-34
2026-08-05 15:45:00-05:00,0.22679042031606075,0.0,20.26976910943312,21.208883762551956,4.8069851108908345e-35
2026-08-05 16:00:00-05:00,0.1859681446591698,0.028711924973179814,19.089522759126332,19.78425615526094,1.9533774254942386e-35
2026-08-05 16:15:00-05:00,0.15249387862051922,0.046330736781720575,20.13725638764085,20.170190417518434,7.897393241105485e-36
2026-08-05 16:30:00-05:00,0.12504498046882576,0.31845239955430227,18.956618916101988,16.759869809052148,3.176622259808785e-36
2026-08-05 16:45:00-05:00,0.10253688398443711,0.0,17.931009429989757,17.59637766177177,1.2712518495623039e-36
2026-08-05 17:00:00-05:00,0.08408024486723843,0.0,18.009520338304124,17.907782554635176,5.061530201485055e-37
2026-08-05 17:15:00-05:00,0.0689458007911355,0.43990519141028006,17.985050487212646,18.131724265841818,2.005008781961654e-37
2026-08-05 17:30:00-05:00,0.05653555664873111,0.0,18.295997307112064,18.513460294213875,7.901962013635969e-38
2026-08-05 17:45:00-05:00,0.04635915645195951,0.1368362684759136,17.16847406356502,16.214162070442416,3.0984023107250956e-38
2026-08-05 18:00:00-05:00,0.0380145082906068,0.0,17.14006613826652,17.29756830835587,1.2087177226969668e-38
2026-08-05 18:15:00-05:00,0.03117189679829757,0.03604403575079036,16.204119873642714,17.84778236869281,4.6913321655442415e-39
2026-08-05 18:30:00-05:00,0.025560955374604007,0.677178405768324,15.87198013089782,15.703571737640534,1.8115556906294863e-39
2026-08-05 18:45:00-05:00,0.020959983407175285,0.0,16.213237303678795,15.001890249015235,6.9597142233467265e-40
2026-08-05 19:00:00-05:00,0.01718718639388373,0.11514631416837195,15.46709394286577,15.577304354430998,2.6602064159439866e-40
2026-08-05 19:15:00-05:00,0.014093492842984659,0.0,14.679301866656274,14.946641102327087,1.0116341413217519e-40
2026-08-05 19:30:00-05:00,0.011556664131247419,0.49089448678627773,15.89038876274055,17.092320236615148,3.827505565197045e-41
2026-08-05 19:45:00-05:00,0.009476464587622883,0.0,15.669482325889424,16.394467665048037,1.4407624984028882e-41
2026-08-05 20:00:00-05:00,0.007770700961850763,0.3733080975706199,14.905905801457516,15.619901920971467,5.395766810050939e-42
2026-08-05 20:15:00-05:00,0.898215047503383,0.7418476896545129,13.880076930551914,15.167422816949806,2.0104726106666922e-42
2026-08-05 20:30:00-05:00,2.704358525903808,3.1576521365434913,12.724309254001536,14.504426772036254,7.452935475456646e-43
2026-08-05 20:45:00-05:00,2.2175739912411223,2.2480598837682013,14.822080740854885,14.796432641058988,2.7487850079102147e-43
2026-08-05 21:00:00-05:00,1.8184106728177203,1.8920630780220498,13.78990610347501,14.902405464816878,1.008645133515124e-43
2026-08-05 21:15:00-05:00,1.4910967517105305,1.8576731687991732,11.59741909004265,11.096635502312571,3.682309033266232e-44
2026-08-05 21:30:00-05:00,1.2226993364026348,0.7973187555057842,11.221951828326453,12.140907523998914,1.3374768725198048e-44
2026-08-05 21:45:00-05:00,1.0026134558501605,0.6987118347679062,11.169856776873361,11.38859166909426,4.8332197389761457e-45
2026-08-05 22:00:00-05:00,1.229145969505624,1.008771037003498,10.321918378220184,10.00209647772232,1.7376848382546325e-45
2026-08-05 22:15:00-05:00,1.0078996949946115,2.1345561133174176,11.596364204418895,11.06787042425702,6.215694988157596e-46
2026-08-05 22:30:00-05:00,0.8264777498955814,1.4933021115192513,10.964991861585405,11.330702546274171,2.2120380336009962e-46
2026-08-05 22:45:00-05:00,0.6777117549143767,0.06996715378192653,9.954837765127264,9.297723051794074,7.832126561204478e-47
2026-08-05 23:00:00-05:00,0.5557236390297889,0.3680770939224087,10.202733438896606,9.853981180258675,2.7589956474706365e-47
2026-08-05 23:15:00-05:00,0.4556933840044269,0.13719320268757557,9.953412474893327,10.20564169208811,9.669556287074313e-48
2026-08-05 23:30:00-05:00,0.37366857488363003,0.9566524594192932,10.138770846907471,11.158245255624191,3.371679520748282e-48
2026-08-05 23:45:00-05:00,0.3064082314045766,0.496861339652545,9.420451295164202,8.707103815832316,1.1696885595292321e-48
2026-08-06 00:00:00-05:00,0.2512547497517528,0.0,9.621673455489102,10.175229363764814,4.0371827424040704e-49
2026-08-06 00:15:00-05:00,0.2060288947964373,0.2035021542520775,9.822540287864785,9.624237472796901,1.3863432936411706e-49
2026-08-06 00:30:00-05:00,0.16894369373307858,0.0,8.627134269262651,9.825825091540473,4.736389127089479e-50
2026-08-06 00:45:00-05:00,0.13853382886112442,0.0,8.11382081796808,8.974106925868712,1.609934387744941e-50
2026-08-06 01:00:00-05:00,0.11359773966612202,0.03613246600313376,9.015685223827436,9.599626900074053,5.444439674910397e-51
2026-08-06 01:15:00-05:00,0.09315014652622006,0.2684685031819948,8.852295638911945,7.563570883431285,1.831818392215517e-51
2026-08-06 01:30:00-05:00,0.07638312015150044,0.0,8.512759507643864,9.373251031786365,6.1319111316152334e-52
2026-08-06 01:45:00-05:00,0.7046523241860193,0.7108985192620475,9.245378299714604,8.413245389224931,2.0421775650976096e-52
2026-08-06 02:00:00-05:00,1.2504720195459078,0.8548228219223667,7.381814644211122,6.556815350453903,6.766675675168404e-53
2026-08-06 02:15:00-05:00,1.0253870560276444,0.6419310910417028,10.255112820773384,10.513060546642128,2.2307013686972924e-53
2026-08-06 02:30:00-05:00,0.8408173859426683,1.390824986424764,9.021894837592258,8.975668601389884,7.316303585412202e-54
2026-08-06 02:45:00-05:00,0.689470256472988,0.31498895207821526,8.962833714251927,8.524371534984233,2.38740563163885e-54
2026-08-06 03:00:00-05:00,0.5653656103078502,0.0,8.809295853387086,7.176937816962744,7.75077128896761e-55
2026-08-06 03:15:00-05:00,0.4667570920702098,0.0,8.37200961743886,8.053684589200806,2.5035014168969757e-55
2026-08-06 03:30:00-05:00,0.38274081549757205,0.0,8.331253641853385,7.8410938851764005,8.045165323803375e-56
2026-08-06 03:45:00-05:00,0.31384746870800906,1.3759744385236727,9.599949340855668,10.284991675339876,2.572209372642415e-56
2026-08-06 04:00:00-05:00,0.2573549243405674,0.03299249383655889,9.447801402395203,11.59535026247914,8.182045147484726e-57
2026-08-06 04:15:00-05:00,0.21103103795926526,0.9007228712460593,10.955304006448277,10.84334149332705,2.5894148752945026e-57
2026-08-06 04:30:00-05:00,0.1730454511265975,0.5253415050546301,9.198791562326713,9.44324847912416,8.153153471306714e-58
2026-08-06 04:45:00-05:00,0.14189726992380994,0.40135411404691157,9.016519229534325,7.8345761590834755,2.5540759521987887e-58
2026-08-06 05:00:00-05:00,0.11635576133752414,0.13725885523570927,10.006428697611803,10.091098906265424,7.960240891573531e-59
2026-08-06 05:15:00-05:00,0.09541172429676978,0.15349687974430604,9.443512086255572,10.787268978036073,2.4683277444413964e-59
2026-08-06 05:30:00-05:00,0.07823761392335121,0.0,10.996544610872991,12.870189412860453,7.61489029373637e-60
2026-08-06 05:45:00-05:00,0.06415484341714799,0.10705483583773491,11.285305026298783,11.222673395030025,2.3372689459978842e-60
2026-08-06 06:00:00-05:00,0.05260697160206135,0.2854529596489567,10.985027470735808,11.765465381042942,7.13736552276676e-61
2026-08-06 06:15:00-05:00,0.0431377167136903,0.4462836609967857,13.210122335899968,13.265815432329811,2.1684599242258284e-61
2026-08-06 06:30:00-05:00,0.03537292770522604,0.31069941665318285,12.825082832888482,12.856694897237727,6.554643467507025e-62
2026-08-06 06:45:00-05:00,0.47846187385973954,1.241359277297128,11.924272688600166,10.359467338337552,1.9712012186209248e-62
2026-08-06 07:00:00-05:00,0.3923387365649864,1.1056250518408408,11.384269186380868,10.37139229043527,5.897895264891074e-63
2026-08-06 07:15:00-05:00,0.32171776398328883,0.5271583399334403,13.689597221812956,14.435634764643975,1.7556880978548265e-63
2026-08-06 07:30:00-05:00,0.6512486021684547,0.4416616664251683,12.40358136384438,11.736964013848999,5.1997430813027254e-64
2026-08-06 07:45:00-05:00,0.5340238537781328,0.3863392718023583,13.595877027943299,12.686583217542436,1.5321476461019924e-64
2026-08-06 08:00:00-05:00,0.43789956009806885,0.43598602172883333,15.604018749682416,15.332016017936665,4.491625747569334e-65
2026-08-06 08:15:00-05:00,0.3590776392804164,1.0607647512562703,15.476760356742062,16.822135434464432,1.3100585893918014e-65
2026-08-06 08:30:00-05:00,0.29444366420994145,0.6521880936292298,14.904112479453937,16.904423814981836,3.801562080096762e-66
2026-08-06 08:45:00-05:00,0.24144380465215198,0.688113489021605,16.167175629825206,16.887891519572,1.0975332012289679e-66
2026-08-06 09:00:00-05:00,0.19798391981476463,0.2551703992360564,15.676098489461356,17.11916448907558,3.1525171551450254e-67
2026-08-06 09:15:00-05:00,0.16234681424810699,0.3249787928369383,15.524538150975326,15.2841077547095,9.009101131255796e-68
2026-08-06 09:30:00-05:00,0.13312438768344773,0.048268403061059006,15.831643064543197,14.255161646182476,2.5614723809425083e-68
2026-08-06 09:45:00-05:00,0.10916199790042713,0.0,16.839168982901978,16.422225406267636,7.245729297705032e-69
2026-08-06 10:00:00-05:00,0.08951283827835024,0.9833022253395423,18.028978981658227,18.22708790219337,2.0391949345902206e-69
2026-08-06 10:15:00-05:00,0.07340052738824719,0.2113726144047291,16.82987836659789,16.994142586591575,5.7097828854386974e-70
2026-08-06 10:30:00-05:00,0.060188432458362695,0.0,16.947054672688665,16.03864959321715,1.590613474583908e-70
2026-08-06 10:45:00-05:00,0.04935451461585741,0.1727145201359317,17.748825616829304,17.447050720692193,4.408531331463226e-71
2026-08-06 11:00:00-05:00,0.04047070198500307,0.0,19.34481315341429,18.299068557911156,1.2156468189992763e-71
2026-08-06 11:15:00-05:00,0.033185975627702514,0.20302900588367623,18.901088361450824,18.69393419285398,3.335071246841251e-72
2026-08-06 11:30:00-05:00,0.02721250001471606,0.0,19.497752405486292,19.021989879178296,9.103052053158551e-73
2026-08-06 11:45:00-05:00,0.1509827659005422,0.8159332556710348,20.37358412795736,19.838671395517217,2.472026647270695e-73
2026-08-06 12:00:00-05:00,0.12380586803844458,0.0,19.892134752781523,20.629127572116246,6.67887755528502e-74
2026-08-06 12:15:00-05:00,0.10152081179152456,0.658088606714408,20.23603797682093,18.466419158650055,1.795304117857733e-74
2026-08-06 12:30:00-05:00,0.08324706566905013,0.0,18.30096910063328,17.905949470179284,4.801277241771782e-75
2026-08-06 12:45:00-05:00,0.0682625938486211,0.10427129262689427,19.964605098592145,19.764089111983424,1.2774966013702579e-75
2026-08-06 13:00:00-05:00,0.0559753269558693,0.0,20.893640035146486,21.35593791887941,3.381792326486348e-76
2026-08-06 13:15:00-05:00,0.04589976810381282,0.0,18.626199996823154,18.729419527646616,8.906730817894417e-77
2026-08-06 13:30:00-05:00,0.03763780984512651,0.0,19.115690100561892,19.39527570853308,2.333855330168692e-77
2026-08-06 13:45:00-05:00,0.030863004073003738,0.0,19.94399680979597,20.06490903232218,6.084343827454914e-78
2026-08-06 14:00:00-05:00,0.025307663339863062,0.3097865435791294,20.54688774601825,19.54762012173467,1.5781118334245974e-78
2026-08-06 14:15:00-05:00,0.02075228393868771,0.0,19.620084810771967,18.548792710936823,4.0723586257611754e-79
2026-08-06 14:30:00-05:00,0.01701687282972392,0.0,20.10866789058537,21.472066680625268,1.0455347415929044e-79
2026-08-06 14:45:00-05:00,0.013953835720373614,0.030966062629284204,20.985499607126492,20.54008841285227,2.6706386634576214e-80
2026-08-06 15:00:00-05:00,0.011442145290706363,0.0,20.1262448293728,19.3784288891016,6.786971221104406e-81
2026-08-06 15:15:00-05:00,0.009382559138379216,0.0,19.501330874307406,19.747852184975198,1.7160150602825335e-81
2026-08-06 15:30:00-05:00,0.007693698493470957,0.2683449053449968,19.820288455976176,20.32341958886503,4.3166853583742584e-82
2026-08-06 15:45:00-05:00,0.006308832764646184,0.0,19.450874807530017,19.34860801588018,1.0803485796120768e-82
2026-08-06 16:00:00-05:00,0.005173242867009871,0.911048967289257,19.03269567127964,18.81890040317711,2.6900579025827697e-83
2026-08-06 16:15:00-05:00,0.004242059150948094,0.6422658230813919,18.327347774729628,18.30581502525224,6.6641315711162775e-84
2026-08-06 16:30:00-05:00,0.0034784885037774365,0.0,17.680248022781868,16.303419863493442,1.6425163803667197e-84
2026-08-06 16:45:00-05:00,0.002852360573097498,1.223554575573917,17.998336847164772,18.724932371513965,4.0277273836834235e-85
2026-08-06 17:00:00-05:00,0.002338935669939948,0.0,18.82355651966163,19.43301082825377,9.826404503302809e-86
2026-08-06 17:15:00-05:00,0.0019179272493507573,0.0,18.45033478879931,18.355349307513052,2.3851374960120603e-86
2026-08-06 17:30:00-05:00,0.0015727003444676209,0.0,17.80102976815073,16.532911252058426,5.7599194984423e-87
2026-08-06 17:45:00-05:00,0.001289614282463449,0.18401011574865278,18.750314083333127,20.260080555053772,1.3838965267367376e-87
2026-08-06 18:00:00-05:00,0.0010574837116200282,0.0,18.541636068728987,17.256596992335446,3.3080726356614194e-88
2026-08-06 18:15:00-05:00,0.0008671366435284231,0.0,16.2387558828867,15.934527767852403,7.867389759302093e-89
2026-08-06 18:30:00-05:00,0.0007110520476933069,0.4788480772461599,17.221490736078817,16.712959972904414,1.86153200458234e-89
2026-08-06 18:45:00-05:00,0.0005830626791085116,0.5582147651088224,16.52747022035839,17.55932258890051,4.382223871031888e-90
2026-08-06 19:00:00-05:00,0.00047811139686897944,0.0,15.81389828930074,14.719223857780774,1.0263673426101421e-90
2026-08-06 19:15:00-05:00,0.0003920513454325631,0.0,14.211654962996857,14.246840485140433,2.391637209546364e-91
2026-08-06 19:30:00-05:00,0.0003214821032547017,0.0,15.130850883377736,15.252145624717103,5.544622590477945e-92
2026-08-06 19:45:00-05:00,0.0002636153246688554,0.0,14.389290632975273,13.637058745711096,1.2788891131557818e-92
2026-08-06 20:00:00-05:00,0.00021616456622846142,0.0,14.529528778254564,16.31129613800146,2.9347965674143774e-93
2026-08-06 20:15:00-05:00,0.00017725494430733836,0.34125706527041716,13.369795378564953,13.64796227941185,6.700501771823613e-94
2026-08-06 20:30:00-05:00,0.00014534905433201745,0.0,13.881158510648001,14.221020524083626,1.52202176220983e-94
2026-08-06 20:45:00-05:00,0.00011918622455225431,0.7729120628927851,13.01028322380103,11.761559229261465,3.439684502541066e-95
2026-08-06 21:00:00-05:00,9.773270413284852e-05,0.0,13.519958589085986,13.394373976889193,7.73393591506653e-96
2026-08-06 21:15:00-05:00,8.014081738893578e-05,1.069154752689616,12.336989579011163,12.362805601644158,1.73008220968259e-96
2026-08-06 21:30:00-05:00,6.571547025892734e-05,0.0,10.32684794352141,9.942600646061454,3.850499961560738e-97
2026-08-06 21:45:00-05:00,5.3886685612320415e-05,0.0,11.601545611673465,12.805344997252888,8.526125447719208e-98
2026-08-06 22:00:00-05:00,4.418708220210274e-05,0.0,11.997072201803077,11.666622676589947,1.878324074899672e-98
2026-08-06 22:15:00-05:00,3.6233407405724245e-05,0.2928141889108614,10.826268172469192,9.608527502008414,4.1169305759937375e-99
2026-08-06 22:30:00-05:00,2.971139407269388e-05,0.20270926375477835,11.596068271339156,11.511986525144605,8.977610801728255e-100
2026-08-06 22:45:00-05:00,2.4363343139608982e-05,0.6764266421060698,11.122234700396872,11.625023709593735,1.947745528909716e-100
2026-08-06 23:00:00-05:00,1.9977941374479364e-05,0.47439221134245607,11.854717219260563,11.03476642625571,4.204243584226447e-101
2026-08-06 23:15:00-05:00,1.6381911927073078e-05,0.0,8.741498253576454,8.20848410369913,9.028752247141233e-102
2026-08-06 23:30:00-05:00,1.3433167780199923e-05,0.040637657760939076,10.686113456500593,9.736926008126087,1.929086996790459e-102
2026-08-06 23:45:00-05:00,1.1015197579763936e-05,0.0,10.344505735937323,11.107876996420831,4.1007198750165366e-103
2026-08-07 00:00:00-05:00,9.032462015406428e-06,0.0,10.035505454953604,10.131980014631303,8.672665664815464e-104
2026-08-07 00:15:00-05:00,7.40661885263327e-06,0.0,10.52075060056438,11.125085569261868,1.8248590161125663e-104
2026-08-07 00:30:00-05:00,6.073427459159281e-06,0.18522330331190656,8.799150940237533,8.79918491666216,3.82023643772405e-105
2026-08-07 00:45:00-05:00,4.98021051651061e-06,0.0,9.232073827825468,9.520073556788294,7.9567438919514e-106
2026-08-07 01:00:00-05:00,4.0837726235386995e-06,1.038903501081832,8.495912290788329,6.747684211399459,1.648787658675889e-106
2026-08-07 01:15:00-05:00,3.3486935513017333e-06,0.6407722681582465,8.348941931015965,9.212548751681426,3.3992122917151355e-107
2026-08-07 01:30:00-05:00,2.745928712067421e-06,0.4409379914940829,9.864501284163673,9.71969476063513,6.972299926133918e-108
2026-08-07 01:45:00-05:00,2.2516615438952854e-06,0.00230069278046213,8.91959287602212,8.978728370335991,1.4228464836636068e-108
2026-08-07 02:00:00-05:00,1.846362465994134e-06,0.2478013771295576,8.961559207036748,9.442407090624167,2.888845002143109e-109
2026-08-07 02:15:00-05:00,1.5140172221151897e-06,0.0,7.8843362850183265,9.767045676923889,5.835453982650867e-110
2026-08-07 02:30:00-05:00,1.2414941221344554e-06,0.0,9.222625101248056,8.882471539737628,1.172760333284856e-110
2026-08-07 02:45:00-05:00,1.0180251801502534e-06,0.20679042986253615,9.017023295438248,9.723540950682775,2.3449203719285018e-111
2026-08-07 03:00:00-05:00,0.004710463715005592,0.0,9.031517304737294,8.469210230781234,4.664779747763144e-112
2026-08-07 03:15:00-05:00,0.0038625802463045852,0.0,9.677382374200498,10.540787637776072,9.232480477719664e-113
2026-08-07 03:30:00-05:00,0.0031673158019697597,0.4590044881318855,8.277383955864961,8.711079385042831,1.8179831971579e-113
2026-08-07 03:45:00-05:00,0.0025971989576152026,0.5660641367992124,9.484638321981093,9.38955483273158,3.56160328844014e-114
2026-08-07 04:00:00-05:00,0.002129703145244466,1.0704023456500606,9.762310011450758,9.906677252316245,6.942013185124534e-115
2026-08-07 04:15:00-05:00,0.001746356579100462,0.5483163427092549,9.673949735925916,10.483716936245226,1.3461998461573202e-115
2026-08-07 04:30:00-05:00,0.0014320123948623788,0.2605508010992433,9.74341666583874,10.115343341684529,2.5972744949761855e-116
2026-08-07 04:45:00-05:00,0.0011742501637871505,0.004503704822958657,10.512036547308714,10.266215062081796,4.985519013086575e-117
2026-08-07 05:00:00-05:00,0.0009628851343054634,0.6211830304522473,10.25452187690231,10.756774382519875,9.521099740127692e-118
2026-08-07 05:15:00-05:00,0.00078956581013048,0.0,10.2839327411872,11.080789905021545,1.80903956131804e-118
2026-08-07 05:30:00-05:00,0.0006474439643069936,0.2533414203867742,9.731337326556641,10.576015787368238,3.4197410840879895e-119
2026-08-07 05:45:00-05:00,0.0005309040507317347,0.03174080696848701,11.592933622178908,11.385895338528519,6.43165291016526e-120
2026-08-07 06:00:00-05:00,0.00043534132160002244,0.6209393316450725,12.046226511576144,12.623688797248334,1.2034725377003785e-120
2026-08-07 06:15:00-05:00,0.0003569798837120184,0.8947524475483881,12.97037250303428,12.885976873481445,2.240443423733423e-121
2026-08-07 06:30:00-05:00,0.0002927235046438551,0.0,12.471642648590876,12.181786770825637,4.149693211200496e-122
2026-08-07 06:45:00-05:00,0.00024003327380796115,0.0,12.152170778556766,11.495931289252768,7.64684365728965e-123
2026-08-07 07:00:00-05:00,0.00019682728452252813,0.28630936826347847,12.46828041598753,12.816188177073043,1.4019503824701476e-123
2026-08-07 07:15:00-05:00,0.00016139837330847304,0.0,13.406327445911685,13.400216338904745,2.557215262156649e-124
2026-08-07 07:30:00-05:00,0.00013234666611294788,0.0,14.132062896491055,13.983585618499257,4.640728313947057e-125
2026-08-07 07:45:00-05:00,0.00010852426621261725,0.06382393894476145,15.405471331246378,13.86196254608078,8.378942533819369e-126
2026-08-07 08:00:00-05:00,8.898989829434615e-05,0.46437273930395173,13.568625029327013,13.629814686327306,1.5051385933353214e-126
2026-08-07 08:15:00-05:00,7.297171660136384e-05,0.5065182974564277,15.239184957906,15.003242583302494,2.6899733864174803e-127
2026-08-07 08:30:00-05:00,5.983680761311834e-05,0.31246934483555305,16.30561448184412,15.653937374720293,4.78303640837775e-128
2026-08-07 08:45:00-05:00,1.2756028700244633,1.7180816505127754,16.044824471117437,15.164971649210406,8.461426805739277e-129
2026-08-07 09:00:00-05:00,1.0459943534200598,1.4802610201100426,16.54010985828693,16.38936410303823,1.489250412630401e-129
2026-08-07 09:15:00-05:00,0.857715369804449,1.0913578355007583,16.117395064990912,15.433611746830639,2.6078107306250814e-130
2026-08-07 09:30:00-05:00,0.7033266032396481,0.755488658765033,15.990570248633933,15.406341050704834,4.543270750163927e-131
2026-08-07 09:45:00-05:00,0.5767278146565115,0.5162349725498379,16.21222763719389,16.27880903973754,7.874906052551765e-132
2026-08-07 10:00:00-05:00,0.47291680801833935,0.8288803824107751,18.39150459591638,18.90237204963598,1.3580205934722844e-132
2026-08-07 10:15:00-05:00,0.38779178257503827,0.4727774084791767,17.283956317064682,15.54646552988628,2.3299765066281925e-133
2026-08-07 10:30:00-05:00,0.46358013107490975,0.6286786929329855,17.503175811541986,17.618851358949566,3.977232138084307e-134
2026-08-07 10:45:00-05:00,0.380135707481426,0.7595742896277602,17.935811243026855,18.66600702190961,6.754520902268073e-135
2026-08-07 11:00:00-05:00,0.3117112801347693,0.20636375835387505,18.28937748839051,17.334329717106403,1.141280433634805e-135
2026-08-07 11:15:00-05:00,0.2556032497105108,0.0,19.261360467781294,18.112098962044527,1.918555668934785e-136
2026-08-07 11:30:00-05:00,0.20959466476261884,0.5587277424118704,17.555654400119217,16.745559320986395,3.2087852350234136e-137
2026-08-07 11:45:00-05:00,0.17186762510534745,0.7192573540239408,19.026192697669345,20.419935012901917,5.33938341055463e-138
2026-08-07 12:00:00-05:00,0.1409314525863849,0.8631307637180465,19.294297634834994,19.326116803088844,8.83946085340701e-139
2026-08-07 12:15:00-05:00,0.1155637911208356,0.41813041703240666,19.36220135917251,18.34668171973407,1.4559439552854387e-139
2026-08-07 12:30:00-05:00,0.09476230871908518,0.06111714127118456,19.68007259744673,19.865222331298863,2.3858753507783734e-140
2026-08-07 12:45:00-05:00,0.07770509314964985,0.6749075778067144,20.578336854071235,20.925173381744834,3.8898697087735025e-141
2026-08-07 13:00:00-05:00,0.06371817638271288,1.2150023390875313,19.616553178332584,19.688634166813276,6.3096689141609595e-142
2026-08-07 13:15:00-05:00,0.07776904993077555,0.11858547337532835,19.71401586379564,21.099023913565638,1.0182684770993233e-142
2026-08-07 13:30:00-05:00,0.06377062094323595,0.0,20.18907602904084,20.54632544410951,1.6349415813647976e-143
2026-08-07 13:45:00-05:00,0.05229190917345347,0.19634291134674042,19.89524378592732,18.865457375691342,2.611718655134353e-144
2026-08-07 14:00:00-05:00,0.042879365522231844,0.44467951808615547,20.926658071949355,22.41322427327305,4.150828163866105e-145
2026-08-07 14:15:00-05:00,0.03516107972823011,0.0,20.774894914884996,21.70100733695879,6.563376689549231e-146
2026-08-07 14:30:00-05:00,0.02883208537714869,0.3833575618250493,19.457255085813202,19.268309871234987,1.0325334205136516e-146
2026-08-07 14:45:00-05:00,0.023642310009261924,0.39065542615056015,20.01753433517601,20.60685678668662,1.616088413820251e-147
2026-08-07 15:00:00-05:00,3.175436586389556,2.6517782845881226,19.743351922796876,20.640806818860465,2.5165776058626198e-148
2026-08-07 15:15:00-05:00,2.603858000839436,2.517087178747343,19.12229295707289,20.56922201546462,3.8988789386857773e-149
2026-08-07 15:30:00-05:00,2.1351635606883375,2.3022388741965254,18.418572372930786,18.27312021743572,6.009708194285012e-150
2026-08-07 15:45:00-05:00,1.7508341197644366,1.2595364229087054,19.39070337135198,17.946769250958887,9.216186008823254e-151
2026-08-07 16:00:00-05:00,1.435683978206838,1.6051386377928822,20.792309438027644,20.21643582100794,1.4061553052052261e-151
2026-08-07 16:15:00-05:00,1.177260862129607,1.0246744703830926,20.041160192742808,19.895436793883555,2.134516713900761e-152
2026-08-07 16:30:00-05:00,1.4997307936341335,2.0183667283221767,19.089942768656897,19.093936588431,3.223666022005199e-153
2026-08-07 16:45:00-05:00,1.2297792507799894,1.2612050327859667,19.712809173104876,19.54649375068793,4.8437836336547184e-154
2026-08-07 17:00:00-05:00,1.0084189856395913,1.4637736753685124,19.679093024856886,20.02183233058486,7.241084925288253e-155
2026-08-07 17:15:00-05:00,4.511789741921064,3.7866681261034403,17.187350430329065,17.284714202391502,1.0769778179679849e-155
2026-08-07 17:30:00-05:00,3.6996675883752728,2.664764091490237,18.439738580750696,18.31619847785281,1.5936541853351264e-156
2026-08-07 17:45:00-05:00,3.0337274224677233,2.661594113132732,18.639135887137293,19.606502816488412,2.3462032318595777e-157
2026-08-07 18:00:00-05:00,2.487656486423533,1.9216536107973798,16.813923284964496,16.147106996138493,3.436539828038985e-158
2026-08-07 18:15:00-05:00,2.039878318867297,2.0136077676459916,16.26620376147086,15.612225281780779,5.007965706612792e-159
2026-08-07 18:30:00-05:00,1.6727002214711832,1.2798697284329847,16.594651627873944,17.60807377544356,7.260817530963466e-160
2026-08-07 18:45:00-05:00,1.3716141816063703,1.3007013772347786,16.19761652754894,15.973177628739027,1.0473550019483656e-160
2026-08-07 19:00:00-05:00,1.1247236289172236,0.9801975837214492,15.063906728466216,14.760506893469325,1.5030952810197593e-161
2026-08-07 19:15:00-05:00,0.9222733757121233,0.07130482577402397,13.878295194928612,15.329564526499507,2.1461660639276118e-162
2026-08-07 19:30:00-05:00,0.756264168083941,1.181497056245968,15.201712589984503,15.075091934483146,3.048767787740447e-163
2026-08-07 19:45:00-05:00,0.6201366178288316,1.4294133193786878,13.068766922029832,13.882628818539644,4.308931428271755e-164
2026-08-07 20:00:00-05:00,0.5085120266196419,0.6834368783614955,15.321890004908083,15.770565538715855,6.058973183256686e-165
2026-08-07 20:15:00-05:00,0.4169798618281063,0.35744819409634854,14.248114551101331,12.966101042436854,8.476424335384301e-166
2026-08-07 20:30:00-05:00,0.34192348669904715,0.17576261292623635,13.050857023199626,11.98270295092625,1.1798058921962365e-166
2026-08-07 20:45:00-05:00,0.28037725909321864,0.0,14.10303725723718,13.570596840355755,1.6337764955859806e-167
2026-08-07 21:00:00-05:00,0.2299093524564393,0.0,12.089233453678176,11.014281991869574,2.2509141876668057e-168
2026-08-07 21:15:00-05:00,0.1885256690142802,0.4668319523411872,12.627421587664335,12.076581319382317,3.0853855781501713e-169
2026-08-07 21:30:00-05:00,0.15459104859170975,0.0,13.251255163665821,12.785629363535175,4.2076941448268516e-170
2026-08-07 21:45:00-05:00,0.126764659845202,0.6609877538589017,12.819356470295267,12.689153266344467,5.709040105864101e-171
2026-08-07 22:00:00-05:00,0.10394702107306562,0.0,12.919203513613365,11.717442705451639,7.706660651088541e-172
2026-08-07 22:15:00-05:00,0.0852365572799138,0.7482686690587395,11.124790750238343,12.598331850352345,1.0350315541387673e-172
2026-08-07 22:30:00-05:00,0.06989397696952931,0.6459641937725171,9.847003915397202,9.661382283563857,1.3830094758143332e-173
2026-08-07 22:45:00-05:00,0.05731306111501403,0.0,11.46115760975263,12.122446608921376,1.8385732338299764e-174
2026-08-07 23:00:00-05:00,0.0469967101143115,0.0,11.230294625189813,10.570820339103701,2.4317611884746274e-175
2026-08-07 23:15:00-05:00,0.03853730229373543,0.0,10.273421104721567,10.099428283549043,3.1999642320479086e-176
2026-08-07 23:30:00-05:00,0.03160058788086305,0.0,8.456584761063406,8.197420242440247,4.189416482625785e-177
2026-08-07 23:45:00-05:00,0.025912482062307698,0.5694538440106184,8.257885926534106,8.299200616102057,5.456902094732522e-178
2026-08-08 00:00:00-05:00,0.02124823529109231,0.33806733596483535,8.660938691178364,8.583212492030537,7.07168648777555e-179
2026-08-08 00:15:00-05:00,0.017423552938695692,0.0,9.675473977622657,8.159849830174405,9.117673730248752e-180
2026-08-08 00:30:00-05:00,0.014287313409730468,0.0,9.670386604396882,10.354349571476599,1.169578315263968e-180
2026-08-08 00:45:00-05:00,0.011715596995978983,0.0,8.565921656129246,8.834890357540509,1.4926527306586196e-181
2026-08-08 01:00:00-05:00,0.3745082172759125,0.811382805349309,8.989055586950919,8.431750882910345,1.895276003744906e-182
2026-08-08 01:15:00-05:00,1.939577042656104,2.538678064532152,8.393284260215424,8.48854436538364,2.3942549675737974e-183
2026-08-08 01:30:00-05:00,1.5904531749780053,2.0817711785078714,8.751310604251751,8.219348437295526,3.0092645893752127e-184
2026-08-08 01:45:00-05:00,1.3041716034819644,1.5944391592531146,8.71693985021134,8.549993602320408,3.7772166580214125e-185
2026-08-08 02:00:00-05:00,1.0694207148552106,1.073238571179165,7.871237978288104,6.954856902013147,8.393778651007632e-186
2026-08-08 02:15:00-05:00,0.8769249861812727,1.027863508214278,8.210299906515697,5.449282547844355,9.544229083993486e-185
2026-08-08 02:30:00-05:00,0.7190784886686435,0.9729003960513748,7.963319706336988,6.309910607848645,2.394326115719705e-183
2026-08-08 02:45:00-05:00,0.5896443607082876,0.17282620566112544,9.2475251531277,9.539285258134417,5.9687436065986116e-182
2026-08-08 03:00:00-05:00,1.4288402293216302,0.6805703401492077,8.317188435869145,8.229935863590041,1.4697169424208608e-180
2026-08-08 03:15:00-05:00,1.1716489880437366,2.151804117345326,8.326568467561156,9.447181759513343,3.574562378515055e-179
2026-08-08 03:30:00-05:00,0.960752170195864,1.7062341219010086,10.046403596740246,10.877821260117116,8.587176705446503e-178
2026-08-08 03:45:00-05:00,0.7878167795606085,1.0571359074222086,9.32619106997394,9.714116810240727,2.037587460089361e-176
2026-08-08 04:00:00-05:00,0.6460097592396989,0.6629396638977203,9.461922073706004,8.115956370860834,4.77551769123776e-175
2026-08-08 04:15:00-05:00,0.5297280025765531,1.1932963661809768,10.358703294457152,9.325019912911383,1.1055108189266035e-173
2026-08-08 04:30:00-05:00,0.4343769621127735,0.17435647149928651,10.874819111502193,10.672235930855663,2.527806787474926e-172
2026-08-08 04:45:00-05:00,0.35618910893247424,0.0,10.895298696830599,11.702781080956205,5.709040105864101e-171
2026-08-08 05:00:00-05:00,0.29207506932462884,0.9816445219295677,10.80367372899225,11.009104428708882,1.2735636411374863e-169
2026-08-08 05:15:00-05:00,0.23950155684619565,0.0,10.953185752608837,10.353644271885004,2.8061866206860704e-168
2026-08-08 05:30:00-05:00,0.19639127661388042,0.0,10.629474298148656,9.544918398545288,6.1073215636491134e-167
2026-08-08 05:45:00-05:00,0.16104084682338193,0.819206177077031,12.347997456178868,12.156739146455708,1.312874957203359e-165
2026-08-08 06:00:00-05:00,0.13205349439517317,0.5697506252039342,11.162837130271766,10.953460087628153,2.7876245542437918e-164
2026-08-08 06:15:00-05:00,0.10828386540404199,0.0,12.356542752647275,11.750143540444126,5.84633285607385e-163
2026-08-08 06:30:00-05:00,0.08879276963131442,0.0628402385943463,11.738225421395056,12.584274546261081,1.2110752653176228e-161
2026-08-08 06:45:00-05:00,0.07281007109767783,0.0,12.68485371068745,12.138208636763327,2.4779758553137294e-160
2026-08-08 07:00:00-05:00,0.05970425830009581,0.01344387964931957,13.138894374612368,12.89647035491504,5.007965706612792e-159
2026-08-08 07:15:00-05:00,0.048957491806078564,0.0,14.95006234957129,13.543946054949318,9.996868096133463e-158
2026-08-08 07:30:00-05:00,0.04014514328098442,0.029957194518282677,14.332774178917642,14.966885511184623,1.9710830219947334e-156
2026-08-08 07:45:00-05:00,0.032919017490407224,0.0,13.396655553791433,12.765757820900529,3.838700348963485e-155
2026-08-08 08:00:00-05:00,0.02699359434213392,0.14515285154707314,13.585584461084515,12.89206803192204,7.384172726951007e-154
2026-08-08 08:15:00-05:00,0.022134747360549815,0.08074249475028025,15.102737463429275,15.296691449180988,1.4030004858875308e-152
2026-08-08 08:30:00-05:00,0.018150492835650848,0.36050843115800324,15.928659232438179,14.614393367498497,2.6330077393582456e-151
2026-08-08 08:45:00-05:00,0.014883404125233694,0.057106806017860084,15.87045077947067,14.227015511525657,4.880730070589655e-150
2026-08-08 09:00:00-05:00,0.012204391382691629,0.03994145056512078,16.343124943416054,17.081756787399712,8.936259737111729e-149
2026-08-08 09:15:00-05:00,0.010007600933807134,0.0,16.529507456679802,17.183725372334788,1.616088413820251e-147
2026-08-08 09:30:00-05:00,0.00820623276572185,0.3291565283856422,15.379461704750886,15.295374561121143,2.886774031322446e-146
2026-08-08 09:45:00-05:00,0.006729110867891916,0.6859718878353793,16.83948585812196,16.529055594403992,5.0932946690669994e-145
2026-08-08 10:00:00-05:00,0.0055178709116713714,0.5979658072622384,17.207451957174378,17.228826515064412,8.876119801807612e-144
2026-08-08 10:15:00-05:00,0.6357295763761209,0.8867184244545757,16.543058336699456,17.324988909948473,1.5278680443587121e-142
2026-08-08 10:30:00-05:00,0.5212982526284191,0.07375851744611278,17.482682528084315,16.66197299399681,2.5976873513382617e-141
2026-08-08 10:45:00-05:00,0.4274645671553036,2.1402780111885935,18.278897961691605,16.6756113890834,4.362407702468866e-140
2026-08-08 11:00:00-05:00,0.35052094506734893,0.7281664725989672,18.990522686330213,18.44495345924758,7.236090053007623e-139
2026-08-08 11:15:00-05:00,0.28742717495522613,0.8171340746200282,19.213595092641018,19.94909548525729,1.1855503805254048e-137
2026-08-08 11:30:00-05:00,0.2356902834632854,1.2580282227469506,20.632751562088472,20.69926949273709,1.918555668934785e-136
2026-08-08 11:45:00-05:00,0.19326603243989401,0.2689539226012734,20.290548038424227,20.62677680437845,3.066670644383933e-135
2026-08-08 12:00:00-05:00,0.15847814660071308,0.0,20.020090655178702,20.404943960362758,4.841703679718595e-134
2026-08-08 12:15:00-05:00,0.12995208021258473,0.8423297072432162,18.224819700315525,19.53622067154778,7.550359258120274e-133
2026-08-08 12:30:00-05:00,0.10656070577431948,0.5544079429319175,19.172052293345224,17.565520530640335,1.1629883557484572e-131
2026-08-08 12:45:00-05:00,0.08737977873494196,0.017267118551586913,19.84515934987834,19.857040588695817,1.7693813937834647e-130
2026-08-08 13:00:00-05:00,0.0716514185626524,0.30927360708922225,19.29561738302195,20.6408084651545,2.6589237633496464e-129
2026-08-08 13:15:00-05:00,0.05875416322137497,0.0,20.230994460225716,21.85502716481833,3.9466503712770197e-128
2026-08-08 13:30:00-05:00,0.048178413841527476,0.07536055737192052,21.41931186746819,21.253968313926794,5.786151002204046e-127
2026-08-08 13:45:00-05:00,0.03950629935005253,0.0,19.215456433649948,20.084735035121383,8.378942533819369e-126
2026-08-08 14:00:00-05:00,0.032395165467043074,0.0,20.563906881622742,21.87759835763047,1.1984695387476604e-124
2026-08-08 14:15:00-05:00,0.02656403568297532,0.0,21.026347267453556,20.773989707612813,1.6931799931173075e-123
2026-08-08 14:30:00-05:00,0.02178250926003976,0.08831681955179158,19.690943689281468,17.812018156644385,2.3627490426728334e-122
2026-08-08 14:45:00-05:00,0.0178616575932326,0.0,20.956715335467862,21.88243737193919,3.256644877883521e-121
2026-08-08 15:00:00-05:00,0.014646559226450733,0.6089294137122473,20.959913041950163,21.637007199239367,4.433651473676319e-120
2026-08-08 15:15:00-05:00,0.012010178565689601,0.2263062225723742,19.373323791678907,20.80951149225146,5.961987174639196e-119
2026-08-08 15:30:00-05:00,0.009848346423865471,0.6574238511590568,20.506065496686873,19.51447966008654,7.918790695149036e-118
2026-08-08 15:45:00-05:00,0.008075644067569686,0.9150217940959845,19.416599509090315,20.355812177970037,1.038879150684302e-116
2026-08-08 16:00:00-05:00,0.006622028135407142,1.17132805802744,20.332234936597725,20.21530465033974,1.3461998461573202e-115
2026-08-08 16:15:00-05:00,0.0054300630710338565,0.42297822335796753,19.742857154571176,19.03439965982016,1.7230281882086733e-114
2026-08-08 16:30:00-05:00,0.004452651718247762,0.8946520209668376,19.609644711973,19.83026625117719,2.1782793178832768e-113
2026-08-08 16:45:00-05:00,0.0036511744089631646,0.0,18.42681668947097,18.244484884448188,2.720026237617272e-112
2026-08-08 17:00:00-05:00,0.002993963015349795,0.0,18.76559385548568,18.969170351256484,3.3548334016768045e-111
2026-08-08 17:15:00-05:00,0.0024550496725868317,0.0,18.1268269459172,17.45751623456763,4.0870237655097446e-110
2026-08-08 17:30:00-05:00,0.0020131407315212018,0.0,17.83007347435771,17.90666482400217,4.917922806045654e-109
2026-08-08 17:45:00-05:00,0.0016507753998473854,0.0,19.19207816436232,18.029285649589433,5.845135614453731e-108
2026-08-08 18:00:00-05:00,0.0013536358278748559,0.12990189530574553,18.160789145306914,18.080906546572788,6.861922610635875e-107
2026-08-08 18:15:00-05:00,0.0011099813788573818,0.14335086680636974,17.99378850539565,16.505246687528544,7.9567438919514e-106
2026-08-08 18:30:00-05:00,0.000910184730663053,0.0,16.54647343306569,17.297616486110602,9.113040131909181e-105
2026-08-08 18:45:00-05:00,0.0007463514791437035,0.0,16.172271236728797,16.30895587120662,1.0309308265674039e-103
2026-08-08 19:00:00-05:00,0.0006120082128978368,0.0,15.89763554924844,15.887138807109709,1.151951272463575e-102
2026-08-08 19:15:00-05:00,0.0005018467345762261,0.0,16.771150919850466,17.26213705957942,1.2713848482537979e-101
2026-08-08 19:30:00-05:00,0.0004115143223525054,0.0,16.008563035363135,17.03886540094004,1.3859842457113682e-100
2026-08-08 19:45:00-05:00,0.0003374417443290544,0.11186953577906028,14.966921010764827,15.539451843039547,1.4923747614760575e-99
2026-08-08 20:00:00-05:00,0.0002767022303498246,0.0,14.493736590642532,14.454073020692956,1.5872152866772185e-98
2026-08-08 20:15:00-05:00,0.00022689582888685614,0.0,13.188303011664788,12.219565048347748,1.6673705216099514e-97
2026-08-08 20:30:00-05:00,0.00018605457968722203,0.13987835495588796,13.045955785642864,13.687371921040619,1.73008220968259e-96
2026-08-08 20:45:00-05:00,0.00015256475534352205,0.048029637440329995,14.590832584786536,13.775816103973197,1.7731264214803528e-95
2026-08-08 21:00:00-05:00,0.00012510309938168807,0.359781663715473,12.326166544010537,11.659181856989703,1.7949444063758104e-94
2026-08-08 21:15:00-05:00,0.0001025845414929842,0.8406431476088864,11.979421459097697,12.765613959883,1.7947362817304427e-93
2026-08-08 21:30:00-05:00,8.411932402424705e-05,0.0,11.504514920654788,12.243361753760501,1.7725097084745192e-92
2026-08-08 21:45:00-05:00,6.897784569988257e-05,0.06665928976547798,13.442109848014077,13.643768201269426,1.729079423040397e-91
2026-08-08 22:00:00-05:00,5.656183347390371e-05,0.0,11.799570615098036,10.857232504077926,1.666017665520094e-90
2026-08-08 22:15:00-05:00,4.638070344860104e-05,0.12371740061272915,11.500672391817579,13.376797031020443,1.585559709476228e-89
2026-08-08 22:30:00-05:00,3.803217682785285e-05,0.09276261704716278,10.328886350854557,10.974939584463119,1.490472407540571e-88
2026-08-08 22:45:00-05:00,3.118638499883933e-05,0.0,11.2887764092251,11.057639078990434,1.3838965267367376e-87
2026-08-08 23:00:00-05:00,2.557283569904825e-05,0.0,9.98641590230607,8.250848860118591,1.2691753770951544e-86
2026-08-08 23:15:00-05:00,2.0969725273219563e-05,0.0,10.550710256356417,10.796565510583475,1.1496826996010091e-85
2026-08-08 23:30:00-05:00,1.719517472404004e-05,0.0,10.083896098799627,9.62868849504291,1.0286619937923687e-84
2026-08-08 23:45:00-05:00,1.4100043273712832e-05,0.0,10.590426730919146,10.149411062238647,9.09087595551689e-84
2026-08-09 00:00:00-05:00,1.1562035484444522e-05,0.2045889642990729,8.891266520558089,8.933579989530928,7.935551406312715e-83
2026-08-09 00:15:00-05:00,9.480869097244508e-06,0.0,9.020320022439432,9.620372244881505,6.842059184017643e-82
2026-08-09 00:30:00-05:00,7.774312659740495e-06,0.0,8.254438596101759,7.553975409018195,5.826864023354683e-81
2026-08-09 00:45:00-05:00,6.374936380987206e-06,0.36640849840596024,10.118359700106334,10.67851394573988,4.901412794203119e-80
2026-08-09 01:00:00-05:00,5.227447832409508e-06,0.3871189986091752,8.665471937584547,7.375955926689783,4.0723586257611754e-79
2026-08-09 01:15:00-05:00,4.286507222575797e-06,0.5251052880116703,9.764258053248795,10.845720519967406,3.3420203694427853e-78
2026-08-09 01:30:00-05:00,3.514935922512153e-06,0.27077878468394023,9.769665705682616,10.022579617865889,2.709009377588364e-77
2026-08-09 01:45:00-05:00,2.8198170215989995,2.839138943490673,8.002592743422507,7.581978039629265,2.1689536131351845e-76
2026-08-09 02:00:00-05:00,2.3122499577111792,1.971676180587598,8.17988007462611,7.560330929251684,1.715253678032022e-75
2026-08-09 02:15:00-05:00,1.8960449653231668,2.2239084084315195,8.689676032720515,8.637547030881565,1.3398148723564213e-74
2026-08-09 02:30:00-05:00,1.5547568715649966,1.7146214512382438,8.59646346073885,8.632245259599925,1.0337120265673203e-73
2026-08-09 02:45:00-05:00,1.2749006346832972,0.9310893994827956,8.873118000266622,10.714927191590077,7.877577482615241e-73
2026-08-09 03:00:00-05:00,1.0454185204403037,0.9000572634625947,8.651705111709417,7.896330430223847,5.929582797995683e-72
2026-08-09 03:15:00-05:00,0.8572431867610489,0.6714147970002606,9.912741344018093,9.203978424022518,4.408531331463226e-71
2026-08-09 03:30:00-05:00,0.70293941314406,1.0245091791981886,9.026175322425797,8.166308788840151,3.2374425123891944e-70
2026-08-09 03:45:00-05:00,0.5764103187781292,1.3455038669867532,9.225987225445541,9.199110298719422,2.3482727515341305e-69
2026-08-09 04:00:00-05:00,0.47265646139806594,0.8485892202731865,9.508234945272514,8.789622720831458,1.6824158527127528e-68
2026-08-09 04:15:00-05:00,0.38757829834641405,0.188236860799861,9.03388575135452,8.900223990166861,1.1905743032778631e-67
2026-08-09 04:30:00-05:00,0.3178142046440595,0.8553669148921729,9.330866604474071,9.028194982746975,8.321813858798147e-67
2026-08-09 04:45:00-05:00,0.2606076478081288,0.0,9.51636878020984,8.716087362448595,5.745367715230645e-66
2026-08-09 05:00:00-05:00,0.2136982712026656,0.5729221420842405,10.454901539730885,11.67875298979813,3.9179239495691345e-65
2026-08-09 05:15:00-05:00,0.17523258238618578,0.0,11.800906033012453,12.289751395374447,2.6389582136201846e-64
2026-08-09 05:30:00-05:00,0.14369071755667231,0.0,11.225198226721611,10.891861383601409,1.7556880978548265e-63
2026-08-09 05:45:00-05:00,0.11782638839647129,0.19018465847139218,9.378111404287798,9.326808252673723,1.1537203584418522e-62
2026-08-09 06:00:00-05:00,0.09661763848510645,0.11627538286765736,11.851824880940818,11.21320354523648,7.488452634889905e-62
2026-08-09 06:15:00-05:00,0.07922646355778729,0.24028503218605632,12.27895141541086,12.686782928079138,4.800892238919128e-61
2026-08-09 06:30:00-05:00,0.06496570011738557,0.29298588472550396,11.98798159783348,11.896883306772791,3.0401160927679965e-60
2026-08-09 06:45:00-05:00,0.05327187409625617,0.11158650286139943,11.805824002967391,11.54329448936113,1.9015017019434203e-59
2026-08-09 07:00:00-05:00,0.043682936758930056,0.04269794619651254,12.985989871315983,13.209101594303878,1.1747395985334873e-58
2026-08-09 07:15:00-05:00,0.03582000814232265,0.17942195412492745,13.426623881097875,11.764970644261371,7.168443027642453e-58
2026-08-09 07:30:00-05:00,0.029372406676704568,0.0,13.186410571928839,13.528844265838819,4.3206233394081195e-57
2026-08-09 07:45:00-05:00,0.024085373474897743,0.6136822041415193,15.651974164426232,15.747735234685248,2.572209372642415e-56
2026-08-09 08:00:00-05:00,0.019750006249416148,0.4840681374676612,14.078356624434377,14.41733894247444,1.5125319776451707e-55
2026-08-09 08:15:00-05:00,0.01619500512452124,0.3983674633304578,14.001413024716914,15.737657586503547,8.784987618116086e-55
2026-08-09 08:30:00-05:00,0.013279904202107414,0.0,16.43655837088214,16.574590202576736,5.039832258351253e-54
2026-08-09 08:45:00-05:00,0.010889521445728079,0.0,15.267706698034905,14.197824016186681,2.8558102628575496e-53
2026-08-09 09:00:00-05:00,0.008929407585497024,0.5257249675513026,16.639532314870735,16.242059062878397,1.598383389533957e-52
2026-08-09 09:15:00-05:00,0.00732211422010756,0.07470230243144567,16.796125826501452,16.075909081726635,8.836309217492221e-52
2026-08-09 09:30:00-05:00,0.006004133660488199,0.12785891535405547,17.7658262822543,16.974595576190463,4.825020827386009e-51
2026-08-09 09:45:00-05:00,0.004923389601600323,0.0,17.15707324726971,17.529646467809247,2.6023506780973937e-50
2026-08-09 10:00:00-05:00,0.0040371794733122645,0.6612559711141015,16.967811008533705,17.961854074606872,1.3863432936411706e-49
2026-08-09 10:15:00-05:00,0.0033104871681160566,0.0,17.958522617511733,18.69581721218581,7.294811805244153e-49
2026-08-09 10:30:00-05:00,0.0027145994778551663,0.0,16.824706278450094,15.983643100516293,3.791366237723837e-48
2026-08-09 10:45:00-05:00,0.002225971571841236,0.0,19.177781481693735,19.399746892351565,1.9463266273143323e-47
2026-08-09 11:00:00-05:00,0.0018252966889098134,0.0,19.102036457247607,18.229109347808762,9.86902046929612e-47
2026-08-09 11:15:00-05:00,0.001496743284906047,0.391081436553588,19.91084090266184,20.20521257061596,4.942773561810594e-46
2026-08-09 11:30:00-05:00,0.0012273294936229584,0.0,18.741345938105894,19.860910351173874,2.4451512024555155e-45
2026-08-09 11:45:00-05:00,0.0010064101847708257,0.2810685528567761,19.723714382560104,20.22442573305202,1.1947555724776326e-44
2026-08-09 12:00:00-05:00,0.0008252563515120771,0.0,20.251478671992135,20.310387006362554,5.766213907922511e-44
2026-08-09 12:15:00-05:00,0.0006767102082399031,0.5005050317389514,19.581880047674584,19.62387813273825,2.7487850079102147e-43
2026-08-09 12:30:00-05:00,0.0005549023707567206,0.0,19.660232306570435,20.359138815661993,1.2942826737529278e-42
2026-08-09 12:45:00-05:00,0.0004550199440205109,0.0,20.2526151792865,18.55906929881869,6.019436551453806e-42
2026-08-09 13:00:00-05:00,0.0003731163540968189,0.0,20.170645608469982,21.299522828037063,2.765163938648108e-41
2026-08-09 13:15:00-05:00,0.0003059554103593915,0.0,19.98047497576296,19.775237162595946,1.2546548437854034e-40
2026-08-09 13:30:00-05:00,0.00025088343649470104,0.5296510083957093,20.262277194185078,21.419569002610892,5.6229729004397546e-40
2026-08-09 13:45:00-05:00,0.00020572441792565484,0.4476746317725064,20.45272938102686,19.948881446413143,2.4891212533275125e-39
2026-08-09 14:00:00-05:00,0.00016869402269903695,0.30561139143407356,19.36317441585357,20.68412735643726,1.0883396596155926e-38
2026-08-09 14:15:00-05:00,0.00013832909861321029,0.08079356404658694,19.812824845425332,20.272850891321326,4.7002525899906207e-38
2026-08-09 14:30:00-05:00,0.00011342986086283242,0.3722729859202317,21.228073958927027,22.46711557593454,2.005008781961654e-37
2026-08-09 14:45:00-05:00,9.301248590752258e-05,0.21303036350270318,20.932719600117476,21.539907209812487,8.447918213230112e-37
2026-08-09 15:00:00-05:00,7.62702384441685e-05,0.0,20.598569679781153,20.51125855651396,3.5157781432751744e-36
2026-08-09 15:15:00-05:00,6.254159552421816e-05,0.1929049083872425,20.348620750378814,19.812815982914156,1.4452120129541458e-35
2026-08-09 15:30:00-05:00,5.128410832985889e-05,0.0,19.454071049002174,20.620411387166126,5.867863513021531e-35
2026-08-09 15:45:00-05:00,4.2052968830484286e-05,0.0,19.87893317758547,19.90593530854408,2.3532430459688744e-34
2026-08-09 16:00:00-05:00,3.4483434440997115e-05,0.0,19.319922657154112,19.583728877265347,9.321630933398905e-34
2026-08-09 16:15:00-05:00,2.8276416241617632e-05,0.0891801260982842,20.027314955064856,20.442743020935918,3.6471646011600065e-33
2026-08-09 16:30:00-05:00,2.3186661318126455e-05,0.0,18.815462007211273,20.307061734720243,1.40947430701955e-32
2026-08-09 16:45:00-05:00,1.9013062280863693e-05,0.0,18.479539040609144,19.40927697577154,5.380186160021138e-32
2026-08-09 17:00:00-05:00,1.5590711070308227e-05,0.421044227134276,19.115107437607747,19.991946609041165,2.0285035964894713e-31
2026-08-09 17:15:00-05:00,1.2784383077652746e-05,0.0,19.13448793071346,19.921056490866118,7.5542717008664865e-31
2026-08-09 17:30:00-05:00,1.048319412367525e-05,0.0,16.543612017713322,16.969261840758676,2.7787390183171102e-30
2026-08-09 17:45:00-05:00,8.596219181413704e-06,0.48138669809185,18.34800058198469,18.025994545235466,1.0095812067304675e-29
2026-08-09 18:00:00-05:00,7.048899728759237e-06,0.0,17.965614268434685,17.65174268207781,3.623039722524285e-29
2026-08-09 18:15:00-05:00,5.780097777582575e-06,0.0,16.169999078250402,13.795356790102787,1.2842313672676012e-28
2026-08-09 18:30:00-05:00,4.739680177617711e-06,0.0,16.30572579315363,16.395562344213594,4.496263872465446e-28
2026-08-09 18:45:00-05:00,3.8865377456465225e-06,0.0,17.47662647462214,17.655112001368426,1.5548863390650064e-27
2026-08-09 19:00:00-05:00,3.1869609514301484e-06,0.14674711737563997,14.66706007268003,15.201843892314072,5.311092249679095e-27
2026-08-09 19:15:00-05:00,2.6133079801727216e-06,0.0,14.673009591048466,14.301925792268142,1.791873643382226e-26
2026-08-09 19:30:00-05:00,2.1429125437416317e-06,0.009170623316051363,15.854408057567081,15.782009068915661,5.971305046478011e-26
2026-08-09 19:45:00-05:00,1.7571882858681379e-06,0.0,14.362411815839568,13.664077461283975,1.9654838241636744e-25
2026-08-09 20:00:00-05:00,1.440894394411873e-06,1.0673869323346845,14.827531832097469,15.58361793979332,6.390105520550407e-25
2026-08-09 20:15:00-05:00,1.1815334034177359e-06,0.5488722630575814,15.013783496765564,15.201935630157628,2.0520357625786424e-24
2026-08-09 20:30:00-05:00,0.13153239369824513,0.5103668643937471,14.00683275636369,15.291560540505964,6.508788515467854e-24
2026-08-09 20:45:00-05:00,0.107856562832561,0.0,13.283577629384725,12.463319980318927,2.0391714198668646e-23
2026-08-09 21:00:00-05:00,0.08844238152270001,1.2831583887166258,13.661279572669729,14.635166980862236,6.310236703220171e-23
2026-08-09 21:15:00-05:00,0.07252275284861401,0.42167249779273885,11.995519236255866,12.045515773038211,1.9287498479639178e-22
2026-08-09 21:30:00-05:00,0.059468657335863484,0.5005658566385531,12.26479563025435,12.728555256840435,5.822969281537222e-22
2026-08-09 21:45:00-05:00,0.048764299015408054,0.6864580060598566,12.016065526972886,13.202537819775175,1.736406620261933e-21
2026-08-09 22:00:00-05:00,0.0399867251926346,0.0,11.358428447806146,12.138201535595439,5.114423731803747e-21
2026-08-09 22:15:00-05:00,0.032789114657960375,0.0,11.390354013718714,11.065115819930547,1.4879225305104685e-20
2026-08-09 22:30:00-05:00,0.026887074019527505,0.5600701319079411,11.958516201677716,12.146142871861327,4.275651240655874e-20
2026-08-09 22:45:00-05:00,0.02204740069601255,0.0,11.88071608157735,11.627503700153905,1.2135636681257875e-19
2026-08-09 23:00:00-05:00,0.01807886857073029,0.0,10.634751235845812,11.196943579501628,3.402210640971568e-19
2026-08-09 23:15:00-05:00,0.36175154047236346,0.32920704010832785,11.150359131807816,12.158854945795062,9.421025317220781e-19
2026-08-09 23:30:00-05:00,0.29663626318733805,0.0,8.829832426440968,9.839532244479132,2.576757109154981e-18
2026-08-09 23:45:00-05:00,0.2432417358136172,1.126265615938601,9.696598392776849,10.640499874025874,6.961248457838979e-18
2026-08-10 00:00:00-05:00,0.1994582233671661,0.028532922403969457,8.703958269219546,9.279810459555968,1.8575440702012286e-17
2026-08-10 00:15:00-05:00,0.16355574316107618,0.001192408714543458,9.673136919942461,10.239815647806118,4.895865264586114e-17
2026-08-10 00:30:00-05:00,0.13411570939208245,0.0,8.798226931207093,7.718947429592706,1.2745536715638003e-16
2026-08-10 00:45:00-05:00,0.1099748817015076,0.050770725355194335,8.50613458008917,8.927689449394377,3.2773674723610854e-16
2026-08-10 01:00:00-05:00,0.09017940299523622,0.0,8.692596136683925,10.426800297545746,8.323969676981107e-16
2026-08-10 01:15:00-05:00,0.0739471104560937,0.5528505110542428,8.08103081894959,10.244325317640046,2.0882100405791107e-15
2026-08-10 01:30:00-05:00,0.06063663057399683,0.020562258981919095,8.613464704811769,8.957002561774674,5.174354859326245e-15
2026-08-10 01:45:00-05:00,0.0497220370706774,0.1452643505510496,8.831423560112626,8.417855158647198,1.2664165549094176e-14
2026-08-10 02:00:00-05:00,0.04077207039795546,0.6974982406092308,8.244276786949554,7.092038773088543,3.061507223199812e-14
2026-08-10 02:15:00-05:00,0.033433097726323475,0.3754455721233074,7.680962233861057,7.256467569297536,7.310251818545068e-14
2026-08-10 02:30:00-05:00,0.02741514013558525,0.4586285461252919,9.812066112768182,9.943847019688532,1.724120939035506e-13
2026-08-10 02:45:00-05:00,0.022480414911179903,0.0,8.260753187004624,7.682944541797528,4.01644158343527e-13
2026-08-10 03:00:00-05:00,0.01843394022716752,0.0,8.330506902142627,8.652695140846841,9.241735250663947e-13
2026-08-10 03:15:00-05:00,0.015115830986277366,0.25814773800438545,8.286009801082422,9.124444814227498,2.1004092927322602e-12
2026-08-10 03:30:00-05:00,0.01239498140874744,0.6858770695948279,8.994758753771961,9.793594030217635,4.715119226236869e-12
2026-08-10 03:45:00-05:00,0.0101638847551729,0.09973348958787909,8.692460289862867,8.199207747200656,1.0454897183568204e-11
2026-08-10 04:00:00-05:00,0.008334385499241778,0.0,10.170839825145055,9.820176596322312,2.289734845645553e-11
2026-08-10 04:15:00-05:00,0.006834196109378257,0.13761040623839138,8.551611158191388,9.453620637836684,4.9532353107322933e-11
2026-08-10 04:30:00-05:00,0.00560404080969017,0.18960678949090456,10.660671767459608,11.1777264950952,1.0583542713899205e-10
2026-08-10 04:45:00-05:00,0.004595313463945939,0.0,10.6825507285899,11.212830273034402,2.2336314362031582e-10
2026-08-10 05:00:00-05:00,0.00376815704043567,0.0,10.021552812770551,10.953460144050927,4.656185771232175e-10
2026-08-10 05:15:00-05:00,0.003089888773157249,0.1595786004865441,10.377196217466377,9.952387937320342,9.587103703908415e-10
2026-08-10 05:30:00-05:00,0.002533708793988944,0.0,10.246616846189788,9.261346643720413,1.9497677860172377e-09
2026-08-10 05:45:00-05:00,0.002077641211070934,0.06546552400860503,11.959755331468903,13.35092390364387,3.9166674251931896e-09
2026-08-10 06:00:00-05:00,0.001703665793078166,0.0,11.026047015803536,9.47005141130214,7.771213507633599e-09
2026-08-10 06:15:00-05:00,0.0013970059503240959,0.0,12.26168513485754,10.343558556664034,1.522997974471263e-08
2026-08-10 06:30:00-05:00,0.0011455448792657586,0.0,10.822162159390585,12.361435257029644,2.9481403186637685e-08
2026-08-10 06:45:00-05:00,0.0009393468009979219,1.5523893816954941,12.30302600290426,13.380938766340128,5.636834895598722e-08
2026-08-10 07:00:00-05:00,0.000770264376818296,0.4569837788178024,13.112041812304508,13.844659846073,1.0645371411076024e-07
2026-08-10 07:15:00-05:00,0.0006316167889910026,0.0,14.909205969462201,13.861574684107822,1.9857504150120978e-07
2026-08-10 07:30:00-05:00,0.0005179257669726222,0.742283488790611,13.858889025524416,11.650126831276374,3.6587003789544163e-07
2026-08-10 07:45:00-05:00,0.00042469912891755015,0.804618574004788,13.54167198675638,13.42025020144063,6.658361469857315e-07
2026-08-10 08:00:00-05:00,0.0003482532857123911,0.2754993496830839,14.415358736756472,14.520971185086088,1.1968679330025267e-06
2026-08-10 08:15:00-05:00,0.0002855676942841607,0.5410007827297693,16.48441758418382,16.871143172033708,2.1250220162321567e-06
2026-08-10 08:30:00-05:00,0.00023416550931301173,0.494304755094357,17.30292297048304,18.24484450730681,3.726653172078671e-06
2026-08-10 08:45:00-05:00,0.0001920157176366696,0.38635203105918237,15.363663653611455,14.71003004035313,6.4552469066326685e-06
2026-08-10 09:00:00-05:00,0.00015745288846206906,0.19048209196141985,16.04897926667012,16.95206383949109,1.1044475089776293e-05
2026-08-10 09:15:00-05:00,0.00012911136853889662,0.08027606941765351,15.264712438768667,16.323268190785885,1.8664469113520537e-05
2026-08-10 09:30:00-05:00,0.00010587132220189521,0.13764026911708901,17.8228294418231,16.762543183805327,3.115476951901466e-05
2026-08-10 09:45:00-05:00,8.681448420555407e-05,0.6944004581163634,17.925042950189507,18.19575533384288,5.1365531189759374e-05
2026-08-10 10:00:00-05:00,7.118787704855433e-05,0.0,17.951570863246992,17.867297765890964,8.364834722972767e-05
2026-08-10 10:15:00-05:00,5.8374059179814546e-05,0.0,17.416610737962266,17.237977817930208,0.00013454925108033938
2026-08-10 10:30:00-05:00,4.786672852744793e-05,0.8193803335361131,17.56023507350565,19.007524625938398,0.00021376841881809205
2026-08-10 10:45:00-05:00,3.9250717392507295e-05,0.5795647530739001,16.89528268555423,16.00604457538596,0.00033546262790251185
2026-08-10 11:00:00-05:00,3.218558826185598e-05,0.5836990155377344,18.492675215416828,18.19941758168798,0.000519975743255855
2026-08-10 11:15:00-05:00,2.6392182374721903e-05,0.0,17.97437867365656,18.163361734018594,0.0007960866914957304
2026-08-10 11:30:00-05:00,2.1641589547271958e-05,0.8269375947214999,19.88976033031388,19.820735987621333,0.001203859994828204
2026-08-10 11:45:00-05:00,1.7746103428763003e-05,0.0,19.654776630300113,19.45337750362078,0.0017981666618475832
2026-08-10 12:00:00-05:00,1.4551804811585661e-05,0.3349108487882834,20.339670436300068,19.514607257632722,0.002652908309644927
2026-08-10 12:15:00-05:00,1.1932479945500242e-05,0.5295854337629119,18.59672759703859,20.157868247186553,0.003865920139472804
2026-08-10 12:30:00-05:00,9.784633555310197e-06,0.0,19.710662675107912,20.221832988860903,0.00556444502779387
2026-08-10 12:45:00-05:00,8.023399515354361e-06,0.8687940727573552,20.128717307547454,20.854149312546763,0.007910959733930247
2026-08-10 13:00:00-05:00,6.579187602590576e-06,0.0,20.216511941511623,20.77617772833467,0.011108996538242306
2026-08-10 13:15:00-05:00,5.394933834124272e-06,0.0,20.847036711619104,19.9716083337233,0.015408445571188785
2026-08-10 13:30:00-05:00,4.423845743981903e-06,0.0,20.595500801850715,19.3241193075879,0.02110965645367106
2026-08-10 13:45:00-05:00,3.62755351006516e-06,0.9775337932483552,19.109925530230903,19.511914100999423,0.028565500784550377
2026-08-10 14:00:00-05:00,2.974593878253431e-06,0.0,21.62141868572104,21.48116649627421,0.03818043380053579
2026-08-10 14:15:00-05:00,2.4391669801678133e-06,0.1188465820180027,19.51640091485655,18.647132382477444,0.05040553336275363
2026-08-10 14:30:00-05:00,2.0001169237376067e-06,0.36742395895306185,20.115635131963934,19.743193095378597,0.06572852861653045
2026-08-10 14:45:00-05:00,1.6400958774648374e-06,0.1968859750026003,19.89964177191687,20.153124937544497,0.08465798862252993
2026-08-10 15:00:00-05:00,1.3448786195211665e-06,0.5324584327064336,19.519681365087166,19.999955555447848,0.10770114519003211
2026-08-10 15:15:00-05:00,0.6818702565109855,0.6237020130231975,19.631775572998198,20.07605900359914,0.1353352832366127
2026-08-10 15:30:00-05:00,0.5591336103390081,0.6960989226655473,18.758175014567527,19.39767859179859,0.16797323675753362
2026-08-10 15:45:00-05:00,0.4584895604779866,1.4932057283175013,20.843435144617533,20.772856841828137,0.20592424643419874
2026-08-10 16:00:00-05:00,0.375961439591949,0.2115058313048325,19.4520257696813,18.068040384421895,0.24935220877729616
2026-08-10 16:15:00-05:00,0.30828838046539814,0.8074250341336546,20.76057364107533,20.29943249585429,0.29823409618142155
2026-08-10 16:30:00-05:00,0.25279647198162647,0.3198454171122218,18.51691140501959,19.470344034291656,0.35232195499549696
2026-08-10 16:45:00-05:00,0.362721461422185,0.7040163908322894,19.243226789307112,18.05762106098089,0.41111229050718745
2026-08-10 17:00:00-05:00,0.29743159836619165,0.09393185313131838,18.59195961758669,18.021316323818812,0.473826726395364
2026-08-10 17:15:00-05:00,0.24389391066027713,0.18616766220311187,16.91070646455447,17.689000232307787,0.5394075072376265
2026-08-10 17:30:00-05:00,0.19999300674142723,0.02522796516259826,17.28393247297153,18.111547004942985,0.6065306597126334
2026-08-10 17:45:00-05:00,0.1639942655279703,0.30775388914418633,16.372488207165386,15.626901808276529,0.6736384553447268
2026-08-10 18:00:00-05:00,0.13447529773293565,0.011050168605511584,18.205860754922735,17.581424095820996,0.7389912962803088
2026-08-10 18:15:00-05:00,0.13000225022803524,0.7840021663167674,17.002211556588552,16.26611735329703,0.8007374029168081
2026-08-10 18:30:00-05:00,0.1066018451869889,0.0,16.743903191596896,16.448234836011114,0.8569968914352789
2026-08-10 18:45:00-05:00,0.0874135130533309,0.23706453154066695,17.11832526739058,17.263761886030647,0.9059551911095096
2026-08-10 19:00:00-05:00,0.07167908070373133,0.6511877850485148,16.390055800179127,15.075733318903394,0.9459594689067654
2026-08-10 19:15:00-05:00,0.05877684617705969,0.19708748652973535,15.238182109626264,14.053632564164008,0.9756109800648459
2026-08-10 19:30:00-05:00,0.04819701386518894,0.03808853274730378,15.582668095275848,16.340673312727578,0.9938461733264412
2026-08-10 19:45:00-05:00,0.045165855325848936,0.0,14.427695488557642,12.6087337784599,1.0
2026-08-10 20:00:00-05:00,0.03703600136719613,0.5329174092654193,14.905724359318809,14.04838666546586,0.9938461733264412
2026-08-10 20:15:00-05:00,0.03036952112110082,0.8529094712476507,13.12295237003948,14.211781433354119,0.9756109800648459
2026-08-10 20:30:00-05:00,0.024903007319302672,0.0,12.945411274391889,11.975386410616414,0.9459594689067654
2026-08-10 20:45:00-05:00,0.02042046600182819,0.6297493723594346,12.996591998741728,13.16371642497728,0.9059551911095096
2026-08-10 21:00:00-05:00,0.016744782121499113,0.03889079923987908,12.792042455745342,12.971441055740836,0.8569968914352789
2026-08-10 21:15:00-05:00,0.013730721339629272,0.0,13.749401383351184,14.229111982859187,0.8007374029168081
2026-08-10 21:30:00-05:00,0.011259191498496003,0.07204216082341654,12.647215228912168,13.026931664186485,0.7389912962803088
2026-08-10 21:45:00-05:00,0.009232537028766722,0.0,10.175392673163895,9.888453755237341,0.6736384553447268
2026-08-10 22:00:00-05:00,0.007570680363588712,0.0,10.269331368614408,9.836894977303581,0.6065306597126334
2026-08-10 22:15:00-05:00,0.006207957898142743,0.08166590584356861,10.909917745868082,10.68511557226752,0.5394075072376265
2026-08-10 22:30:00-05:00,0.005090525476477049,0.18538759133100072,11.45972655571981,11.300740694902629,0.473826726395364
2026-08-10 22:45:00-05:00,0.00417423089071118,0.0,11.259777726846107,10.500157238364466,0.41111229050718745
2026-08-10 23:00:00-05:00,0.0034228693303831677,0.0,11.613733661456184,12.198493383352705,0.35232195499549696
2026-08-10 23:15:00-05:00,0.002806752850914197,0.17929878625385218,8.864702886863768,8.448134332166301,0.29823409618142155
2026-08-10 23:30:00-05:00,0.0023015373377496414,0.2979170179715569,10.57684788871571,9.850218288254007,0.24935220877729616
2026-08-10 23:45:00-05:00,0.0018872606169547058,0.3644347577164659,9.065292603995431,9.015376622335564,0.20592424643419874
2026-08-11 00:00:00-05:00,0.0015475537059028586,0.3806371492605464,9.236976073761268,8.462041796859706,0.16797323675753362
2026-08-11 00:15:00-05:00,0.001268994038840344,0.14486991160797713,9.049676987526102,9.56306190004373,0.1353352832366127
2026-08-11 00:30:00-05:00,0.001040575111849082,0.0,8.851808409767886,8.387459731097797,0.10770114519003211
2026-08-11 00:45:00-05:00,0.0008532715917162472,0.45009698043878343,9.548989929724307,8.605877495941876,0.08465798862252993
2026-08-11 01:00:00-05:00,0.0006996827052073227,0.0,9.117369825572876,8.106469572685034,0.06572852861653045
2026-08-11 01:15:00-05:00,0.0005737398182700046,0.19622155819072837,8.651061930155619,8.50846123917789,0.05040553336275363
2026-08-11 01:30:00-05:00,0.0004704666509814037,0.0,9.220501384183276,9.003124526593803,0.03818043380053579
2026-08-11 01:45:00-05:00,0.00038578265380475105,1.013785262608598,8.979859135819094,8.606199890590771,0.028565500784550377
2026-08-11 02:00:00-05:00,0.0003163417761198958,0.0,7.997920636020032,8.181085761919935,0.02110965645367106
2026-08-11 02:15:00-05:00,0.00025940025641831455,0.0,8.032757596605784,8.585339695288663,0.015408445571188785
2026-08-11 02:30:00-05:00,0.00021270821026301792,0.0,7.967498277442739,7.125674074549524,0.011108996538242306
2026-08-11 02:45:00-05:00,0.00017442073241567469,0.2948741461338433,9.495657079496002,8.773470230293723,0.007910959733930247
2026-08-11 03:00:00-05:00,0.00014302500058085323,0.0,9.385621904456686,8.824113467844816,0.00556444502779387
2026-08-11 03:15:00-05:00,0.00011728050047629965,0.5461791924555714,7.901884946265948,7.244169605883565,0.003865920139472804
2026-08-11 03:30:00-05:00,9.617001039056571e-05,0.33811952233195103,8.861551824467405,8.940629551544419,0.002652908309644927
2026-08-11 03:45:00-05:00,7.885940852026388e-05,0.0,10.314699478919572,10.203717747889373,0.0017981666618475832
2026-08-11 04:00:00-05:00,6.466471498661638e-05,0.0,9.222488200556128,8.300746009547312,0.001203859994828204
2026-08-11 04:15:00-05:00,5.302506628902543e-05,0.0,9.401595713060404,10.23096342700076,0.0007960866914957304
2026-08-11 04:30:00-05:00,4.348055435700085e-05,0.0,10.128517742239676,11.2372711980974,0.000519975743255855
2026-08-11 04:45:00-05:00,3.5654054572740696e-05,0.6805570737814256,10.950248418332954,11.729931239030332,0.00033546262790251185
2026-08-11 05:00:00-05:00,2.923632474964737e-05,0.0,11.126634346778864,10.784468240772943,0.00021376841881809205
2026-08-11 05:15:00-05:00,2.3973786294710842e-05,0.0,11.276238009090221,11.437665354339805,0.00013454925108033938
2026-08-11 05:30:00-05:00,0.8341506876490701,0.0,10.754545280801889,10.779196618540528,8.364834722972767e-05
2026-08-11 05:45:00-05:00,0.6840035638722374,0.946078853157306,10.409932617484042,11.805776325211115,5.1365531189759374e-05
2026-08-11 06:00:00-05:00,0.5608829223752346,1.717895498834166,10.560935863830121,10.169422843225258,3.115476951901466e-05
2026-08-11 06:15:00-05:00,0.4599239963476924,0.01937670910127065,13.06875942708072,12.75669295637184,1.8664469113520537e-05
2026-08-11 06:30:00-05:00,0.37713767700510775,0.4903581304983244,10.894534802199395,10.91830845221564,1.1044475089776293e-05
2026-08-11 06:45:00-05:00,0.30925289514418836,0.9061616534969399,12.269757475979173,13.815061593423296,6.4552469066326685e-06
2026-08-11 07:00:00-05:00,0.25358737401823445,0.06445457551584374,12.82621856381719,13.839665308083033,3.726653172078671e-06
2026-08-11 07:15:00-05:00,0.20794164669495224,0.016183229949576605,14.191908786209185,15.4930191754215,2.1250220162321567e-06
2026-08-11 07:30:00-05:00,0.17051215028986083,0.5365736725332377,13.337230504463632,13.825796714785666,1.1968679330025267e-06
2026-08-11 07:45:00-05:00,0.13981996323768586,0.39875574077657117,13.573864486697678,12.982569362444874,6.658361469857315e-07
2026-08-11 08:00:00-05:00,0.1146523698549024,0.3113427960295711,14.122892196782706,14.81876792251931,3.6587003789544163e-07
2026-08-11 08:15:00-05:00,0.09401494328101996,0.2255750907957304,16.51434174171228,16.51751984842731,1.9857504150120978e-07
2026-08-11 08:30:00-05:00,0.9696579035757547,1.2932368267798424,15.025024036723533,14.028541617069033,1.0645371411076024e-07
2026-08-11 08:45:00-05:00,0.7951194809321188,0.6609573927439113,15.476956628527867,16.276608304109683,5.636834895598722e-08
2026-08-11 09:00:00-05:00,0.6519979743643374,0.967202190280432,14.777905151791652,15.345815884691618,2.9481403186637685e-08
2026-08-11 09:15:00-05:00,0.5346383389787566,0.32527351178294583,17.83985272510994,17.074410802910634,1.522997974471263e-08
2026-08-11 09:30:00-05:00,0.43840343796258036,0.7348649223806925,16.871271301652353,15.880960751783256,7.771213507633599e-09
2026-08-11 09:45:00-05:00,0.35949081912931585,0.33532320853523473,17.41994531623923,16.52915203153215,3.9166674251931896e-09
2026-08-11 10:00:00-05:00,0.294782471686039,0.1408007054464033,17.229784877604725,18.874988412544667,1.9497677860172377e-09
2026-08-11 10:15:00-05:00,0.24172162678255196,0.11867813372939681,18.93402324571443,18.163599959909956,9.587103703908415e-10
2026-08-11 10:30:00-05:00,0.1982117339616926,0.7035346164549671,18.336896554889275,18.076442339138502,4.656185771232175e-10
2026-08-11 10:45:00-05:00,0.1625336218485879,0.08820950566409008,18.06467230368423,18.42813468291009,2.2336314362031582e-10
2026-08-11 11:00:00-05:00,0.13327756991584208,0.291075784160235,20.312449489374742,20.83351801993663,1.0583542713899205e-10
2026-08-11 11:15:00-05:00,0.1092876073309905,0.0,19.436451568121928,19.44406034745512,4.9532353107322933e-11
2026-08-11 11:30:00-05:00,0.0896158380114122,0.25482174213459985,20.11341743939198,19.00957497588327,2.289734845645553e-11
2026-08-11 11:45:00-05:00,0.073484987169358,0.36096708953228684,19.276406884844704,18.75367843380174,1.0454897183568204e-11
2026-08-11 12:00:00-05:00,0.060257689478873555,0.0,18.364951329317062,19.219559296648903,4.715119226236869e-12
2026-08-11 12:15:00-05:00,0.04941130537267631,0.0,20.421534843800142,19.69203413863925,2.1004092927322602e-12
2026-08-11 12:30:00-05:00,0.04051727040559457,0.049952915102236366,20.383997840077956,20.21293113405065,9.241735250663947e-13
2026-08-11 12:45:00-05:00,0.03322416173258755,0.0,19.364054628170752,20.173323951037585,4.01644158343527e-13
2026-08-11 13:00:00-05:00,0.02724381262072179,0.0,19.251811803492153,18.995038253767838,1.724120939035506e-13
2026-08-11 13:15:00-05:00,0.022339926348991866,0.8267522456620092,19.70471475883655,18.811101856190785,7.310251818545068e-14
2026-08-11 13:30:00-05:00,1.2790919823372557,0.9646781679453363,22.067062114166305,21.322591755983787,3.061507223199812e-14
2026-08-11 13:45:00-05:00,1.0488554255165496,1.0398584759297145,20.349145679558315,21.037013203979495,1.2664165549094176e-14
2026-08-11 14:00:00-05:00,0.8600614489235706,1.074634753967311,20.33174733482887,20.334855397668136,5.174354859326245e-15
2026-08-11 14:15:00-05:00,0.7052503881173279,0.32435629560200313,19.45247102743661,19.598656776550627,2.0882100405791107e-15
2026-08-11 14:30:00-05:00,0.5783053182562088,0.9128072400265925,20.194056896866236,19.228890025794986,8.323969676981107e-16
2026-08-11 14:45:00-05:00,0.47421036097009117,0.8344821747986622,20.175909683555034,20.14723037124485,3.2773674723610854e-16
2026-08-11 15:00:00-05:00,0.3888524959954747,0.0,20.005677530523325,19.607138321461075,1.2745536715638003e-16
2026-08-11 15:15:00-05:00,0.31885904671628923,0.8938618782748735,20.595287752198935,20.777498774909315,4.895865264586114e-17
2026-08-11 15:30:00-05:00,0.26146441830735717,0.0,20.098307477564145,19.64719934716015,1.8575440702012286e-17
2026-08-11 15:45:00-05:00,0.32491461757409074,0.28528529461204466,19.119838344487473,19.187593103488016,6.961248457838979e-18
2026-08-11 16:00:00-05:00,0.2664299864107544,0.0,19.498073800971408,20.53019651511993,2.576757109154981e-18
2026-08-11 16:15:00-05:00,0.21847258885681858,0.0,19.013059446717577,18.12294682551123,9.421025317220781e-19
2026-08-11 16:30:00-05:00,0.17914752286259122,0.0,20.21300024333013,20.606548038615205,3.402210640971568e-19
2026-08-11 16:45:00-05:00,0.1469009687473248,0.05372519450810016,18.907546339964295,18.646529084282683,1.2135636681257875e-19
2026-08-11 17:00:00-05:00,0.12045879437280634,0.0,16.858984174823735,17.57168131739185,4.275651240655874e-20
2026-08-11 17:15:00-05:00,0.0987762113857012,0.2342225959697312,18.842821962181553,19.55198032895811,1.4879225305104685e-20
2026-08-11 17:30:00-05:00,0.08099649333627497,0.20853978729576567,17.043292223008837,17.216657210689142,5.114423731803747e-21
2026-08-11 17:45:00-05:00,0.06641712453574547,0.0,17.339441726944997,17.745519782454476,1.736406620261933e-21
2026-08-11 18:00:00-05:00,0.054462042119311285,0.32287023538676995,17.38204875427662,17.43654067824343,5.822969281537222e-22
2026-08-11 18:15:00-05:00,0.04465887453783525,0.05814268829506536,17.238434340365203,18.060650799054752,1.9287498479639178e-22
2026-08-11 18:30:00-05:00,0.036620277121024905,0.0,17.265159791761764,15.728197180528316,6.310236703220171e-23
2026-08-11 18:45:00-05:00,0.03002862723924042,0.056189170776781344,16.43338968984311,18.027146361632447,2.0391714198668646e-23
2026-08-11 19:00:00-05:00,0.024623474336177145,0.35375142832047135,15.12793978757608,15.763369521947554,6.508788515467854e-24
2026-08-11 19:15:00-05:00,0.020191248955665257,0.2573571036724475,16.114236947543006,16.93601927285026,2.0520357625786424e-24
2026-08-11 19:30:00-05:00,0.01655682414364551,0.6183100685544349,14.749076495662587,15.298605456448701,6.390105520550407e-25
2026-08-11 19:45:00-05:00,0.013576595797789318,0.001332108515502136,14.751395317907443,14.7498535531446,1.9654838241636744e-25
2026-08-11 20:00:00-05:00,0.01113280855418724,0.4836079354010912,14.174018258556213,13.89076334049869,5.971305046478011e-26
2026-08-11 20:15:00-05:00,0.009128903014433537,0.5263253307752372,13.354575662121542,14.670376020108765,1.791873643382226e-26
2026-08-11 20:30:00-05:00,0.0074857004718355,0.0,12.954084844699901,14.451196794075933,5.311092249679095e-27
2026-08-11 20:45:00-05:00,0.0061382743869051095,0.1503600437622945,11.904346320418584,12.138436126731587,1.5548863390650064e-27
2026-08-11 21:00:00-05:00,0.00503338499726219,0.0,11.179785993627538,11.4974596324051,4.496263872465446e-28
2026-08-11 21:15:00-05:00,0.004127375697754995,0.0,11.774592617744254,11.977041985659495,1.2842313672676012e-28
2026-08-11 21:30:00-05:00,0.003384448072159096,0.297694992300196,12.116942715857126,11.14649744247608,3.623039722524285e-29
2026-08-11 21:45:00-05:00,0.0027752474191704585,0.06649655597525465,12.703422810715557,13.880860058241801,1.0095812067304675e-29
2026-08-11 22:00:00-05:00,0.002275702883719776,0.2977874772116282,12.368422482283037,11.73233652895644,2.7787390183171102e-30
2026-08-11 22:15:00-05:00,0.001866076364650216,0.3935336922302637,11.552705982551737,12.362817415502963,7.5542717008664865e-31
2026-08-11 22:30:00-05:00,0.001530182619013177,0.6818354670658472,10.65404721831605,11.214322029678419,2.0285035964894713e-31
2026-08-11 22:45:00-05:00,0.0012547497475908051,0.0,11.030528597281998,10.979098853657895,5.380186160021138e-32
2026-08-11 23:00:00-05:00,2.8628382405564077,2.409594590635332,10.964524351406387,11.50218716212064,1.40947430701955e-32
2026-08-11 23:15:00-05:00,2.3475273572562543,2.8833076837623897,9.908258956508014,8.810953255661012,3.6471646011600065e-33
2026-08-11 23:30:00-05:00,1.9249724329501283,1.5541961102111674,9.115993139667607,8.495881089924724,9.321630933398905e-34
2026-08-11 23:45:00-05:00,1.5784773950191051,1.989327547356682,9.727375036981465,9.88068551440412,2.3532430459688744e-34
2026-08-12 00:00:00-05:00,1.2943514639156661,1.7090503343547498,9.18037444195167,10.78296569035174,5.867863513021531e-35
2026-08-12 00:15:00-05:00,1.0613682004108462,1.2003061070392596,8.728743504185617,8.42492092241196,1.4452120129541458e-35
2026-08-12 00:30:00-05:00,0.8703219243368938,1.045922029238238,8.850166215609836,8.083762464123662,3.5157781432751744e-36
2026-08-12 00:45:00-05:00,0.7136639779562529,0.9288891434129215,8.804214943572608,8.619796416238684,8.447918213230112e-37
2026-08-12 01:00:00-05:00,0.5852044619241273,0.8221375635532411,8.151169762207786,7.1299206562575606,2.005008781961654e-37
2026-08-12 01:15:00-05:00,0.47986765877778437,0.5957159695931482,7.313128917428571,7.645049832390385,4.7002525899906207e-38
2026-08-12 01:30:00-05:00,0.3934914801977832,0.4063184781363397,8.48151753215362,10.085280559311059,1.0883396596155926e-38
2026-08-12 01:45:00-05:00,0.3226630137621822,0.5691371765407424,10.047131970678215,9.257868096413533,2.4891212533275125e-39
2026-08-12 02:00:00-05:00,0.2645836712849894,1.3970123055730266,9.323424174253617,10.639030076258727,5.6229729004397546e-40
2026-08-12 02:15:00-05:00,0.21695861045369128,0.10080792193027953,8.335291895241667,7.324961790204429,1.2546548437854034e-40
2026-08-12 02:30:00-05:00,0.17790606057202685,0.85970974008573,8.343585025328355,9.358309435683285,2.765163938648108e-41
2026-08-12 02:45:00-05:00,0.145882969669062,0.0,9.267144848369195,8.224787313393987,6.019436551453806e-42
2026-08-12 03:00:00-05:00,0.11962403512863083,0.0,9.654698637890464,10.3042176617398,1.2942826737529278e-42
2026-08-12 03:15:00-05:00,0.09809170880547728,0.0,8.339867728328217,6.086581063925357,2.7487850079102147e-43
2026-08-12 03:30:00-05:00,0.08043520122049137,0.0,9.870138779558866,10.431588711561266,5.766213907922511e-44
2026-08-12 03:45:00-05:00,0.06595686500080292,0.0,8.653875455332017,8.774041175449034,1.1947555724776326e-44
2026-08-12 04:00:00-05:00,0.05408462930065839,0.0,10.141084674844727,9.49956399261248,2.4451512024555155e-45
2026-08-12 04:15:00-05:00,0.044349396026539874,0.0,9.794499369788516,8.851092714828898,4.942773561810594e-46
2026-08-12 04:30:00-05:00,0.036366504741762694,0.040676987137796536,9.612578074037314,9.117593980553634,9.86902046929612e-47
2026-08-12 04:45:00-05:00,0.029820533888245408,0.39168966207899775,10.186769395405562,10.108695205244047,1.9463266273143323e-47
2026-08-12 05:00:00-05:00,0.024452837788361232,0.3638178036558026,10.136398459313144,9.208029297509437,3.791366237723837e-48
2026-08-12 05:15:00-05:00,0.02005132698645621,0.0,11.068388845831162,11.042981787689984,7.294811805244153e-49
2026-08-12 05:30:00-05:00,0.01644208812889409,0.02154807295999537,10.84133560670996,9.737792053479296,1.3863432936411706e-49
2026-08-12 05:45:00-05:00,0.013482512265693154,0.4344094537211069,11.337358047491264,11.439673152835168,2.6023506780973937e-50
2026-08-12 06:00:00-05:00,0.011055660057868386,0.21709220273148955,10.76988561865667,10.867198680561183,4.825020827386009e-51
2026-08-12 06:15:00-05:00,0.009065641247452075,0.0,12.78762878865805,11.985240439706551,8.836309217492221e-52
2026-08-12 06:30:00-05:00,0.007433825822910701,0.0,13.371363170832712,13.869225203136873,1.598383389533957e-52
2026-08-12 06:45:00-05:00,0.006095737174786775,0.0,12.74424984273812,13.912038003197152,2.8558102628575496e-53
2026-08-12 07:00:00-05:00,0.004998504483325155,0.0,12.852677218952369,12.52794941284862,5.039832258351253e-54
2026-08-12 07:15:00-05:00,0.004098773676326627,0.0,13.486917789087038,12.972651840252631,8.784987618116086e-55
2026-08-12 07:30:00-05:00,0.6731661534329031,0.0,13.814671365221265,15.223394797128096,1.5125319776451707e-55
2026-08-12 07:45:00-05:00,0.5519962458149805,0.5146608899555697,15.832407684689601,14.344751725048738,2.572209372642415e-56
2026-08-12 08:00:00-05:00,0.452636921568284,0.5995371510595299,15.635173639544306,14.287548659890389,4.3206233394081195e-57
2026-08-12 08:15:00-05:00,0.37116227568599286,0.6625711255606297,14.382563737451264,13.523292200540165,7.168443027642453e-58
2026-08-12 08:30:00-05:00,0.3043530660625141,0.6860406898677857,15.499436021572517,14.262052484826837,1.1747395985334873e-58
2026-08-12 08:45:00-05:00,0.24956951417126155,0.9654359074431984,16.283896689558112,16.872337671388205,1.9015017019434203e-59
2026-08-12 09:00:00-05:00,0.20464700162043445,0.14994367992391217,15.731729816745487,15.494618562343062,3.0401160927679965e-60
2026-08-12 09:15:00-05:00,0.16781054132875622,0.0,16.196760213143452,15.317396254389488,4.800892238919128e-61
2026-08-12 09:30:00-05:00,0.1376046438895801,1.2108980401375617,17.334322549968302,16.178002426438127,7.488452634889905e-62
2026-08-12 09:45:00-05:00,0.11283580798945568,0.19957724749255928,17.517913582910627,16.993065792958987,1.1537203584418522e-62
2026-08-12 10:00:00-05:00,0.09252536255135366,0.0,16.698482277051397,16.58064861076188,1.7556880978548265e-63
2026-08-12 10:15:00-05:00,0.07587079729210999,0.1334433352390204,17.81228560242353,17.646923433141385,2.6389582136201846e-64
2026-08-12 10:30:00-05:00,0.06221405377953019,0.0,16.873123385704353,17.685383389165388,3.9179239495691345e-65
2026-08-12 10:45:00-05:00,0.051015524099214754,0.13515515562676939,18.75008094680517,18.398965925723488,5.745367715230645e-66
2026-08-12 11:00:00-05:00,0.041832729761356095,0.8369619238675396,18.976207494627815,20.328445842108486,8.321813858798147e-67
2026-08-12 11:15:00-05:00,0.034302838404311996,0.17736373981770506,18.691635413382972,18.195485508681198,1.1905743032778631e-67
2026-08-12 11:30:00-05:00,0.028128327491535834,0.01779107374728403,18.232807320497958,17.460790841350413,1.6824158527127528e-68
2026-08-12 11:45:00-05:00,0.023065228543059382,0.0,20.177154858003764,20.435525779037818,2.3482727515341305e-69
2026-08-12 12:00:00-05:00,0.018913487405308693,0.05844214932220987,20.366652626927827,20.79117631799291,3.2374425123891944e-70
2026-08-12 12:15:00-05:00,0.015509059672353127,0.0,20.00957743917022,20.2963579750327,4.408531331463226e-71
2026-08-12 12:30:00-05:00,0.012717428931329563,0.3261021531075802,19.235978222510123,19.15093561112203,5.929582797995683e-72
2026-08-12 12:45:00-05:00,0.01042829172369024,0.0,19.265473127965794,19.1159937391648,7.877577482615241e-73
2026-08-12 13:00:00-05:00,0.008551199213425996,0.7572880203592524,20.07944334892269,19.80730916173871,1.0337120265673203e-73
2026-08-12 13:15:00-05:00,0.0070119833550093165,0.38815768782284055,20.14492027590389,20.540948168292346,1.3398148723564213e-74
2026-08-12 13:30:00-05:00,2.7868237351185337,2.82989590724543,20.35652786572101,19.31255449376526,1.715253678032022e-75
2026-08-12 13:45:00-05:00,2.2851954627971973,2.1133149214751628,20.762457423012716,21.542598021368182,2.1689536131351845e-76
2026-08-12 14:00:00-05:00,1.8738602794937016,1.7591449285120917,19.678090832761814,20.141457957227487,2.709009377588364e-77
2026-08-12 14:15:00-05:00,1.5365654291848352,2.258247739524046,21.178795765232753,21.741509630959712,3.3420203694427853e-78
2026-08-12 14:30:00-05:00,1.2599836519315648,1.884594243954611,21.684004933955503,21.04275117290362,4.0723586257611754e-79
2026-08-12 14:45:00-05:00,1.0331865945838832,0.8266064746853411,20.104942799010328,19.77139415895424,4.901412794203119e-80
2026-08-12 15:00:00-05:00,0.8472130075587841,0.10829103366030757,19.58651216927951,19.774493970307116,5.826864023354683e-81
2026-08-12 15:15:00-05:00,0.694714666198203,0.8272429082058199,18.301983601271374,17.819763921402007,6.842059184017643e-82
2026-08-12 15:30:00-05:00,0.5696660262825264,0.43567067462240183,19.479838215965913,18.173658860927937,7.935551406312715e-83
2026-08-12 15:45:00-05:00,0.4671261415516716,0.515467822614211,19.546063668321974,19.74189653635754,9.09087595551689e-84
2026-08-12 16:00:00-05:00,0.3830434360723707,0.3205189216084093,19.67077507873153,19.255767745334936,1.0286619937923687e-84
2026-08-12 16:15:00-05:00,0.31409561757934396,0.7258484889293983,21.021833531729648,21.38691177003215,1.1496826996010091e-85
2026-08-12 16:30:00-05:00,0.257558406415062,0.23053790684243072,18.905406710925035,18.326123411764456,1.2691753770951544e-86
2026-08-12 16:45:00-05:00,0.21119789326035082,0.418469577199186,19.654049174334403,20.28343042962425,1.3838965267367376e-87
2026-08-12 17:00:00-05:00,0.17318227247348766,0.0,18.606129260808626,19.36526392762111,1.490472407540571e-88
2026-08-12 17:15:00-05:00,0.14200946342825987,0.0,18.512870350564143,18.15952243836036,1.585559709476228e-89
2026-08-12 17:30:00-05:00,0.11644776001117309,0.48261997871267653,17.25297521796222,17.505789184647597,1.666017665520094e-90
2026-08-12 17:45:00-05:00,0.09548716320916192,0.5562971104807133,18.52790667306911,18.434422429035102,1.729079423040397e-91
2026-08-12 18:00:00-05:00,0.07829947383151277,0.0,17.110611350322827,17.207823491299568,1.7725097084745192e-92
2026-08-12 18:15:00-05:00,0.06420556854184047,0.0,17.49391463588259,17.78385108752396,1.7947362817304427e-93
2026-08-12 18:30:00-05:00,0.05264856620430918,0.0739104052960997,16.586023634219607,16.432807817947687,1.7949444063758104e-94
2026-08-12 18:45:00-05:00,0.04317182428753353,0.0,16.722812311403164,16.80523214475362,1.7731264214803528e-95
2026-08-12 19:00:00-05:00,0.03540089591577749,0.2552982385380858,16.12910673309817,16.221857750973975,1.73008220968259e-96
2026-08-12 19:15:00-05:00,0.02902873465093754,0.11725385365469126,16.12899117454325,15.675830092323622,1.6673705216099514e-97
2026-08-12 19:30:00-05:00,0.023803562413768783,0.0,15.831028628523656,16.35062465960429,1.5872152866772185e-98
2026-08-12 19:45:00-05:00,0.05274362398182178,0.6517375983624276,14.576678995738959,15.225140042043488,1.4923747614760575e-99
2026-08-12 20:00:00-05:00,0.043249771665093854,0.8648760886957448,14.010530791496553,13.932320479065531,1.3859842457113682e-100
2026-08-12 20:15:00-05:00,0.03546481276537696,0.0,13.214673567885175,13.51947773375821,1.2713848482537979e-101
2026-08-12 20:30:00-05:00,0.029081146467609106,0.396904512072266,14.106030913540891,14.999939781063752,1.151951272463575e-102
2026-08-12 20:45:00-05:00,0.023846540103439465,0.8667746422487547,13.464724670010662,12.45605755933746,1.0309308265674039e-103
2026-08-12 21:00:00-05:00,0.01955416288482036,0.0,12.489757471000074,12.94167224094811,9.113040131909181e-105
2026-08-12 21:15:00-05:00,0.02727028540990413,0.0,12.002991145540541,13.383950466059307,7.9567438919514e-106
2026-08-12 21:30:00-05:00,0.022361634036121385,0.010851110000188235,12.850804322043157,12.67477209365079,6.861922610635875e-107
2026-08-12 21:45:00-05:00,0.018336539909619535,0.7644603921453605,11.902136632620067,11.784222670417739,5.845135614453731e-108
2026-08-12 22:00:00-05:00,0.015035962725888018,0.0,12.417482382539475,11.639336200069913,4.917922806045654e-109
2026-08-12 22:15:00-05:00,0.012329489435228174,0.0,10.985675826348475,11.015022605606946,4.0870237655097446e-110
2026-08-12 22:30:00-05:00,0.010110181336887103,0.0,10.911394820319904,10.196069048788255,3.3548334016768045e-111
2026-08-12 22:45:00-05:00,0.008290348696247424,0.36594177301453934,10.272960185955075,9.198249423815472,2.720026237617272e-112
2026-08-12 23:00:00-05:00,0.006798085930922887,0.4888295685838301,9.286837631752043,8.464495145583282,2.1782793178832768e-113
2026-08-12 23:15:00-05:00,0.005574430463356767,0.0,11.236119142619879,12.033438464703117,1.7230281882086733e-114
2026-08-12 23:30:00-05:00,0.004571032979952549,0.0,10.452113421281348,10.727297087483144,1.3461998461573202e-115
2026-08-12 23:45:00-05:00,0.0037482470435610898,0.24794754218051168,9.500929785762306,8.220858561497074,1.038879150684302e-116
2026-08-13 00:00:00-05:00,0.0030735625757200933,0.5880853967542443,8.798699184017789,7.944626017242463,7.918790695149036e-118
2026-08-13 00:15:00-05:00,0.002520321312090476,0.40480040740721185,8.516651018607247,9.129733059526679,5.961987174639196e-119
2026-08-13 00:30:00-05:00,0.0020666634759141903,0.3041276446471236,9.20270756296046,8.166419887164789,4.433651473676319e-120
2026-08-13 00:45:00-05:00,0.0016946640502496359,0.17525081410320595,8.534459540184876,8.749614970915998,3.256644877883521e-121
2026-08-13 01:00:00-05:00,0.0013896245212047013,0.0,9.544852045319285,8.65590200212985,2.3627490426728334e-122
2026-08-13 01:15:00-05:00,0.11282798347424439,0.47989572866274727,9.707595358184724,9.244424219569096,1.6931799931173075e-123
2026-08-13 01:30:00-05:00,0.0925189464488804,0.5723048045423096,7.74587274192738,7.895232343898335,1.1984695387476604e-124
2026-08-13 01:45:00-05:00,0.07586553608808191,1.2306358604685432,9.461362112440616,11.487577235290377,8.378942533819369e-126
2026-08-13 02:00:00-05:00,0.06220973959222716,0.0,7.9611261749791495,7.480025765504864,5.786151002204046e-127
2026-08-13 02:15:00-05:00,0.05101198646562627,0.0,8.480809984912774,8.174941148707958,3.9466503712770197e-128
2026-08-13 02:30:00-05:00,0.04182982890181354,0.0,8.506662304835567,8.036900710667293,2.6589237633496464e-129
2026-08-13 02:45:00-05:00,1.1292118548078447,1.2497871707967179,9.234980832591487,8.61775796549664,1.7693813937834647e-130
2026-08-13 03:00:00-05:00,0.9259537209424326,0.6249997669250007,8.91488267081923,8.284461504010379,1.1629883557484572e-131
2026-08-13 03:15:00-05:00,0.7592820511727947,1.2453379580967914,8.684195309501716,8.58663494758059,7.550359258120274e-133
2026-08-13 03:30:00-05:00,0.6226112819616916,0.5388653817081588,9.599324514323166,9.882353827639806,4.841703679718595e-134
2026-08-13 03:45:00-05:00,0.5105412512085871,0.0,8.6719856256111,9.666617549677024,3.066670644383933e-135
2026-08-13 04:00:00-05:00,0.4186438259910414,0.0,8.315802672053495,7.046246515423964,1.918555668934785e-136
2026-08-13 04:15:00-05:00,0.3432879373126539,0.0,10.615807399588606,10.956364642016904,1.1855503805254048e-137
2026-08-13 04:30:00-05:00,0.2814961085963762,0.04265175750689493,11.058929787811385,10.56429775205782,7.236090053007623e-139
2026-08-13 04:45:00-05:00,0.23082680904902847,0.0,11.337959708163279,10.528767655717864,4.362407702468866e-140
2026-08-13 05:00:00-05:00,0.18927798342020333,0.0,10.214136862238771,10.327671668288655,2.5976873513382617e-141
2026-08-13 05:15:00-05:00,0.15520794640456673,0.5310494317729406,10.711357787065786,9.748081087126664,1.5278680443587121e-142
2026-08-13 05:30:00-05:00,0.12727051605174472,0.8169058798523918,11.018161833235594,11.92905195764824,8.876119801807612e-144
2026-08-13 05:45:00-05:00,0.10436182316243066,0.6075756118465231,11.018877080230492,11.275743019822425,5.0932946690669994e-145
2026-08-13 06:00:00-05:00,0.08557669499319313,0.10150803866160844,11.336717558267921,12.129441247785383,2.886774031322446e-146
2026-08-13 06:15:00-05:00,0.07017288989441836,0.3293117823992886,13.043898498153121,14.104132140311693,1.616088413820251e-147
2026-08-13 06:30:00-05:00,0.9723238560510503,0.877186732271199,12.833140642126695,12.917106367716682,8.936259737111729e-149
2026-08-13 06:45:00-05:00,0.7973055619618612,0.6606828863050135,12.883448926675419,13.760208532857677,4.880730070589655e-150
2026-08-13 07:00:00-05:00,0.6537905608087261,0.0,12.734578956094182,11.84493182272261,2.6330077393582456e-151
2026-08-13 07:15:00-05:00,0.5361082598631554,1.4320795681922946,13.067524474053863,14.149580041846912,1.4030004858875308e-152
2026-08-13 07:30:00-05:00,0.43960877308778734,0.660597706325897,13.37125644535589,14.294387660404777,7.384172726951007e-154
2026-08-13 07:45:00-05:00,0.3604791939319856,0.5972264257478939,14.01094334262137,13.499745820042108,3.838700348963485e-155
2026-08-13 08:00:00-05:00,0.2955929390242282,0.40631245290727025,13.61877348004731,12.87640139891543,1.9710830219947334e-156
2026-08-13 08:15:00-05:00,0.2423862099998671,0.2940485771999485,13.690492783978506,12.3211120020185,9.996868096133463e-158
2026-08-13 08:30:00-05:00,0.198756692199891,0.6185930790892615,16.863036754931976,16.830513868352746,5.007965706612792e-159
2026-08-13 08:45:00-05:00,0.16298048760391062,0.1978969916475099,16.278378726036653,15.26468219827488,2.4779758553137294e-160
2026-08-13 09:00:00-05:00,0.1336439998352067,0.5110760828933987,16.27261188173659,15.443447062993698,1.2110752653176228e-161
2026-08-13 09:15:00-05:00,0.10958807986486949,0.0,16.700272680558662,16.51502212277958,5.84633285607385e-163
2026-08-13 09:30:00-05:00,0.5026595508968819,0.561111716745465,16.030564754353346,14.106985638056164,2.7876245542437918e-164
2026-08-13 09:45:00-05:00,0.4121808317354431,0.43020084354703125,15.512870418178403,14.558404623771514,1.312874957203359e-165
2026-08-13 10:00:00-05:00,0.33798828202306336,0.0,17.393802589288143,16.37040093373628,6.1073215636491134e-167
2026-08-13 10:15:00-05:00,0.27715039125891194,0.20816361294254684,17.040025998860557,16.41337287492919,2.8061866206860704e-168
2026-08-13 10:30:00-05:00,0.22726332083230777,0.0,17.668442680526702,18.104680535800135,1.2735636411374863e-169
2026-08-13 10:45:00-05:00,0.18635592308249235,0.25008555653634046,18.526046198634834,18.278564485265882,5.709040105864101e-171
2026-08-13 11:00:00-05:00,0.1528118569276437,0.1858661883246417,18.65876438091334,18.612075762818407,2.527806787474926e-172
2026-08-13 11:15:00-05:00,0.12530572268066784,0.0,18.684433311323616,19.446545919699503,1.1055108189266035e-173
2026-08-13 11:30:00-05:00,0.10275069259814762,0.4857609007715105,19.69792636352677,20.768298736676496,4.77551769123776e-175
2026-08-13 11:45:00-05:00,0.08425556793048104,0.0,19.259578218509,20.539196782339467,2.0375874600893606e-176
2026-08-13 12:00:00-05:00,0.06908956570299445,0.14821663193608503,20.24732353412819,19.589668744528648,8.587176705446347e-178
2026-08-13 12:15:00-05:00,0.05665344387645544,0.0,20.168669678644513,22.182781809815804,3.5745623785021315e-179
2026-08-13 12:30:00-05:00,0.04645582397869346,0.0,19.659635002259776,20.180162980282535,1.4697169413552134e-180
2026-08-13 12:45:00-05:00,0.03809377566252863,0.0,19.10045135129423,18.778446028570585,5.9687427323676504e-182
2026-08-13 13:00:00-05:00,0.031236896043273475,0.0,19.98913096177261,19.75725938936635,2.394254760948756e-183
2026-08-13 13:15:00-05:00,0.025614254755484248,0.2873656116999636,20.096897999388467,20.36942851093238,9.486285672484671e-185
2026-08-13 13:30:00-05:00,0.02100368889949708,0.09205769933240823,19.039860016810202,18.28681537276784,3.7124479893329115e-186
2026-08-13 13:45:00-05:00,0.017223024897587605,0.0,20.606718615268882,19.66491781540436,1.4350363324396876e-187
2026-08-13 14:00:00-05:00,0.7863795113846183,0.7402752056004918,21.019272725960896,22.90120053951338,5.479030969207802e-189
2026-08-13 14:15:00-05:00,0.6448311993353869,0.0,18.967276880263483,18.629633439410977,2.0662504131469566e-190
2026-08-13 14:30:00-05:00,0.5287615834550172,0.7909086232939005,20.831648338097256,20.8018875393178,7.696627910991054e-192
2026-08-13 14:45:00-05:00,0.4335844984331141,0.5844507266110459,19.55022403165672,19.930420247936823,2.831759518643757e-193
2026-08-13 15:00:00-05:00,0.8973647427905184,1.3848100505251946,20.43080736928083,20.211060461250604,1.0290834324590846e-194
2026-08-13 15:15:00-05:00,0.735839089088225,0.5524035939816445,19.333188028256423,19.950035658608936,3.693883068487256e-196
2026-08-13 15:30:00-05:00,0.6033880530523444,0.0,18.669561330205543,18.741344438075085,1.3096463605462723e-197
2026-08-13 15:45:00-05:00,0.4947782035029224,0.776876255952295,19.54379651133985,20.68503234612551,4.586308632996218e-199
2026-08-13 16:00:00-05:00,0.4096312014450493,0.5338425468084335,20.86401016760101,20.738021208875193,1.5863932499301823e-200
2026-08-13 16:15:00-05:00,0.3358975851849404,0.2520835002170629,21.29797031172669,22.189775571932362,5.419968585302908e-202
2026-08-13 16:30:00-05:00,0.2754360198516511,0.6747659148642738,18.844625891994152,17.47662693220164,1.8290308263383113e-203
2026-08-13 16:45:00-05:00,0.2258575362783539,0.1916267076497799,18.90726412920945,17.29559178040949,6.09654270941749e-205
2026-08-13 17:00:00-05:00,0.18520317974825018,0.3731111116103749,19.05989459904275,18.206771494999252,2.007171842327754e-206
2026-08-13 17:15:00-05:00,0.15186660739356514,0.3494155467878801,19.02954060701082,18.583999526785213,6.527153569367405e-208
2026-08-13 17:30:00-05:00,0.1245306180627234,0.0,17.66688123926329,16.872240791374082,2.0965317582885168e-209
2026-08-13 17:45:00-05:00,0.10211510681143318,1.2170764507022953,17.060994128942365,17.321925095144145,6.651466374432704e-211
2026-08-13 18:00:00-05:00,0.0837343875853752,0.0,18.339264391375686,19.165361532464907,2.0843550269938528e-212
2026-08-13 18:15:00-05:00,0.06866219782000765,0.1916288976133,16.300194379855558,16.63031177894299,6.451553869779947e-214
2026-08-13 18:30:00-05:00,0.05630300221240627,0.4601300444974521,17.641208721871593,15.79644994124272,1.972401397397544e-215
2026-08-13 18:45:00-05:00,0.04616846181417314,0.0,16.326646927399608,16.599165343970526,5.956136125992367e-217
2026-08-13 19:00:00-05:00,0.03785813868762197,0.0,15.922234817492361,15.758439254308106,1.776528863623507e-218
2026-08-13 19:15:00-05:00,0.031043673723850015,0.0,16.75222272565695,18.34895733712517,5.233813713051992e-220
2026-08-13 19:30:00-05:00,0.025455812453557013,0.2637671973221269,13.916682634284431,13.84657789164814,1.5230094332177388e-221
2026-08-13 19:45:00-05:00,0.02087376621191675,0.0,13.309380779607649,13.20136810857817,4.377491037053051e-223
2026-08-13 20:00:00-05:00,0.017116488293771735,0.0,13.96333136720465,12.814280408919142,1.2427571702057626e-224
2026-08-13 20:15:00-05:00,0.014035520400892822,0.0,13.844977685540355,14.177282226679193,3.484862356739796e-226
2026-08-13 20:30:00-05:00,0.4902966519392569,1.4401119800534528,13.678109202879215,14.216957987512751,9.652133513732119e-228
2026-08-13 20:45:00-05:00,0.40204325459019064,0.45483350364412434,13.010158198722179,13.046686656648681,2.640580135507923e-229
2026-08-13 21:00:00-05:00,0.3296754687639563,0.046307896874470844,13.042804454183326,13.579771504766603,7.135324402030611e-231
2026-08-13 21:15:00-05:00,0.2703338843864442,0.5584034538712537,12.50248608148178,11.892497987513634,1.904436223413078e-232
2026-08-13 21:30:00-05:00,0.22167378519688422,0.22565295734904992,12.182055154131472,12.800563673067307,5.0206215255751233e-234
2026-08-13 21:45:00-05:00,0.18177250386144506,0.10845974062533814,10.868273286495633,11.028351971438182,1.3073349565917195e-235
2026-08-13 22:00:00-05:00,0.14905345316638494,0.14997123060416162,12.035548423412944,10.827430840657593,3.3624404663242076e-237
2026-08-13 22:15:00-05:00,0.12222383159643564,0.0,10.99507417257982,11.431897678444848,8.54202175637073e-239
2026-08-13 22:30:00-05:00,0.9124823716853511,0.5203812370761083,10.927912672694946,9.26080191165956,2.1434091607316363e-240
2026-08-13 22:45:00-05:00,0.7482355447819878,0.4756970319063787,10.618908354439828,11.086287634820625,5.312364080113368e-242
2026-08-13 23:00:00-05:00,0.61355314672123,1.1164852819999904,10.919881061647628,11.68338054843851,1.300495699099077e-243
2026-08-13 23:15:00-05:00,0.5031135803114085,0.9662477406947723,9.30530726914981,8.244582897891643,3.144621278005989e-245
2026-08-13 23:30:00-05:00,0.41255313585535497,0.7548808839256338,10.321965122463855,9.50770185580033,7.510452727943757e-247
2026-08-13 23:45:00-05:00,0.33829357140139105,0.5014938860577001,8.563352588669584,9.77430825600394,1.7717491165098775e-248
2026-08-14 00:00:00-05:00,0.27740072854914066,0.0,8.942557358876483,9.01072797703296,4.12835154968529e-250
2026-08-14 00:15:00-05:00,0.22746859741029532,0.21127081687499022,9.804327938619682,8.422036933639705,9.501440650208043e-252
2026-08-14 00:30:00-05:00,0.18652424987644214,0.0,8.781883547058337,9.085309585448568,2.1599345281812695e-253
2026-08-14 00:45:00-05:00,0.15294988489868255,0.7548517463145387,8.82694994826401,7.372519669978843,4.849869512272615e-255
2026-08-14 01:00:00-05:00,0.12541890561691968,0.0,10.010887798283793,9.240610917367482,1.07561750249298e-256
2026-08-14 01:15:00-05:00,0.10284350260587413,0.0,7.821477482071994,7.978377937574707,2.3562643190685055e-258
2026-08-14 01:30:00-05:00,0.08433167213681678,0.0,8.93258595233756,10.193831651659249,5.098336458479148e-260
2026-08-14 01:45:00-05:00,0.06915197115218975,0.42661553126828844,8.386384954034853,8.470683857037526,1.0896105976580528e-261
2026-08-14 02:00:00-05:00,0.056704616344795594,0.6992940611154225,7.995450089243496,8.827385762142626,2.3001305384836754e-263
2026-08-14 02:15:00-05:00,0.04649778540273238,0.6570933380965644,8.34788690247507,8.890728965423698,4.7959206539040405e-265
2026-08-14 02:30:00-05:00,0.03812818403024055,0.0,8.578387779104531,8.319162856362833,9.87710872151989e-267
2026-08-14 02:45:00-05:00,0.03126511090479725,0.0,8.76282155837214,9.353599407571728,2.0092131826361915e-268
2026-08-14 03:00:00-05:00,0.025637390941933742,0.283488868661994,9.739803757528568,10.067853410382678,4.037016675747469e-270
2026-08-14 03:15:00-05:00,0.02102266057238567,0.0,10.04667734606088,11.196633287464211,8.01186102789409e-272
2026-08-14 03:30:00-05:00,0.017238581669356247,0.01528824037108117,8.404408518189763,8.320684665607441,1.5705241226312257e-273
2026-08-14 03:45:00-05:00,0.014135636968872121,0.0,9.360204084064387,10.636900248725176,3.04084409973712e-275
2026-08-14 04:00:00-05:00,0.011591222314475139,0.8285733310829845,8.704288388853398,8.603106939992966,5.815432755752205e-277
2026-08-14 04:15:00-05:00,0.009504802297869612,0.5029659809489379,9.009276851798067,8.999847747532057,1.0985207414988057e-278
2026-08-14 04:30:00-05:00,0.007793937884253081,0.13269368166756104,9.424254680264335,10.139746528580998,2.0496175173224162e-280
2026-08-14 04:45:00-05:00,0.006391029065087526,0.0988065280419245,10.807998585494827,12.876167272094825,3.7772499723621244e-282
2026-08-14 05:00:00-05:00,0.005240643833371771,0.0,10.049962154875368,10.674855017561967,6.875700785558436e-284
2026-08-14 05:15:00-05:00,0.004297327943364852,0.0,10.164750476903567,11.391432762017097,1.2362222357729817e-285
2026-08-14 05:30:00-05:00,0.003523808913559178,0.2543056662849306,12.053199804089004,12.777824174569258,2.1954041086167348e-287
2026-08-14 05:45:00-05:00,0.002889523309118526,0.0,11.72511743323548,12.065725159765162,3.8509753088061505e-289
2026-08-14 06:00:00-05:00,0.0023694091134771915,0.0,10.480860599867274,11.74924270799709,6.672142839417698e-291
2026-08-14 06:15:00-05:00,0.0019429154730512968,0.04016159386848709,12.570279325734745,13.29983347007674,1.1418216572867824e-292
2026-08-14 06:30:00-05:00,2.690716469892953,2.9575469115691257,12.189426078983383,11.095806128900763,1.9300544297205855e-294
2026-08-14 06:45:00-05:00,2.2063875053122213,2.091083643571624,12.584460288447179,12.680337542981635,3.222397983746546e-296
2026-08-14 07:00:00-05:00,1.8092377543560214,1.6885859122563325,12.556038766052085,11.875073960009752,5.314068364454539e-298
2026-08-14 07:15:00-05:00,1.4835749585719376,1.9724541291048834,12.793067057261188,12.595731977996627,8.65592404819323e-300
2026-08-14 07:30:00-05:00,1.2165314660289888,1.3687838477866998,13.828537626090498,14.583856423048914,1.3926374717974994e-301
2026-08-14 07:45:00-05:00,0.9975558021437707,0.8779107164055295,14.756582269309524,14.956724514554526,2.21310009014086e-303
2026-08-14 08:00:00-05:00,0.8179957577578919,0.5220651161257537,15.221697760339357,15.258853221207252,3.473780515520765e-305
2026-08-14 08:15:00-05:00,0.6707565213614713,0.7548554559549772,13.783531108467068,13.293935667213095,5.3856984547720974e-307
2026-08-14 08:30:00-05:00,0.5500203475164065,1.5998893214366952,14.386906396703745,14.555047007082544,8.247456471052904e-309
2026-08-14 08:45:00-05:00,0.4510166849634533,0.0,15.591222044797712,15.556993638896163,1.24748798155603e-310
2026-08-14 09:00:00-05:00,0.6648144051872666,0.633344648569231,16.149008226447577,17.27765426707546,1.863764555502e-312
2026-08-14 09:15:00-05:00,0.5451478122535586,0.8532378316090552,16.063551600144088,15.53915412902856,2.7503253126e-314
2026-08-14 09:30:00-05:00,0.447021206047918,0.5823775219035356,18.09076574893483,17.298900679603022,4.0088095e-316
2026-08-14 09:45:00-05:00,0.36655738895929274,0.08376446799467202,17.215467812545146,18.27976418427821,5.771453e-318
2026-08-14 10:00:00-05:00,0.30057705894662,0.7511804273324635,18.4112688437959,19.24611169432796,8.207e-320
2026-08-14 10:15:00-05:00,0.906879576185097,1.1427561907988062,17.119317111501672,15.492575280816391,1.15e-321
2026-08-14 10:30:00-05:00,0.7436412524717795,0.0,17.70866411509985,18.680943172287037,1.5e-323
2026-08-14 10:45:00-05:00,0.6097858270268591,0.8288872577085155,18.576991424153157,17.96995429671867,0.0
2026-08-14 11:00:00-05:00,0.5000243781620245,0.0,19.275512866856328,19.707012947222943,0.0
2026-08-14 11:15:00-05:00,1.8231194760420415,2.2417200268688022,18.308467316804833,18.866599200276553,0.0
2026-08-14 11:30:00-05:00,1.494957970354474,1.1774834982819722,19.88243072780247,19.775004390851098,0.0
2026-08-14 11:45:00-05:00,1.2258655356906687,1.2358282544499768,19.61785958133948,19.372645726395913,0.0
2026-08-14 12:00:00-05:00,1.0052097392663484,0.9341312297508315,18.417704611516548,18.06179893910376,0.0
2026-08-14 12:15:00-05:00,0.8242719861984056,0.7451643075869925,19.87317242382368,20.135931881065314,0.0
2026-08-14 12:30:00-05:00,0.6759030286826926,0.43343560037403106,19.164477117661257,18.875296802023026,0.0
2026-08-14 12:45:00-05:00,0.5542404835198079,0.9577831745896193,19.036519308407854,18.950380051955083,0.0
2026-08-14 13:00:00-05:00,0.45447719648624246,0.7745059776375036,20.08610093866383,19.51001521732226,0.0
2026-08-14 13:15:00-05:00,0.3726713011187188,1.1745039262487316,19.49128513279183,20.815752609956647,0.0
2026-08-14 13:30:00-05:00,0.3055904669173494,0.0,19.170404988482062,19.90427238734879,0.0
2026-08-14 13:45:00-05:00,0.2505841828722265,0.5368018746587349,20.866345269029004,22.484169248386237,0.0
2026-08-14 14:00:00-05:00,1.226295262989709,1.3962824168383379,21.0369769477893,20.615099097512115,0.0
2026-08-14 14:15:00-05:00,1.0055621156515613,1.3902277797143217,20.930990608973048,21.058230391661557,0.0
2026-08-14 14:30:00-05:00,0.8245609348342802,0.9624358072719337,22.32075936950891,20.56828086983832,0.0
2026-08-14 14:45:00-05:00,0.6761399665641097,0.49581762585295885,19.011840000118216,19.93758040159817,0.0
2026-08-14 15:00:00-05:00,2.7115563188125225,2.9853276735682077,20.208479610496486,21.04834614185122,0.0
2026-08-14 15:15:00-05:00,2.2234761814262685,1.993989455231857,20.22343846421975,20.945799891198607,0.0
2026-08-14 15:30:00-05:00,1.8232504687695401,1.4004551766028324,19.51174581054797,20.77080622249734,0.0
2026-08-14 15:45:00-05:00,1.4950653843910229,1.4090172177320563,20.296833167149014,21.088594673691432,0.0
2026-08-14 16:00:00-05:00,1.2259536152006387,0.9008803036619559,19.694705115717998,19.90298850775254,0.0
2026-08-14 16:15:00-05:00,1.0052819644645237,1.2838608480840048,19.255187053159375,20.260905796105888,0.0
2026-08-14 16:30:00-05:00,0.8243312108609093,1.0430305740070656,18.224807923587896,16.468815767464775,0.0
2026-08-14 16:45:00-05:00,0.6759515929059456,0.5270108558163643,19.465126694803736,18.8337375804087,0.0
2026-08-14 17:00:00-05:00,0.5542803061828754,0.23650227676845176,17.84141951422214,18.08038901626639,0.0
2026-08-14 17:15:00-05:00,0.4545098510699578,0.0,17.405263937102166,17.909427659185038,0.0
2026-08-14 17:30:00-05:00,0.37269807787736536,0.0,17.744889626826765,17.19641260408825,0.0
2026-08-14 17:45:00-05:00,0.3056124238594396,0.31049080345001706,17.92576275676048,17.742027539475615,0.0
2026-08-14 18:00:00-05:00,0.25060218756474045,0.4225832024118551,17.29593106223183,17.889553778152624,0.0
2026-08-14 18:15:00-05:00,0.20549379380308716,0.0,17.24152968873289,15.825504648593489,0.0
2026-08-14 18:30:00-05:00,0.16850491091853145,0.8491170032568099,17.158118983717216,16.445277961314062,0.0
2026-08-14 18:45:00-05:00,0.13817402695319578,0.40306270240201414,15.820167992408907,14.895750849809268,0.0
2026-08-14 19:00:00-05:00,0.11330270210162054,0.6144541663351009,15.898253718000177,16.331957780244743,0.0
2026-08-14 19:15:00-05:00,0.09290821572332883,0.10109711260470375,16.14278241928589,16.953045896670325,0.0
2026-08-14 19:30:00-05:00,0.07618473689312964,0.20848385245460693,15.742014874119565,15.924120593275978,0.0
2026-08-14 19:45:00-05:00,0.9179426462230934,1.314725185024943,14.530069077515261,15.166272149378843,0.0
2026-08-14 20:00:00-05:00,1.1628806318266482,0.8327994423281849,14.128528420599903,13.860513001476473,0.0
2026-08-14 20:15:00-05:00,0.9535621180978515,0.7536239719907122,14.447576295787623,14.439225977305346,0.0
2026-08-14 20:30:00-05:00,0.7819209368402382,0.5699048443164573,14.22131571883633,14.474753853355185,0.0
2026-08-14 20:45:00-05:00,0.6411751682089953,0.8220885843102045,13.118405464303837,12.566916717032512,0.0
2026-08-14 21:00:00-05:00,0.5257636379313761,0.444050838494471,12.831149319029313,13.16505145394333,0.0
2026-08-14 21:15:00-05:00,0.4311261831037284,0.16725262889152825,12.24563771340436,12.29996788738278,0.0
2026-08-14 21:30:00-05:00,0.44655404886578975,0.48262679553217336,12.937228929087693,14.196747601752692,0.0
2026-08-14 21:45:00-05:00,0.3661743200699476,0.0,13.296733840927557,12.995271496741827,0.0
2026-08-14 22:00:00-05:00,0.300262942457357,0.0,12.41741513233382,13.867386363627581,0.0
2026-08-14 22:15:00-05:00,0.24621561281503274,0.0,12.079129781488211,12.233438877956775,0.0
2026-08-14 22:30:00-05:00,0.20189680250832684,0.47446339360111933,11.187590467385908,10.543068190369963,0.0
2026-08-14 22:45:00-05:00,0.165555378056828,0.0,10.914342514537834,10.538330506582142,0.0
2026-08-14 23:00:00-05:00,0.13575541000659894,0.8366324481573264,9.68201806448021,10.68474504259748,0.0
2026-08-14 23:15:00-05:00,0.11131943620541113,0.5646543607949497,9.449878969239812,9.252438476613047,0.0
2026-08-14 23:30:00-05:00,0.09128193768843712,0.275222097931621,9.218413091454844,10.341367079234999,0.0
2026-08-14 23:45:00-05:00,0.07485118890451843,0.0,8.585499149674046,9.837930172379062,0.0
2026-08-15 00:00:00-05:00,0.06137797490170511,0.0,9.966564377684628,9.71214523232002,0.0
2026-08-15 00:15:00-05:00,0.05032993941939819,0.0,10.311361686431125,10.077113631574992,0.0
2026-08-15 00:30:00-05:00,0.14695680615912948,0.5907216113326099,8.983319652541839,8.064742656608983,0.0
2026-08-15 00:45:00-05:00,0.1211019658404065,0.0,9.006968272642556,9.095072272795077,0.0
2026-08-15 01:00:00-05:00,0.09930361198913333,0.7213781238966316,7.635163916126398,6.646638732999882,0.0
2026-08-15 01:15:00-05:00,0.08142896183108933,0.275149725795073,8.046286475865097,8.972353252597442,0.0
2026-08-15 01:30:00-05:00,0.06677174870149324,0.11436841032973781,8.532858689478998,7.601326146890408,0.0
2026-08-15 01:45:00-05:00,0.054752833935224454,0.18726415021760964,10.081538525675775,11.258764574798613,0.0
2026-08-15 02:00:00-05:00,0.04489732382688405,0.1331780438847034,9.832206734730637,11.608452770980534,0.0
2026-08-15 02:15:00-05:00,0.03681580553804492,0.0,8.258616304099695,7.730680869551065,0.0
2026-08-15 02:30:00-05:00,0.030188960541196835,0.3658153554312918,9.871868304589794,9.590836448307456,0.0
2026-08-15 02:45:00-05:00,0.024754947643781403,0.0,8.273341943053694,8.152011478932607,0.0
2026-08-15 03:00:00-05:00,0.02029905706790075,0.27559157505714943,8.725603973735183,9.334545388378624,0.0
2026-08-15 03:15:00-05:00,0.016645226795678612,0.8763154151564334,8.623097697077213,10.227606741884344,0.0
2026-08-15 03:30:00-05:00,0.013649085972456461,0.18344313129454298,8.615059590903957,8.662841910150151,0.0
2026-08-15 03:45:00-05:00,0.011192250497414298,0.49927488629518924,9.799646665680603,9.405852393294648,0.0
2026-08-15 04:00:00-05:00,0.009177645407879725,0.0,8.215456217600773,7.94040594076529,0.0
2026-08-15 04:15:00-05:00,0.0075256692344613735,0.2185524932062287,8.5984691544756,8.325387331819448,0.0
2026-08-15 04:30:00-05:00,0.006171048772258326,0.274619311166468,8.817441287010224,8.750853192950833,0.0
2026-08-15 04:45:00-05:00,0.005060259993251827,0.8153224908241204,10.562196966743162,10.781019770568717,0.0
2026-08-15 05:00:00-05:00,0.2925833415044886,0.8394906843410852,9.991776837236001,9.129594379432444,1.5e-323
2026-08-15 05:15:00-05:00,0.23991834003368065,0.6833608186488281,10.301684621168251,9.633108597088778,1.15e-321
2026-08-15 05:30:00-05:00,0.1967330388276181,0.7252052865877088,10.06403212818298,8.941077473402085,8.207e-320
2026-08-15 05:45:00-05:00,0.16132109183864685,0.7602202984811114,10.68904342793708,10.340860640606586,5.771453e-318
2026-08-15 06:00:00-05:00,0.1322832953076904,0.17321022364283176,11.459089815759175,12.937375146041235,4.0088095e-316
2026-08-15 06:15:00-05:00,0.10847230215230612,0.21203238234094574,12.969444146131368,12.435972112529095,2.7503253126e-314
2026-08-15 06:30:00-05:00,1.2031434581682308,0.5438785148512298,12.07110057894963,11.983255674069035,1.863764555502e-312
2026-08-15 06:45:00-05:00,0.9865776356979492,0.9416456131996118,12.75416833288191,12.727733202514933,1.24748798155603e-310
2026-08-15 07:00:00-05:00,0.8089936612723183,0.5133719313537894,13.212456783259984,14.304623687265261,8.247456471052904e-309
2026-08-15 07:15:00-05:00,0.6633748022433009,1.9525406252922175,13.800619286298712,14.943737448169198,5.3856984547720974e-307
2026-08-15 07:30:00-05:00,0.5439673378395067,1.2602641196185984,13.770942423884124,13.309470316192483,3.473780515520765e-305
2026-08-15 07:45:00-05:00,0.44605321702839545,0.5709833162313682,13.567993715615682,13.764622269705974,2.21310009014086e-303
2026-08-15 08:00:00-05:00,0.36576363796328426,0.6622884168278488,13.11779472293506,12.967965435191525,1.3926374717974994e-301
2026-08-15 08:15:00-05:00,0.29992618312989305,0.3604949848635316,15.028277223676527,15.469595388657462,8.65592404819323e-300
2026-08-15 08:30:00-05:00,0.39449787935443004,0.22962290379366404,14.71425873016761,14.181083987644403,5.314068364454539e-298
2026-08-15 08:45:00-05:00,0.3234882610706326,0.0,15.044058879114978,14.1120159658401,3.222397983746546e-296
2026-08-15 09:00:00-05:00,0.26526037407791875,0.3304401148388633,15.919008738117054,14.729758874853808,1.9300544297205855e-294
2026-08-15 09:15:00-05:00,0.21751350674389336,0.36454029906002716,16.40374230126618,17.14126282416433,1.1418216572867824e-292
2026-08-15 09:30:00-05:00,0.17836107552999253,0.0,16.85189016189712,17.18766789106452,6.672142839417698e-291
2026-08-15 09:45:00-05:00,0.14625608193459386,0.4077974687920548,16.83477902881448,15.826068749493317,3.8509753088061505e-289
2026-08-15 10:00:00-05:00,0.11992998718636695,0.019918712550127157,18.176982370534557,17.857405130184663,2.1954041086167348e-287
2026-08-15 10:15:00-05:00,0.09834258949282089,0.19236521094723935,16.92621394103326,16.037997491466395,1.2362222357729817e-285
2026-08-15 10:30:00-05:00,0.08064092338411312,0.0,17.021435849252477,16.174143399736224,6.875700785558436e-284
2026-08-15 10:45:00-05:00,0.06612555717497276,0.034461152350048915,18.96229443384645,18.90234161585299,3.7772499723621244e-282
2026-08-15 11:00:00-05:00,0.05422295688347766,0.0,18.87926206723042,18.791044619161706,2.0496175173224162e-280
2026-08-15 11:15:00-05:00,0.04446282464445168,0.0,17.68598016209324,16.826811149791958,1.0985207414988057e-278
2026-08-15 11:30:00-05:00,0.03645951620845037,0.0,18.800837604807683,18.48717753822536,5.815432755752205e-277
2026-08-15 11:45:00-05:00,0.029896803290929305,0.7798484546394318,19.102413555603317,18.13540740266348,3.04084409973712e-275
2026-08-15 12:00:00-05:00,0.02451537869856203,0.0,18.597954972430983,17.882980222508277,1.5705241226312257e-273
2026-08-15 12:15:00-05:00,0.020102610532820864,0.14277064239335185,19.750490140621245,19.175993287884964,8.01186102789409e-272
2026-08-15 12:30:00-05:00,0.016484140636913107,0.0,18.971369998128516,18.27984736492325,4.037016675747469e-270
2026-08-15 12:45:00-05:00,0.013516995322268747,0.43604803009754833,19.474620364934292,21.21032427841574,2.0092131826361915e-268
2026-08-15 13:00:00-05:00,0.011083936164260372,0.010192813641451996,20.97366541686254,20.766484677316267,9.87710872151989e-267
2026-08-15 13:15:00-05:00,0.009088827654693505,0.0,20.879877135688723,20.249336210282234,4.7959206539040405e-265
2026-08-15 13:30:00-05:00,0.007452838676848673,0.5227126383880162,21.34153665212558,20.941367750047565,2.3001305384836754e-263
2026-08-15 13:45:00-05:00,0.006111327715015912,0.11842672954541121,20.79241791477593,20.582419856523845,1.0896105976580528e-261
2026-08-15 14:00:00-05:00,0.005011288726313047,0.0,21.44800317959598,22.31261698662368,5.098336458479148e-260
2026-08-15 14:15:00-05:00,0.004109256755576698,0.25999804884457306,20.234217803495085,20.74092019585796,2.3562643190685055e-258
2026-08-15 14:30:00-05:00,0.003369590539572892,0.14788576421396335,20.94624162254392,19.135471114265286,1.07561750249298e-256
2026-08-15 14:45:00-05:00,0.002763064242449771,0.14667891642376388,20.447200905366852,20.912280280414112,4.849869512272615e-255
2026-08-15 15:00:00-05:00,0.002265712678808812,0.0,21.660828153660702,22.024359428478476,2.1599345281812695e-253
2026-08-15 15:15:00-05:00,0.0018578843966232258,0.1161394440674901,20.438409241764823,20.253848727842296,9.501440650208043e-252
2026-08-15 15:30:00-05:00,0.001523465205231045,0.0,19.10631525804028,20.653717499936125,4.12835154968529e-250
2026-08-15 15:45:00-05:00,0.0012492414682894568,0.463736958720722,21.088907088744474,20.112166803245724,1.7717491165098775e-248
2026-08-15 16:00:00-05:00,0.0010243780039973546,0.2588473598073663,20.289336925503335,19.628542677035703,7.510452727943757e-247
2026-08-15 16:15:00-05:00,0.0008399899632778307,0.19939809271461453,19.913203562143753,19.8664648541805,3.144621278005989e-245
2026-08-15 16:30:00-05:00,0.0006887917698878212,0.0,19.076537656173198,19.1852734763531,1.300495699099077e-243
2026-08-15 16:45:00-05:00,0.0005648092513080133,0.0,17.98084309798557,16.659143021718116,5.312364080113368e-242
2026-08-15 17:00:00-05:00,0.0004631435860725709,0.3029943727840757,18.67098960723549,18.22003452546962,2.1434091607316363e-240
2026-08-15 17:15:00-05:00,0.0003797777405795081,0.46340692466303784,17.000012154070323,16.90528778506626,8.54202175637073e-239
2026-08-15 17:30:00-05:00,0.00031141774727519667,0.0,18.757661209685462,18.984874712202217,3.3624404663242076e-237
2026-08-15 17:45:00-05:00,0.00025536255276566123,0.0,17.0818918214267,16.98669420095825,1.3073349565917195e-235
2026-08-15 18:00:00-05:00,0.0002093972932678422,0.6750410909988616,16.211573974021412,16.484023327513217,5.0206215255751233e-234
2026-08-15 18:15:00-05:00,0.0001717057804796306,0.0,15.862111847147974,14.756417794894713,1.904436223413078e-232
2026-08-15 18:30:00-05:00,0.6596140022483703,0.32749632926687877,16.92285495572757,18.635266263069138,7.135324402030611e-231
2026-08-15 18:45:00-05:00,0.5408834818436636,0.39716428817787075,15.773771778529067,16.783555217697167,2.640580135507923e-229
2026-08-15 19:00:00-05:00,0.44352445511180416,0.08656761507392363,15.524160921100675,14.27761455825711,9.652133513732119e-228
2026-08-15 19:15:00-05:00,0.3636900531916794,0.6843880999444896,14.944006994858398,13.98790128946081,3.484862356739796e-226
2026-08-15 19:30:00-05:00,0.2982258436171771,0.04493554794898147,14.497901078486914,14.101744650245028,1.2427571702057626e-224
2026-08-15 19:45:00-05:00,0.2445451917660852,0.7370620134227412,14.259159895791633,14.265641563600216,4.377491037053051e-223
2026-08-15 20:00:00-05:00,0.20052705724818984,0.019580425751424657,13.82052747071152,14.45807173121762,1.5230094332177388e-221
2026-08-15 20:15:00-05:00,0.16443218694351566,0.15582094270514502,14.690628609975567,15.2399925931107,5.233813713051992e-220
2026-08-15 20:30:00-05:00,1.083728132332129,1.4414686098217588,13.983559927056968,14.052468363570238,1.776528863623507e-218
2026-08-15 20:45:00-05:00,0.8886570685123458,1.40953785663112,13.525785234849778,13.467958693484253,5.956136125992367e-217
2026-08-15 21:00:00-05:00,0.7286987961801236,0.6127765564294683,13.201528768863787,13.77215298418927,1.972401397397544e-215
2026-08-15 21:15:00-05:00,0.5975330128677013,1.0418299664463089,13.207471496832103,12.457567382531023,6.451553869779947e-214
2026-08-15 21:30:00-05:00,0.48997707055151507,0.08936319166385115,11.906702384788007,12.420489878408032,2.0843550269938528e-212
2026-08-15 21:45:00-05:00,0.4017811978522423,0.30507043310821136,12.573277318713139,12.961042239613144,6.651466374432704e-211
2026-08-15 22:00:00-05:00,0.3294605822388387,0.0,11.086517280144767,11.07053466304333,2.0965317582885168e-209
2026-08-15 22:15:00-05:00,0.2701576774358477,0.0,10.885777030944586,11.798208864075255,6.527153569367405e-208
2026-08-15 22:30:00-05:00,0.22152929549739508,0.0,10.45817921288657,11.374089032554561,2.007171842327754e-206
2026-08-15 22:45:00-05:00,0.18165402230786395,0.0,10.305892056722515,9.349394036531654,6.09654270941749e-205
2026-08-15 23:00:00-05:00,0.14895629829244844,0.6371163380468564,10.493902870901634,10.844235947804366,1.8290308263383113e-203
2026-08-15 23:15:00-05:00,0.12214416459980772,0.34122926402519227,9.92291978221694,9.555686773622853,5.419968585302908e-202
2026-08-15 23:30:00-05:00,1.479016826247395,1.2204355998667782,10.496647832666337,10.516741251856132,1.5863932499301823e-200
2026-08-15 23:45:00-05:00,1.212793797522864,0.8114358189994298,10.518510578864563,9.61869272633621,4.586308632996218e-199
2026-08-16 00:00:00-05:00,2.3091919800476592,2.430270544180545,9.909012338252916,10.330370955520115,1.3096463605462723e-197
2026-08-16 00:15:00-05:00,1.8935374236390805,1.7946196254435527,9.488525615274913,9.182291404193933,3.693883068487256e-196
2026-08-16 00:30:00-05:00,2.7247046016537375,2.694631606351118,9.75784757288205,9.945014344860065,1.0290834324590846e-194
2026-08-16 00:45:00-05:00,2.2342577733560645,2.170226526710666,9.233449269648373,10.52585694359092,2.831759518643757e-193
2026-08-16 01:00:00-05:00,1.8320913741519727,1.678572696351016,9.611887258122163,8.359557015819698,7.696627910991054e-192
2026-08-16 01:15:00-05:00,1.5023149268046174,1.181128558988618,9.6265622067589,9.321866883306637,2.0662504131469566e-190
2026-08-16 01:30:00-05:00,1.2318982399797862,1.630800174774011,7.549506209728948,6.917269743546934,5.479030969207802e-189
2026-08-16 01:45:00-05:00,1.0101565567834245,0.20288443866728623,8.387357663933683,8.371206675554216,1.4350363324396876e-187
2026-08-16 02:00:00-05:00,0.8283283765624081,0.5412374055786564,7.663568256266805,7.769256939221145,3.7124479893329115e-186
2026-08-16 02:15:00-05:00,0.6792292687811746,1.5003241060903978,7.4962073430192735,8.290086429263642,9.486285672484671e-185
2026-08-16 02:30:00-05:00,0.5569680004005632,0.6726618981492645,8.634569100083944,7.293275776728863,2.394254760948756e-183
2026-08-16 02:45:00-05:00,0.4567137603284618,0.43141797394312253,9.581285129687254,8.900482677122973,5.9687427323676504e-182
2026-08-16 03:00:00-05:00,0.37450528346933865,0.5437892591320342,9.467453161170914,10.19148636448108,1.4697169413552134e-180
2026-08-16 03:15:00-05:00,0.3070943324448577,0.42888010414157385,8.301861465648512,8.590050267705768,3.5745623785021315e-179
2026-08-16 03:30:00-05:00,0.2518173526047833,0.0,9.461076316448912,8.217707947895457,8.587176705446347e-178
2026-08-16 03:45:00-05:00,0.20649022913592227,0.31168535831308347,9.235377898158132,7.4763189423433785,2.0375874600893606e-176
2026-08-16 04:00:00-05:00,0.16932198789145625,0.6360184052545608,9.460000968434771,8.725322024153916,4.77551769123776e-175
2026-08-16 04:15:00-05:00,0.1388440300709941,1.0116716941842339,9.845278026268742,10.335594788548587,1.1055108189266035e-173
2026-08-16 04:30:00-05:00,0.11385210465821516,0.3374301004760026,9.588193098876589,9.09560086148554,2.527806787474926e-172
2026-08-16 04:45:00-05:00,0.09335872581973642,0.3003440633356849,10.809204692797154,11.253520273576157,5.709040105864101e-171
2026-08-16 05:00:00-05:00,0.07655415517218386,0.0,10.465748009735368,9.987714130275576,1.2735636411374863e-169
2026-08-16 05:15:00-05:00,0.06277440724119077,0.0,8.654667848143983,10.070940237298075,2.8061866206860704e-168
2026-08-16 05:30:00-05:00,0.051475013937776426,0.12956727618719574,11.331418293585827,11.124065008855371,6.1073215636491134e-167
2026-08-16 05:45:00-05:00,0.042209511428976665,0.17733235876841352,11.380716119682113,11.027940714022142,1.312874957203359e-165
2026-08-16 06:00:00-05:00,0.034611799371760864,0.0,11.973351664341902,11.152245220163701,2.7876245542437918e-164
2026-08-16 06:15:00-05:00,0.028381675484843907,0.0,11.089399323368298,12.353769312836334,5.84633285607385e-163
2026-08-16 06:30:00-05:00,0.223991309550621,1.013844566986731,12.023014277072308,11.4900299704286,1.2110752653176228e-161
2026-08-16 06:45:00-05:00,0.1836728738315092,0.0,11.662595070171019,11.275995464623003,2.4779758553137294e-160
2026-08-16 07:00:00-05:00,0.5837992387272651,1.0983828226959926,13.004426161251775,13.10260726579891,5.007965706612792e-159
2026-08-16 07:15:00-05:00,0.47871537575635736,0.37906552214592837,13.106013623321294,13.91613036242137,9.996868096133463e-158
2026-08-16 07:30:00-05:00,0.392546608120213,0.7522062249874679,14.537130946688421,15.000360546906036,1.9710830219947334e-156
2026-08-16 07:45:00-05:00,0.32188821865857464,0.9477374007810303,14.685400535075981,14.943057432928642,3.838700348963485e-155
2026-08-16 08:00:00-05:00,0.2639483393000312,0.2865109517547987,14.102113038237757,14.229296045854765,7.384172726951007e-154
2026-08-16 08:15:00-05:00,0.21643763822602557,0.7235475640579345,15.131544635839912,15.193521971728298,1.4030004858875308e-152
2026-08-16 08:30:00-05:00,0.17747886334534096,0.5307929372122157,14.82682814535521,14.579556386731992,2.6330077393582456e-151
2026-08-16 08:45:00-05:00,0.1455326679431796,0.4186262925258707,15.530518938786384,15.60794058560661,4.880730070589655e-150
2026-08-16 09:00:00-05:00,0.11933678771340726,0.3109877474853332,16.702943469518587,18.47102069432868,8.936259737111729e-149
2026-08-16 09:15:00-05:00,0.09785616592499395,0.0,16.835647784504683,17.116052339788556,1.616088413820251e-147
2026-08-16 09:30:00-05:00,0.3283262414778296,0.06942630509881109,17.19101807972723,17.846054897929825,2.886774031322446e-146
2026-08-16 09:45:00-05:00,0.2692275180118202,0.14985035269504654,17.231828132918068,18.099217287790697,5.0932946690669994e-145
2026-08-16 10:00:00-05:00,0.22076656476969256,0.7871423608429536,17.38732199652987,16.842334513765657,8.876119801807612e-144
2026-08-16 10:15:00-05:00,0.1810285831111479,0.0,16.962756817193377,16.704297873721085,1.5278680443587121e-142
2026-08-16 10:30:00-05:00,0.14844343815114125,0.08391945772098733,17.66571514365704,17.698785310252326,2.5976873513382617e-141
2026-08-16 10:45:00-05:00,0.12172361928393581,0.0,18.16293589141371,18.16443987656879,4.362407702468866e-140
2026-08-16 11:00:00-05:00,0.09981336781282736,0.0,18.385661609618275,18.38777149332662,7.236090053007623e-139
2026-08-16 11:15:00-05:00,0.08184696160651843,0.3252200246208923,18.6014875811984,19.3093718470218,1.1855503805254048e-137
2026-08-16 11:30:00-05:00,0.0671145085173451,0.5297683429326903,18.366214506350172,19.302455774232737,1.918555668934785e-136
2026-08-16 11:45:00-05:00,0.05503389698422298,0.7267183616041798,19.48928748880672,19.964170843375538,3.066670644383933e-135
2026-08-16 12:00:00-05:00,0.3667689951866975,0.0,18.98891665606318,18.574747297854856,4.841703679718595e-134
2026-08-16 12:15:00-05:00,0.3007505760530919,0.43157292196351704,19.69551921712551,19.121319826246882,7.550359258120274e-133
2026-08-16 12:30:00-05:00,0.24661547236353534,0.9221648806815316,19.617146928533977,19.44245091491636,1.1629883557484572e-131
2026-08-16 12:45:00-05:00,0.20222468733809898,0.38312585372055497,19.720784092070215,17.95409938614553,1.7693813937834647e-130
2026-08-16 13:00:00-05:00,0.16582424361724116,0.057167455652570115,20.74725592135832,19.885849287712798,2.6589237633496464e-129
2026-08-16 13:15:00-05:00,0.13597587976613773,0.2875880864947779,20.352472570603,19.7189708275008,3.9466503712770197e-128
2026-08-16 13:30:00-05:00,0.11150022140823293,0.24391357784612844,19.608268336671436,20.643084012939685,5.786151002204046e-127
2026-08-16 13:45:00-05:00,0.091430181554751,0.0,20.79919386156974,19.400188214974968,8.378942533819369e-126
2026-08-16 14:00:00-05:00,0.42208886781300786,0.9666437512534969,20.685600195236663,21.737114169464444,1.1984695387476604e-124
2026-08-16 14:15:00-05:00,0.34611287160666643,0.04893293214202865,19.997673869668017,20.617011033187612,1.6931799931173075e-123
2026-08-16 14:30:00-05:00,0.28381255471746647,0.0,19.83449807172652,19.72109195686584,2.3627490426728334e-122
2026-08-16 14:45:00-05:00,0.2327262948683225,0.4762671307895379,18.401397785510287,19.413210092707835,3.256644877883521e-121
2026-08-16 15:00:00-05:00,0.19083556179202443,0.45412253467336816,20.01106332753841,19.0247745612061,4.433651473676319e-120
2026-08-16 15:15:00-05:00,0.15648516066946003,0.6813937922303118,22.180038026217602,23.06281779474921,5.961987174639196e-119
2026-08-16 15:30:00-05:00,0.12831783174895722,0.0,19.6777067150439,18.644913223668237,7.918790695149036e-118
2026-08-16 15:45:00-05:00,0.10522062203414492,0.1440653893919041,20.03764657645569,19.155800260259813,1.038879150684302e-116
2026-08-16 16:00:00-05:00,0.08628091006799883,0.0,20.01720914315075,19.99808420588151,1.3461998461573202e-115
2026-08-16 16:15:00-05:00,0.27324286638228235,0.045625148945711624,19.70229822781574,19.737658329197053,1.7230281882086733e-114
2026-08-16 16:30:00-05:00,0.22405915043347152,0.07836383843714623,19.54356454874692,18.189165903457727,2.1782793178832768e-113
2026-08-16 16:45:00-05:00,0.18372850335544663,0.309115916525705,18.89188359402108,18.727812591226378,2.720026237617272e-112
2026-08-16 17:00:00-05:00,0.15065737275146623,0.3726522147710842,18.27107836031065,18.077631104721746,3.3548334016768045e-111
2026-08-16 17:15:00-05:00,0.1235390456562023,0.0,18.494043713223203,18.98823899362545,4.0870237655097446e-110
2026-08-16 17:30:00-05:00,0.10130201743808588,0.3871531547978019,20.286605902749756,20.17318114780475,4.917922806045654e-109
2026-08-16 17:45:00-05:00,0.08306765429923042,0.0,17.945874855575877,17.8184247545311,5.845135614453731e-108
2026-08-16 18:00:00-05:00,0.06811547652536894,0.06453917794131284,17.852946185944504,19.394608217175062,6.861922610635875e-107
2026-08-16 18:15:00-05:00,0.05585469075080252,0.29399432462179087,17.623148136361458,18.818766380776175,7.9567438919514e-106
2026-08-16 18:30:00-05:00,3.3045193383333835,3.376678956404682,16.03612789879449,16.29912732549134,9.113040131909181e-105
2026-08-16 18:45:00-05:00,2.709705857433374,3.058362259618204,16.980184357258818,16.56853548326861,1.0309308265674039e-103
2026-08-16 19:00:00-05:00,2.2219588030953665,2.7090938845659784,16.436970579390053,16.183059790631408,1.151951272463575e-102
2026-08-16 19:15:00-05:00,1.8220062185382004,1.5559412693984427,17.331117119124848,17.02215802121579,1.2713848482537979e-101
2026-08-16 19:30:00-05:00,1.4940450992013243,1.9010695384211378,15.727161577525674,15.438165385245524,1.3859842457113682e-100
2026-08-16 19:45:00-05:00,1.225116981345086,0.420976153315173,15.042439758780912,13.849096065478628,1.4923747614760575e-99
2026-08-16 20:00:00-05:00,1.0045959247029703,0.8411068146125039,15.380684214307333,14.32092431210722,1.5872152866772185e-98
2026-08-16 20:15:00-05:00,0.8237686582564356,0.0,14.383442433705442,13.993353318191977,1.6673705216099514e-97
2026-08-16 20:30:00-05:00,0.6754902997702772,0.9320182381758144,13.044630860504903,12.594949699374068,1.73008220968259e-96
2026-08-16 20:45:00-05:00,0.5539020458116273,1.0027701317033375,12.334150782944246,12.51734758127886,1.7731264214803528e-95
2026-08-16 21:00:00-05:00,0.45419967756553437,0.14423285965941834,11.98287821757304,12.477601329767428,1.7949444063758104e-94
2026-08-16 21:15:00-05:00,0.37244373560373817,0.21529614923888116,12.794300467465996,11.706478973336818,1.7947362817304427e-93
2026-08-16 21:30:00-05:00,0.3054038631950653,0.0,12.56180458218126,14.110707800413453,1.7725097084745192e-92
2026-08-16 21:45:00-05:00,0.2504311678199535,0.40592401899893993,13.428585772114046,13.114723662160522,1.729079423040397e-91
2026-08-16 22:00:00-05:00,0.20535355761236185,0.03073031704791329,10.813149905667007,10.361873037560029,1.666017665520094e-90
2026-08-16 22:15:00-05:00,0.1683899172421367,0.6730078327237883,10.718064206314908,10.733823384130115,1.585559709476228e-89
2026-08-16 22:30:00-05:00,0.1380797321385521,0.13781425939064157,11.129207810425681,10.284628507492855,1.490472407540571e-88
2026-08-16 22:45:00-05:00,0.11322538035361271,0.29717404622484594,10.447435229852461,10.591759491944387,1.3838965267367376e-87
2026-08-16 23:00:00-05:00,0.09284481188996242,0.0,10.143371662586466,10.847688219426056,1.2691753770951544e-86
2026-08-16 23:15:00-05:00,0.07613274574976918,0.3770425843334607,10.483163832542976,9.925831686722017,1.1496826996010091e-85
2026-08-16 23:30:00-05:00,0.06242885151481072,0.0,9.206310245439411,10.25429646489371,1.0286619937923687e-84
2026-08-16 23:45:00-05:00,0.05119165824214479,1.252129938684635,9.323189817346595,10.084526059423215,9.09087595551689e-84
2026-08-17 00:00:00-05:00,0.04197715975855873,0.6112409967200544,9.203231298306175,9.017859058253435,7.935551406312715e-83
2026-08-17 00:15:00-05:00,0.03442127100201816,0.22286585087495117,8.399874839782665,8.212444779678322,6.842059184017643e-82
2026-08-17 00:30:00-05:00,0.02822544222165489,0.0,10.951399405837646,10.58111144656973,5.826864023354683e-81
2026-08-17 00:45:00-05:00,0.02314486262175701,0.0,10.175867438129282,10.448999755017185,4.901412794203119e-80
2026-08-17 01:00:00-05:00,0.018978787349840747,0.0,7.825938458397354,8.52550124770573,4.0723586257611754e-79
2026-08-17 01:15:00-05:00,0.015562605626869412,0.0,8.890771061049822,7.579234018043483,3.3420203694427853e-78
2026-08-17 01:30:00-05:00,0.012761336614032918,0.07183816328182357,9.470860153818824,10.49969129268224,2.709009377588364e-77
2026-08-17 01:45:00-05:00,0.010464296023506993,0.06927906057928424,8.60359300622408,9.231784969877177,2.1689536131351845e-76
2026-08-17 02:00:00-05:00,0.008580722739275733,0.0,8.735285096791664,9.428085759901926,1.715253678032022e-75
2026-08-17 02:15:00-05:00,0.007036192646206101,0.0,8.850793409442863,9.450768738629614,1.3398148723564213e-74
2026-08-17 02:30:00-05:00,0.005769677969889002,0.0,7.876217317652273,8.03038891064029,1.0337120265673203e-73
2026-08-17 02:45:00-05:00,0.004731135935308981,0.10939549741881406,9.977472611359428,10.108257501495519,7.877577482615241e-73
2026-08-17 03:00:00-05:00,0.0038795314669533643,0.1332796934535668,9.384713798876614,9.070068323982142,5.929582797995683e-72
2026-08-17 03:15:00-05:00,0.0031812158029017584,0.14508801060199902,8.922185984917181,8.759050170417833,4.408531331463226e-71
2026-08-17 03:30:00-05:00,0.0026085969583794417,0.23392282855259455,9.198457354131117,8.533215662150022,3.2374425123891944e-70
2026-08-17 03:45:00-05:00,0.002139049505871142,0.0,10.120323226540489,11.114077655066817,2.3482727515341305e-69
2026-08-17 04:00:00-05:00,0.0017540205948143363,0.12289223429256287,9.230440927727136,8.289478747624365,1.6824158527127528e-68
2026-08-17 04:15:00-05:00,0.0014382968877477557,0.0,8.715067283867668,8.708417510252938,1.1905743032778631e-67
2026-08-17 04:30:00-05:00,0.0011794034479531595,0.0,10.749298325646384,11.820583669330532,8.321813858798147e-67
2026-08-17 04:45:00-05:00,0.10157075338551626,0.6613345385598196,9.815255387616844,9.113710869745663,5.745367715230645e-66
2026-08-17 05:00:00-05:00,0.08328801777612332,0.0,10.127828357715597,10.174784558264147,3.9179239495691345e-65
2026-08-17 05:15:00-05:00,0.06829617457642112,0.0,9.03777640845355,8.87842094674149,2.6389582136201846e-64
2026-08-17 05:30:00-05:00,0.05600286315266532,0.45476583545209426,10.051241529130337,9.840038155798904,1.7556880978548265e-63
2026-08-17 05:45:00-05:00,0.04592234778518556,0.0,12.363678003659496,10.733898002424251,1.1537203584418522e-62
2026-08-17 06:00:00-05:00,1.262754413740983,0.9159057385173252,12.10388439067044,12.167865998074236,7.488452634889905e-62
2026-08-17 06:15:00-05:00,1.035458619267606,1.627544751556528,12.774677839648437,12.095612120532287,4.800892238919128e-61
2026-08-17 06:30:00-05:00,0.8490760677994369,0.0,11.47763148721361,10.89218037420834,3.0401160927679965e-60
2026-08-17 06:45:00-05:00,0.6962423755955383,1.1603069789472316,12.673661986410554,11.789795584100471,1.9015017019434203e-59
2026-08-17 07:00:00-05:00,0.5709187479883413,0.7184174427727679,13.342072417274998,13.654630628561764,1.1747395985334873e-58
2026-08-17 07:15:00-05:00,0.4681533733504398,1.1824062475647055,13.646135878172018,14.046327557789578,7.168443027642453e-58
2026-08-17 07:30:00-05:00,0.38388576614736064,0.0,12.745570942041164,11.939119298400914,4.3206233394081195e-57
2026-08-17 07:45:00-05:00,0.3147863282408357,0.724864115557506,13.965022415255042,14.014727806462105,2.572209372642415e-56
2026-08-17 08:00:00-05:00,0.25812478915748527,0.06013560738332957,14.063582423971512,14.609168123006393,1.5125319776451707e-55
2026-08-17 08:15:00-05:00,0.2116623271091379,0.23036856200532776,14.368705674669151,14.042589585888383,8.784987618116086e-55
2026-08-17 08:30:00-05:00,0.17356310822949308,0.31519075360537446,15.470396572751993,15.316876917171811,5.039832258351253e-54
2026-08-17 08:45:00-05:00,0.14232174874818432,0.0,15.174477145762063,14.43936797761243,2.8558102628575496e-53
2026-08-17 09:00:00-05:00,0.11670383397351114,0.0,16.85311989399852,17.18225985063646,1.598383389533957e-52
2026-08-17 09:15:00-05:00,0.09569714385827913,0.058098694529741556,16.926934219392685,17.672871247020243,8.836309217492221e-52
2026-08-17 09:30:00-05:00,0.07847165796378888,0.0,16.872419745047036,17.597020623691282,4.825020827386009e-51
2026-08-17 09:45:00-05:00,0.06434675953030689,0.0,17.307440571007476,16.02094428144431,2.6023506780973937e-50
2026-08-17 10:00:00-05:00,0.05276434281485164,0.032999676087381635,17.51071874936643,17.268219294298543,1.3863432936411706e-49
2026-08-17 10:15:00-05:00,0.04326676110817834,0.0,18.245776725669707,18.688196249541924,7.294811805244153e-49
2026-08-17 10:30:00-05:00,0.03547874410870624,0.43049910623245524,19.167383274585994,18.869063787837273,3.791366237723837e-48
2026-08-17 10:45:00-05:00,0.029092570169139114,0.5057242518015941,18.353176284426343,19.55483415194133,1.9463266273143323e-47
2026-08-17 11:00:00-05:00,0.02385590753869407,0.29878476411557275,19.930963265380974,19.080176175590875,9.86902046929612e-47
2026-08-17 11:15:00-05:00,0.019561844181729137,0.4252663298643906,19.777014762884594,19.27093609876237,4.942773561810594e-46
2026-08-17 11:30:00-05:00,0.01604071222901789,0.0,19.992911843789443,21.520801940764073,2.4451512024555155e-45
2026-08-17 11:45:00-05:00,0.30961775974548356,0.0,19.74855046935664,19.88621919948257,1.1947555724776326e-44
2026-08-17 12:00:00-05:00,0.2538865629912965,0.6577350024030488,18.87770796465728,19.162954759615083,5.766213907922511e-44
2026-08-17 12:15:00-05:00,0.20818698165286315,0.5019443373074746,19.221747360895566,18.221207989437744,2.7487850079102147e-43
2026-08-17 12:30:00-05:00,0.17071332495534777,0.49191841940180525,18.60718341777558,17.761696710231135,1.2942826737529278e-42
2026-08-17 12:45:00-05:00,0.13998492646338517,0.0,19.90089762562466,20.66569070599316,6.019436551453806e-42
2026-08-17 13:00:00-05:00,3.538500691614262,3.5068122446026107,19.895057097476005,21.32057470690245,2.765163938648108e-41
2026-08-17 13:15:00-05:00,2.9015705671236947,3.1033880766687227,19.989761615965584,20.38519081008939,1.2546548437854034e-40
2026-08-17 13:30:00-05:00,2.3792878650414293,2.844615552713826,21.579288239450083,21.290668008636203,5.6229729004397546e-40
2026-08-17 13:45:00-05:00,1.9510160493339719,2.0918338288021743,20.11862870296028,18.80250499583695,2.4891212533275125e-39
2026-08-17 14:00:00-05:00,1.599833160453857,0.8603814820968696,18.95346425807654,18.404420144014022,1.0883396596155926e-38
2026-08-17 14:15:00-05:00,1.3118631915721626,1.6766275816316274,19.59156078261305,18.76022499175152,4.7002525899906207e-38
2026-08-17 14:30:00-05:00,1.0757278170891733,1.4046242422121487,21.040752248489408,19.544701305257746,2.005008781961654e-37
2026-08-17 14:45:00-05:00,0.882096810013122,0.08888505987183593,20.360655512601237,19.876276689267005,8.447918213230112e-37
2026-08-17 15:00:00-05:00,0.72331938421076,0.6139253862535821,20.27040226876365,20.171416259553737,3.5157781432751744e-36
2026-08-17 15:15:00-05:00,0.5931218950528232,1.2350913902353855,20.23884132133677,21.374182338042118,1.4452120129541458e-35
2026-08-17 15:30:00-05:00,0.486359953943315,0.9274195736716206,20.170363713614293,20.576166642741963,5.867863513021531e-35
2026-08-17 15:45:00-05:00,0.39881516223351826,0.6856355630981046,19.968329432919763,18.99991035513331,2.3532430459688744e-34
2026-08-17 16:00:00-05:00,0.32702843303148493,0.3012230910703036,19.646791397644005,21.426567766943975,9.321630933398905e-34
2026-08-17 16:15:00-05:00,0.26816331508581764,0.0,18.3260418488089,18.45218203834461,3.6471646011600065e-33
2026-08-17 16:30:00-05:00,0.21989391837037045,0.0,19.361301229521732,19.53170913502244,1.40947430701955e-32
2026-08-17 16:45:00-05:00,0.18031301306370376,0.5741553348080937,19.507261105588114,19.338550490010746,5.380186160021138e-32
2026-08-17 17:00:00-05:00,0.14785667071223707,0.7986994372882201,18.646018116303534,19.28957957758642,2.0285035964894713e-31
2026-08-17 17:15:00-05:00,0.12124246998403439,0.07807206366263464,17.406734779288513,17.27968069154866,7.5542717008664865e-31
2026-08-17 17:30:00-05:00,0.09941882538690819,0.2572580863107876,16.465771288388602,17.34592289472826,2.7787390183171102e-30
2026-08-17 17:45:00-05:00,0.0815234368172647,0.0,19.27621138169457,19.415894705612228,1.0095812067304675e-29
2026-08-17 18:00:00-05:00,0.06684921819015706,0.0,17.388628640650076,16.934302252853687,3.623039722524285e-29
2026-08-17 18:15:00-05:00,0.05481635891592879,0.08680849659364426,18.449049335880925,19.062731367647945,1.2842313672676012e-28
2026-08-17 18:30:00-05:00,0.0449494143110616,0.06055321184960685,16.620575045582044,17.32937977097431,4.496263872465446e-28
2026-08-17 18:45:00-05:00,0.03685851973507051,0.16101880023660298,17.78679725882348,18.017070442856767,1.5548863390650064e-27
2026-08-17 19:00:00-05:00,0.030223986182757817,0.0,16.802830799922436,17.730303698251834,5.311092249679095e-27
2026-08-17 19:15:00-05:00,0.024783668669861408,0.0,15.845621893570716,16.47657661011806,1.791873643382226e-26
2026-08-17 19:30:00-05:00,0.020322608309286352,0.0,14.628187349579255,15.065006590013924,5.971305046478011e-26
2026-08-17 19:45:00-05:00,0.016664538813614807,0.3432280019320146,14.826423203269805,15.615441886285522,1.9654838241636744e-25
2026-08-17 20:00:00-05:00,0.013664921827164141,1.289650575276519,15.65487510501476,15.734459311332227,6.390105520550407e-25
2026-08-17 20:15:00-05:00,0.011205235898274594,0.0,13.131714672948902,12.887196328559304,2.0520357625786424e-24
2026-08-17 20:30:00-05:00,0.009188293436585167,0.0,14.725928633485026,14.042964758923038,6.508788515467854e-24
2026-08-17 20:45:00-05:00,0.007534400617999837,0.03012791231759533,12.67127350603262,11.549286695983183,2.0391714198668646e-23
2026-08-17 21:00:00-05:00,0.006178208506759866,0.0,13.055982649485353,13.058078693819702,6.310236703220171e-23
2026-08-17 21:15:00-05:00,0.00506613097554309,0.18345723360636235,12.491095709262057,11.991067169938221,1.9287498479639178e-22
2026-08-17 21:30:00-05:00,0.029899200885867467,0.0,12.346104883011918,12.191820703386094,5.822969281537222e-22
2026-08-17 21:45:00-05:00,0.02451734472641132,0.0,11.057589406583654,11.788038537163768,1.736406620261933e-21
2026-08-17 22:00:00-05:00,4.379887407654342,3.9101622250958776,11.727052090128245,11.700593547392769,5.114423731803747e-21
2026-08-17 22:15:00-05:00,3.5915076742765604,2.506732055450632,10.35845613925027,9.791395850726497,1.4879225305104685e-20
2026-08-17 22:30:00-05:00,2.9450362929067793,3.0992447047048586,11.40248818078106,11.298713793221049,4.275651240655874e-20
2026-08-17 22:45:00-05:00,2.4149297601835586,2.0336871850489198,11.025247561000903,11.352924696079024,1.2135636681257875e-19
2026-08-17 23:00:00-05:00,1.980242403350518,2.164644253834097,11.09757212241437,12.206733759419869,3.402210640971568e-19
2026-08-17 23:15:00-05:00,1.6237987707474246,1.5382764061098748,9.52107971008849,10.222243708674554,9.421025317220781e-19
2026-08-17 23:30:00-05:00,1.3315149920128881,1.873705862619027,9.870972884896549,11.040438226317109,2.576757109154981e-18
2026-08-17 23:45:00-05:00,1.0918422934505683,0.7172232190601667,8.992133596974993,9.817855496317993,6.961248457838979e-18
2026-08-18 00:00:00-05:00,0.895310680629466,1.0586347531790887,9.266952097246664,9.822638156463515,1.8575440702012286e-17
2026-08-18 00:15:00-05:00,0.734154758116162,0.6829277217690766,8.915684578534554,10.032196245493523,4.895865264586114e-17
2026-08-18 00:30:00-05:00,0.6020069016552528,1.4125508993770541,9.653199375215806,10.741227525622628,1.2745536715638003e-16
2026-08-18 00:45:00-05:00,0.4936456593573073,0.811086992325067,8.43273749187627,10.336763453480916,3.2773674723610854e-16
2026-08-18 01:00:00-05:00,0.404789440672992,0.299371232196526,8.046317249881312,7.24751209568131,8.323969676981107e-16
2026-08-18 01:15:00-05:00,0.3319273413518534,0.0,9.19964619049708,9.78739379263472,2.0882100405791107e-15
2026-08-18 01:30:00-05:00,0.27218041990851977,0.0,8.33838141292507,7.803354637696306,5.174354859326245e-15
2026-08-18 01:45:00-05:00,0.2231879443249862,0.0,7.954461584754943,8.3239076540353,1.2664165549094176e-14
2026-08-18 02:00:00-05:00,0.18301411434648868,0.2841444271030825,8.454289638896379,7.567910245683578,3.061507223199812e-14
2026-08-18 02:15:00-05:00,0.1500715737641207,0.39936809866039485,7.085115815797975,6.6757725506168555,7.310251818545068e-14
2026-08-18 02:30:00-05:00,0.2459553862155084,0.24100407217525216,8.75435271470952,9.9847276181015,1.724120939035506e-13
2026-08-18 02:45:00-05:00,0.20168341669671686,0.0,8.270072824217817,9.25941212303474,4.01644158343527e-13
2026-08-18 03:00:00-05:00,0.4572148408251442,0.09950818507387799,9.598866499622677,9.014704933598248,9.241735250663947e-13
2026-08-18 03:15:00-05:00,0.3749161694766182,1.0545449943322915,8.3396422330834,9.165583942955607,2.1004092927322602e-12
2026-08-18 03:30:00-05:00,0.3074312589708269,0.0,9.511991941840234,9.20650564869072,4.715119226236869e-12
2026-08-18 03:45:00-05:00,0.25209363235607807,0.12626498153546042,9.733066117130205,10.17405542186069,1.0454897183568204e-11
2026-08-18 04:00:00-05:00,0.206716778531984,0.0,9.819001886787426,10.208160272713371,2.289734845645553e-11
2026-08-18 04:15:00-05:00,0.16950775839622687,0.0,10.31244408463148,10.215771414456174,4.9532353107322933e-11
2026-08-18 04:30:00-05:00,0.13899636188490602,0.0,10.76412125986736,11.427081640440862,1.0583542713899205e-10
2026-08-18 04:45:00-05:00,0.11397701674562292,0.0,9.54760636869644,8.090045692500674,2.2336314362031582e-10
2026-08-18 05:00:00-05:00,0.0934611537314108,0.0,10.653339068662385,11.785151932340304,4.656185771232175e-10
2026-08-18 05:15:00-05:00,0.07663814605975686,0.4592908036212354,10.816489187153833,11.544562158531862,9.587103703908415e-10
2026-08-18 05:30:00-05:00,0.06284327976900062,0.0,12.121259233384976,12.857094765524183,1.9497677860172377e-09
2026-08-18 05:45:00-05:00,0.0515314894105805,0.12984730404914896,12.105251708724438,12.745618295094468,3.9166674251931896e-09
2026-08-18 06:00:00-05:00,0.04225582131667601,0.12806223802029545,11.398519700935157,11.114955546510545,7.771213507633599e-09
2026-08-18 06:15:00-05:00,0.03464977347967433,0.4310134376711637,12.26721984453888,12.419131393131495,1.522997974471263e-08
2026-08-18 06:30:00-05:00,0.02841281425333295,0.032952738450196244,12.773973064083453,12.27686958063381,2.9481403186637685e-08
2026-08-18 06:45:00-05:00,0.023298507687733016,0.04677164525729406,12.921829062405306,12.16738047084784,5.636834895598722e-08
2026-08-18 07:00:00-05:00,0.01910477630394107,0.0,12.934933542159285,13.928080201792794,1.0645371411076024e-07
2026-08-18 07:15:00-05:00,0.015665916569231678,0.16844241317942749,13.915774769188339,14.395757243258627,1.9857504150120978e-07
2026-08-18 07:30:00-05:00,0.012846051586769975,0.0,12.986627519817413,13.089155549238775,3.6587003789544163e-07
2026-08-18 07:45:00-05:00,0.010533762301151378,0.18945988066492864,13.580614745874634,13.739549094970895,6.658361469857315e-07
2026-08-18 08:00:00-05:00,0.00863768508694413,0.0,14.618746139377713,13.452994255303526,1.1968679330025267e-06
2026-08-18 08:15:00-05:00,0.0070829017712941865,0.0,14.673537607634321,14.618950784191634,2.1250220162321567e-06
2026-08-18 08:30:00-05:00,0.005807979452461233,0.9997482609013214,15.105942466336561,15.509983380763188,3.726653172078671e-06
2026-08-18 08:45:00-05:00,0.004762543151018211,0.6691224220457369,16.254676289645605,16.290328153428206,6.4552469066326685e-06
2026-08-18 09:00:00-05:00,0.0039052853838349327,0.0,15.538311306670511,13.806059610981857,1.1044475089776293e-05
2026-08-18 09:15:00-05:00,0.0032023340147446446,0.0,15.229752820768603,14.821270186090347,1.8664469113520537e-05
2026-08-18 09:30:00-05:00,0.0026259138920906085,0.2747483344408499,16.98774225443033,18.38420778572156,3.115476951901466e-05
2026-08-18 09:45:00-05:00,0.0021532493915142987,0.0,16.599182905033842,16.008913509832674,5.1365531189759374e-05
2026-08-18 10:00:00-05:00,0.001765664501041725,0.09593686333144046,18.22130652737292,18.10195841938206,8.364834722972767e-05
2026-08-18 10:15:00-05:00,0.0014478448908542144,0.0,16.9349003888403,17.340641349188637,0.00013454925108033938
2026-08-18 10:30:00-05:00,0.0011872328105004557,0.0,18.136560608602178,19.26676287654411,0.00021376841881809205
2026-08-18 10:45:00-05:00,0.0009735309046103736,0.0,18.640560789329072,17.1032284754575,0.00033546262790251185
2026-08-18 11:00:00-05:00,0.0007982953417805063,0.4243212369833052,19.600610181697704,18.468970101600625,0.000519975743255855
2026-08-18 11:15:00-05:00,0.0006546021802600151,0.0,18.52683054174947,18.259935704902198,0.0007960866914957304
2026-08-18 11:30:00-05:00,0.0005367737878132124,0.26154482731518924,19.829924511475358,19.732942896836455,0.001203859994828204
2026-08-18 11:45:00-05:00,0.00044015450600683414,0.0,20.55449099168198,20.615308315568708,0.0017981666618475832
2026-08-18 12:00:00-05:00,0.00036092669492560395,0.23333976199758547,19.677283915951577,18.84619374070146,0.002652908309644927
2026-08-18 12:15:00-05:00,0.00029595988983899523,0.0,19.362277904830957,17.883704423879845,0.003865920139472804
2026-08-18 12:30:00-05:00,0.00024268710966797606,0.0,19.879202454811086,18.945129867972973,0.00556444502779387
2026-08-18 12:45:00-05:00,0.00019900342992774036,0.7418103067999461,20.003933612987545,19.770495627074506,0.007910959733930247
2026-08-18 13:00:00-05:00,0.00016318281254074709,0.0,19.658497100045956,20.626968492028357,0.011108996538242306
2026-08-18 13:15:00-05:00,0.0001338099062834126,0.0,20.71529922345695,19.91108776525187,0.015408445571188785
2026-08-18 13:30:00-05:00,0.00010972412315239834,0.009095285658584898,21.474189733820534,22.136911908103478,0.02110965645367106
2026-08-18 13:45:00-05:00,8.997378098496663e-05,0.0,20.153333218701807,20.496781895197433,0.028565500784550377
2026-08-18 14:00:00-05:00,7.377850040767263e-05,0.0,21.122099862053865,21.990066018655014,0.03818043380053579
2026-08-18 14:15:00-05:00,6.049837033429155e-05,0.0,19.86645430420146,20.35478817215931,0.05040553336275363
2026-08-18 14:30:00-05:00,4.960866367411907e-05,0.7153896975371384,19.768527358827395,20.668648021472485,0.06572852861653045
2026-08-18 14:45:00-05:00,4.067910421277764e-05,0.0,20.391127055657908,20.369297307853326,0.08465798862252993
2026-08-18 15:00:00-05:00,3.335686545447766e-05,0.0,20.676350166903298,22.988131043230144,0.10770114519003211
2026-08-18 15:15:00-05:00,2.7352629672671678e-05,0.2737005632923322,20.313647682379433,19.7884363117397,0.1353352832366127
2026-08-18 15:30:00-05:00,2.2429156331590775e-05,0.8572404261475977,19.542204914292178,18.27378333093803,0.16797323675753362
2026-08-18 15:45:00-05:00,1.8391908191904433e-05,0.0,18.216988942497398,17.340744489190506,0.20592424643419874
2026-08-18 16:00:00-05:00,1.5081364717361635e-05,0.8306444907796198,18.774143208559757,18.49716635149979,0.24935220877729616
2026-08-18 16:15:00-05:00,1.236671906823654e-05,0.0,19.242751460794544,19.29512925717709,0.29823409618142155
2026-08-18 16:30:00-05:00,1.0140709635953962e-05,0.0,18.367598382109623,19.4407861693973,0.35232195499549696
2026-08-18 16:45:00-05:00,8.315381901482248e-06,0.0,19.916935633475454,20.253833316525196,0.41111229050718745
2026-08-18 17:00:00-05:00,6.818613159215442e-06,0.0,18.99417786282478,19.37817880108958,0.473826726395364
2026-08-18 17:15:00-05:00,5.5912627905566625e-06,0.2931095038713944,17.885852591336697,18.650802898402095,0.5394075072376265
2026-08-18 17:30:00-05:00,4.584835488256463e-06,0.3473053521574764,17.494366182280228,17.313350254383618,0.6065306597126334
2026-08-18 17:45:00-05:00,3.759565100370299e-06,0.3980359841247727,17.464296048458035,17.543065474159757,0.6736384553447268
2026-08-18 18:00:00-05:00,3.082843382303645e-06,0.0,17.59845592950962,16.61695429030503,0.7389912962803088
2026-08-18 18:15:00-05:00,2.5279315734889888e-06,0.21320417711576645,18.068286257792785,17.35613807128088,0.8007374029168081
2026-08-18 18:30:00-05:00,2.072903890260971e-06,0.0,16.51076607386204,17.25654650492128,0.8569968914352789
2026-08-18 18:45:00-05:00,1.699781190013996e-06,0.41132564732931953,15.845136751908973,15.784174967047383,0.9059551911095096
2026-08-18 19:00:00-05:00,1.3938205758114765e-06,0.012512857680098875,18.095453796754594,19.069506235949692,0.9459594689067654
2026-08-18 19:15:00-05:00,1.1429328721654106e-06,0.0,15.461165052458862,15.357648137333431,0.9756109800648459
2026-08-18 19:30:00-05:00,9.372049551756367e-07,0.0,15.821372583739098,16.90469502220953,0.9938461733264412
2026-08-18 19:45:00-05:00,7.685080632440221e-07,0.3512711610765357,14.645747913003708,14.390776667860333,1.0
2026-08-18 20:00:00-05:00,6.301766118600981e-07,0.015756692828457656,14.201009883982326,14.645315687420332,0.9938461733264412
2026-08-18 20:15:00-05:00,5.167448217252805e-07,0.0,15.08866718081199,15.01941896638306,0.9756109800648459
2026-08-18 20:30:00-05:00,4.2373075381472994e-07,0.0,13.515312402188636,13.022341449831636,0.9459594689067654
2026-08-18 20:45:00-05:00,3.474592181280785e-07,0.5149901537553895,12.848911461044004,14.069032355493766,0.9059551911095096
2026-08-18 21:00:00-05:00,2.8491655886502434e-07,0.0,11.172158939960543,10.708292045011454,0.8569968914352789
2026-08-18 21:15:00-05:00,2.3363157826931994e-07,0.9150667230778694,13.515728796238747,15.013378179457582,0.8007374029168081
2026-08-18 21:30:00-05:00,1.9157789418084234e-07,0.0,13.488229998455804,13.841980933253545,0.7389912962803088
2026-08-18 21:45:00-05:00,0.18665472266354652,0.8964263697995614,11.029773547786395,11.471069882184398,0.6736384553447268
2026-08-18 22:00:00-05:00,0.15305687258410813,0.0,11.91973176910614,11.785765586264702,0.6065306597126334
2026-08-18 22:15:00-05:00,0.12550663551896865,0.5050252203283626,11.722903633806528,11.91212555057696,0.5394075072376265
2026-08-18 22:30:00-05:00,0.10291544112555429,0.0,10.12960343472407,9.411240255561784,0.473826726395364
2026-08-18 22:45:00-05:00,0.08439066172295451,0.9498658618453663,11.409244845323077,11.627481275086314,0.41111229050718745
2026-08-18 23:00:00-05:00,0.0692003426128227,0.0,9.71451210782641,8.827282998335699,0.35232195499549696
2026-08-18 23:15:00-05:00,0.0567442809425146,0.5800752160854074,10.025713866166639,9.618626459319547,0.29823409618142155
2026-08-18 23:30:00-05:00,0.04653031037286197,0.0,10.135823310415672,10.304068026040214,0.24935220877729616
2026-08-18 23:45:00-05:00,0.038154854505746814,0.12212128617895648,9.235156097162987,8.480794482456604,0.20592424643419874
2026-08-19 00:00:00-05:00,0.031286980694712384,0.0,9.060008703972432,8.947824572732157,0.16797323675753362
2026-08-19 00:15:00-05:00,0.025655324169664154,0.0,9.783175247399965,10.956775618131562,0.1353352832366127
2026-08-19 00:30:00-05:00,0.021037365819124604,0.07406228312171592,7.871834366087109,7.228186493942143,0.10770114519003211
2026-08-19 00:45:00-05:00,0.017250639971682174,0.49014200578506867,8.811920595381428,9.668826884524536,0.08465798862252993
2026-08-19 01:00:00-05:00,1.1012099531819077,0.9341348447349938,8.426807514400954,8.36342275196536,0.06572852861653045
2026-08-19 01:15:00-05:00,0.9029921616091643,1.1503044275100198,8.897840459078425,8.46814454072553,0.05040553336275363
2026-08-19 01:30:00-05:00,0.7404535725195147,0.11670839547436318,8.428790279533056,9.02039678292487,0.03818043380053579
2026-08-19 01:45:00-05:00,0.6071719294660021,0.6766795068450926,9.328218322230912,8.315627094604647,0.028565500784550377
2026-08-19 02:00:00-05:00,0.4978809821621217,0.2583057631874196,7.737586599190075,7.395273214425917,0.02110965645367106
2026-08-19 02:15:00-05:00,0.40826240537293973,0.0,9.190387909910799,9.115144834653321,0.015408445571188785
2026-08-19 02:30:00-05:00,0.33477517240581056,1.1372450893332098,8.666962034599582,9.625226556253349,0.011108996538242306
2026-08-19 02:45:00-05:00,0.27451564137276463,0.11189948095843907,8.029337200249547,8.199050264681967,0.007910959733930247
2026-08-19 03:00:00-05:00,0.225102825925667,0.5869830582902773,9.025045485478252,7.113105199236358,0.00556444502779387
2026-08-19 03:15:00-05:00,0.18458431725904692,0.936267194143489,8.078752377715139,6.436271725094617,0.003865920139472804
2026-08-19 03:30:00-05:00,0.15135914015241847,0.26445964970328883,9.683750449674655,11.738308378326265,0.002652908309644927
2026-08-19 03:45:00-05:00,0.12411449492498314,0.400479991166357,10.358285979627112,10.273904378153295,0.0017981666618475832
2026-08-19 04:00:00-05:00,0.10177388583848616,0.3123049706361566,9.092254734079793,9.025752025416448,0.001203859994828204
2026-08-19 04:15:00-05:00,0.08345458638755865,0.0,11.144017196936348,11.545031092669259,0.0007960866914957304
2026-08-19 04:30:00-05:00,0.06843276083779809,0.0,10.598325162471765,10.91583162398606,0.000519975743255855
2026-08-19 04:45:00-05:00,0.05611486388699443,0.0917340271133598,10.16273206559855,10.410684342836772,0.00033546262790251185
2026-08-19 05:00:00-05:00,0.04601418838733543,0.0,10.32868524396197,9.510715111497067,0.00021376841881809205
2026-08-19 05:15:00-05:00,0.03773163447761505,0.1644567819027318,10.579808895753445,10.022788338856094,0.00013454925108033938
2026-08-19 05:30:00-05:00,0.9657912601921281,1.3559845895960096,11.57446509835518,10.727411169800689,8.364834722972767e-05
2026-08-19 05:45:00-05:00,0.7919488333575451,0.8919842399262914,11.880542503865337,12.041427058828905,5.1365531189759374e-05
2026-08-19 06:00:00-05:00,0.649398043353187,1.137945578638564,12.368379178245982,12.072671512134793,3.115476951901466e-05
2026-08-19 06:15:00-05:00,0.5325063955496133,0.40394401056486745,11.019501947619236,10.555743922999245,1.8664469113520537e-05
2026-08-19 06:30:00-05:00,0.43665524435068287,0.08701375429787434,11.764719570828277,12.430206182526497,1.1044475089776293e-05
2026-08-19 06:45:00-05:00,0.35805730036755995,1.0718098749094922,12.387800275088065,13.463079136532325,6.4552469066326685e-06
2026-08-19 07:00:00-05:00,0.29360698630139914,0.0,13.974368246524087,14.763261005443288,3.726653172078671e-06
2026-08-19 07:15:00-05:00,0.2407577287671473,0.1303392706587721,13.458526306549324,13.60879802431517,2.1250220162321567e-06
2026-08-19 07:30:00-05:00,0.19742133758906077,0.41854858445164256,13.04707806907357,14.643077153943585,1.1968679330025267e-06
2026-08-19 07:45:00-05:00,0.16188549682302983,0.024554346600798,14.810479961765255,14.700126733547137,6.658361469857315e-07
2026-08-19 08:00:00-05:00,0.13274610739488446,0.2794258069811783,15.549941570108187,16.096707742518223,3.6587003789544163e-07
2026-08-19 08:15:00-05:00,0.10885180806380525,0.9727546732833569,14.275382256555723,14.544466703478758,1.9857504150120978e-07
2026-08-19 08:30:00-05:00,0.08925848261232029,0.12246873971591715,14.379493684119463,15.526090700486717,1.0645371411076024e-07
2026-08-19 08:45:00-05:00,0.07319195574210263,0.5609121867987227,14.849812884509833,14.557767630104806,5.636834895598722e-08
2026-08-19 09:00:00-05:00,0.06001740370852415,0.6233781399430519,15.170887909417658,15.012460696820428,2.9481403186637685e-08
2026-08-19 09:15:00-05:00,0.049214271040989806,0.0,15.98272271797516,16.855746271105097,1.522997974471263e-08
2026-08-19 09:30:00-05:00,0.04035570225361164,0.6328973998063961,17.016498177790563,16.182764751896528,7.771213507633599e-09
2026-08-19 09:45:00-05:00,0.03309167584796154,0.0,17.611474718147786,16.166051968288674,3.9166674251931896e-09
2026-08-19 10:00:00-05:00,0.027135174195328463,0.6220452603274834,17.32604530883156,18.044836394870316,1.9497677860172377e-09
2026-08-19 10:15:00-05:00,0.02225084284016934,0.0,16.71267985633129,16.026461111902204,9.587103703908415e-10
2026-08-19 10:30:00-05:00,0.018245691128938858,0.028500227675163064,18.623744337869205,19.50379083876501,4.656185771232175e-10
2026-08-19 10:45:00-05:00,0.014961466725729863,0.2247487627790761,18.713530100270326,18.980413190828557,2.2336314362031582e-10
2026-08-19 11:00:00-05:00,0.012268402715098487,0.15885818960909504,19.20592506267841,19.705223689322445,1.0583542713899205e-10
2026-08-19 11:15:00-05:00,0.010060090226380759,0.014034939536315332,18.890780691176143,19.627453556737102,4.9532353107322933e-11
2026-08-19 11:30:00-05:00,0.008249273985632221,0.0,19.060335731105237,18.56954009202647,2.289734845645553e-11
2026-08-19 11:45:00-05:00,0.0067644046682184215,0.10691442855952782,19.444211405318825,19.386311232615512,1.0454897183568204e-11
2026-08-19 12:00:00-05:00,0.005546811827939105,0.18349221032166735,18.552656184113108,19.540630462307643,4.715119226236869e-12
2026-08-19 12:15:00-05:00,0.0045483856989100655,0.0,19.465781495349837,19.296013044131985,2.1004092927322602e-12
2026-08-19 12:30:00-05:00,0.0037296762731062537,0.0,19.117910732961285,16.706184856366985,9.241735250663947e-13
2026-08-19 12:45:00-05:00,0.003058334543947128,0.0,21.277733224399952,22.482256084161858,4.01644158343527e-13
2026-08-19 13:00:00-05:00,0.0025078343260366447,0.0,20.154005192098463,21.544470392910448,1.724120939035506e-13
2026-08-19 13:15:00-05:00,0.0020564241473500487,0.6567390769414636,20.256828479476358,21.666474672775887,7.310251818545068e-14
2026-08-19 13:30:00-05:00,0.0016862678008270399,0.266636370494032,18.962017711295008,18.080206437842673,3.061507223199812e-14
2026-08-19 13:45:00-05:00,0.2186486860535531,0.0,21.095210679206833,20.967945925092472,1.2664165549094176e-14
2026-08-19 14:00:00-05:00,0.17929192256391352,0.24717542723224825,21.486066225031628,19.840091262517433,5.174354859326245e-15
2026-08-19 14:15:00-05:00,0.14701937650240907,0.6745120036899742,20.38437779642923,20.696468400443496,2.0882100405791107e-15
2026-08-19 14:30:00-05:00,0.12055588873197542,0.34904399308038947,19.66620023544305,18.74616274208133,8.323969676981107e-16
2026-08-19 14:45:00-05:00,0.09885582876021984,0.0,20.494471081632277,19.20080409813477,3.2773674723610854e-16
2026-08-19 15:00:00-05:00,0.08106177958338026,0.516993864511531,21.08131372948566,21.909501721233617,1.2745536715638003e-16
2026-08-19 15:15:00-05:00,0.06647065925837181,0.0,20.61153662612913,19.606895275066574,4.895865264586114e-17
2026-08-19 15:30:00-05:00,0.05450594059186488,0.07828994200161205,20.314029357294526,20.63060564412444,1.8575440702012286e-17
2026-08-19 15:45:00-05:00,0.044694871285329195,0.04766090442169637,19.674754831070832,20.43034634583459,6.961248457838979e-18
2026-08-19 16:00:00-05:00,0.03664979445396994,0.6068495122301877,19.695007296504365,20.79069297932379,2.576757109154981e-18
2026-08-19 16:15:00-05:00,0.030052831452255346,0.03234276938368856,19.651075097614555,20.812054878915895,9.421025317220781e-19
2026-08-19 16:30:00-05:00,0.024643321790849382,0.014039973912969829,19.048491197807838,17.88258087054776,3.402210640971568e-19
2026-08-19 16:45:00-05:00,0.02020752386849649,0.1474472307557662,19.966558785956952,20.59476463879948,1.2135636681257875e-19
2026-08-19 17:00:00-05:00,0.016570169572167122,0.2594615340392262,17.979159796762016,18.06421094752346,4.275651240655874e-20
2026-08-19 17:15:00-05:00,0.013587539049177038,0.0,18.24528758363582,17.382716133582832,1.4879225305104685e-20
2026-08-19 17:30:00-05:00,0.011141782020325171,0.03167471451369857,19.56083840525632,18.78709274397752,5.114423731803747e-21
2026-08-19 17:45:00-05:00,0.00913626125666664,0.033809983668058076,17.466187068536243,17.35977868538738,1.736406620261933e-21
2026-08-19 18:00:00-05:00,0.007491734230466645,0.0,16.918953850385602,16.759278798147815,5.822969281537222e-22
2026-08-19 18:15:00-05:00,0.006143222068982648,0.11534485923119049,17.326792441238865,17.416974716606912,1.9287498479639178e-22
2026-08-19 18:30:00-05:00,0.005037442096565771,0.0,15.769500090523088,15.925335545222524,6.310236703220171e-23
2026-08-19 18:45:00-05:00,0.004130702519183932,0.0,15.63092966464784,16.583284735644742,2.0391714198668646e-23
2026-08-19 19:00:00-05:00,0.003387176065730824,0.0,16.10289210625286,17.274579314770893,6.508788515467854e-24
2026-08-19 19:15:00-05:00,0.0027774843738992755,0.0,15.340303227603293,15.803366726413197,2.0520357625786424e-24
2026-08-19 19:30:00-05:00,0.0022775371865974055,0.12238602040753364,14.988258645997227,15.101539931977674,6.390105520550407e-25
2026-08-19 19:45:00-05:00,0.0018675804930098725,0.9098011580982595,15.529121168332741,15.125546126761478,1.9654838241636744e-25
2026-08-19 20:00:00-05:00,0.0015314160042680953,0.0,13.90171845493579,14.196662222545159,5.971305046478011e-26
2026-08-19 20:15:00-05:00,0.001255761123499838,0.5031356433445983,14.345612313393122,14.748939004936142,1.791873643382226e-26
2026-08-19 20:30:00-05:00,0.001029724121269867,1.111985557841768,13.939921202865985,12.334585289366274,5.311092249679095e-27
2026-08-19 20:45:00-05:00,0.000844373779441291,0.0,14.954172002743075,15.262732967091281,1.5548863390650064e-27
2026-08-19 21:00:00-05:00,0.0006923864991418585,0.34389266755604664,11.93470182449781,12.270217927552878,4.496263872465446e-28
2026-08-19 21:15:00-05:00,0.0005677569292963239,0.0,12.305033343390958,14.195810479141809,1.2842313672676012e-28
2026-08-19 21:30:00-05:00,0.00046556068202298557,0.0,11.84822302268822,12.959813038117932,3.623039722524285e-29
2026-08-19 21:45:00-05:00,0.00038175975925884814,0.0,10.608667859190232,11.466506143544102,1.0095812067304675e-29
2026-08-19 22:00:00-05:00,0.00031304300259225545,0.69125606200573,10.132612104733608,9.22028634665408,2.7787390183171102e-30
2026-08-19 22:15:00-05:00,0.00025669526212564945,0.0,11.07811978473052,12.776646942350741,7.5542717008664865e-31
2026-08-19 22:30:00-05:00,0.00021049011494303255,0.0,11.079073141969324,12.904747739373835,2.0285035964894713e-31
2026-08-19 22:45:00-05:00,0.0001726018942532867,0.0,10.589302785476676,9.820892314109653,5.380186160021138e-32
2026-08-19 23:00:00-05:00,0.00014153355328769507,0.0,10.043269865655978,9.643749310244583,1.40947430701955e-32
2026-08-19 23:15:00-05:00,0.00011605751369590995,0.0,9.504089200654873,10.846483435545096,3.6471646011600065e-33
2026-08-19 23:30:00-05:00,9.516716123064615e-05,0.0,9.731206841220464,9.275752513311376,9.321630933398905e-34
2026-08-19 23:45:00-05:00,7.803707220912984e-05,0.0,9.706633886204136,9.53530276224907,2.3532430459688744e-34
2026-08-20 00:00:00-05:00,6.399039921148646e-05,0.0,10.246047065732313,9.14154733872655,5.867863513021531e-35
2026-08-20 00:15:00-05:00,5.2472127353418896e-05,0.3385009919536349,9.211558822269081,9.631153870985708,1.4452120129541458e-35
2026-08-20 00:30:00-05:00,4.302714442980349e-05,0.509295600310392,10.575802257124604,10.296072220324099,3.5157781432751744e-36
2026-08-20 00:45:00-05:00,3.528225843243886e-05,0.0,10.360395070203355,9.28830205188247,8.447918213230112e-37
2026-08-20 01:00:00-05:00,2.8931451914599863e-05,0.027104097177976065,9.44744710117684,8.830962407456273,2.005008781961654e-37
2026-08-20 01:15:00-05:00,2.3723790569971886e-05,0.4144323135697503,8.844862762857469,8.708644456997236,4.7002525899906207e-38
2026-08-20 01:30:00-05:00,1.9453508267376946e-05,0.0,9.476671003246421,9.35573045383821,1.0883396596155926e-38
2026-08-20 01:45:00-05:00,0.3090234838319928,0.37538465902324303,9.220134347664825,10.205643522544815,2.4891212533275125e-39
2026-08-20 02:00:00-05:00,0.25339925674223407,0.35605445347409687,8.20872024902203,7.223966604295222,5.6229729004397546e-40
2026-08-20 02:15:00-05:00,0.20778739052863193,0.0,9.438863423551755,9.989026109095203,1.2546548437854034e-40
2026-08-20 02:30:00-05:00,0.17038566023347818,0.0,9.162083914541295,11.705581537541512,2.765163938648108e-41
2026-08-20 02:45:00-05:00,0.13971624139145208,0.26275970699526213,8.532230634926327,7.074595910167872,6.019436551453806e-42
2026-08-20 03:00:00-05:00,0.1145673179409907,0.0,9.523033339169478,8.478536688866127,1.2942826737529278e-42
2026-08-20 03:15:00-05:00,0.09394520071161237,0.0,9.423142134617908,8.720987978013788,2.7487850079102147e-43
2026-08-20 03:30:00-05:00,0.07703506458352215,0.12273674456477901,7.188102632378999,9.00674238844879,5.766213907922511e-44
2026-08-20 03:45:00-05:00,0.06316875295848816,1.1105980076694901,9.472197459906658,8.613411503693989,1.1947555724776326e-44
2026-08-20 04:00:00-05:00,0.05179837742596029,0.0,8.734291608263188,9.117316684568578,2.4451512024555155e-45
2026-08-20 04:15:00-05:00,0.04247466948928744,0.6186594359219525,10.803989032740267,9.34107637282348,4.942773561810594e-46
2026-08-20 04:30:00-05:00,0.034829228981215696,0.0,9.144038937987242,9.53910834736966,9.86902046929612e-47
2026-08-20 04:45:00-05:00,0.02855996776459687,0.007059841837087882,10.81913876390505,11.216766956900974,1.9463266273143323e-47
2026-08-20 05:00:00-05:00,1.3038953147173635,0.681576182972187,11.937800390288547,12.617959605452555,3.791366237723837e-48
2026-08-20 05:15:00-05:00,1.069194158068238,0.6894384854518347,10.768164675352214,11.244224985133794,7.294811805244153e-49
2026-08-20 05:30:00-05:00,0.8767392096159551,1.3675386127892524,11.860274427914693,10.678889183063369,1.3863432936411706e-49
2026-08-20 05:45:00-05:00,0.7189261518850831,0.41903184177784564,10.304793198836016,8.343562930373187,2.6023506780973937e-50
2026-08-20 06:00:00-05:00,0.5895194445457681,0.41394490549341,13.168943276334888,14.321967149202047,4.825020827386009e-51
2026-08-20 06:15:00-05:00,0.48340594452752983,0.0,10.517665259417935,9.297328260344697,8.836309217492221e-52
2026-08-20 06:30:00-05:00,0.39639287451257443,1.1919857339330893,12.39505098393683,13.786230334248554,1.598383389533957e-52
2026-08-20 06:45:00-05:00,0.32504215710031104,0.5019524673057733,13.520432750836195,13.786519069629495,2.8558102628575496e-53
2026-08-20 07:00:00-05:00,0.266534568822255,0.6488877627762453,12.369358828148771,12.480869564931712,5.039832258351253e-54
2026-08-20 07:15:00-05:00,0.2185583464342491,0.5147013260903783,14.793591844845055,15.335259107117638,8.784987618116086e-55
2026-08-20 07:30:00-05:00,0.17921784407608424,0.41480336700374354,14.105695950362962,13.166448353501742,1.5125319776451707e-55
2026-08-20 07:45:00-05:00,0.14695863214238908,0.0,12.23807801087169,11.193931334426228,2.572209372642415e-56
2026-08-20 08:00:00-05:00,0.12050607835675904,0.42380335317682466,15.578646352576303,16.57045796950528,4.3206233394081195e-57
2026-08-20 08:15:00-05:00,0.09881498425254241,1.1677974496002879,15.922503580561019,16.014340962165743,7.168443027642453e-58
2026-08-20 08:30:00-05:00,0.08102828708708477,0.4650642870048491,15.320444001307678,15.535468703185735,1.1747395985334873e-58
2026-08-20 08:45:00-05:00,0.06644319541140951,0.4039856106666544,14.547191562004594,14.15610471999693,1.9015017019434203e-59
2026-08-20 09:00:00-05:00,0.3416984781932025,0.669454200791713,16.116753608406555,15.721113781763577,3.0401160927679965e-60
2026-08-20 09:15:00-05:00,0.28019275211842604,0.34004364570133655,17.58845955556626,16.600018727968713,4.800892238919128e-61
2026-08-20 09:30:00-05:00,0.22975805673710933,0.25895436557585355,17.567569759681152,17.799311152974575,7.488452634889905e-62
2026-08-20 09:45:00-05:00,0.18840160652442964,0.0,17.72457521277315,17.345380258243114,1.1537203584418522e-62
2026-08-20 10:00:00-05:00,0.1544893173500323,1.1428436392767654,17.474589360946467,17.939574854750862,1.7556880978548265e-63
2026-08-20 10:15:00-05:00,0.12668124022702648,0.0,17.629351261826837,16.310256105834863,2.6389582136201846e-64
2026-08-20 10:30:00-05:00,0.10387861698616171,0.47683671959794827,18.827207529629703,18.251614918783467,3.9179239495691345e-65
2026-08-20 10:45:00-05:00,0.0851804659286526,0.0,19.049017131225305,20.143575662976744,5.745367715230645e-66
2026-08-20 11:00:00-05:00,0.06984798206149513,0.0,18.428551865012693,19.065385386082948,8.321813858798147e-67
2026-08-20 11:15:00-05:00,0.057275345290426,0.0,18.100111662238604,17.209641181660885,1.1905743032778631e-67
2026-08-20 11:30:00-05:00,0.046965783138149315,0.3010079466379016,17.719707012583935,18.0348927101099,1.6824158527127528e-68
2026-08-20 11:45:00-05:00,0.03851194217328244,0.09313201053821048,17.919615451713025,15.337097441550664,2.3482727515341305e-69
2026-08-20 12:00:00-05:00,0.0315797925820916,0.24814404757247502,19.627927755335055,20.590922278403177,3.2374425123891944e-70
2026-08-20 12:15:00-05:00,0.02589542991731511,0.21441539706927082,20.702774477999345,21.68741992957906,4.408531331463226e-71
2026-08-20 12:30:00-05:00,0.021234252532198388,0.14645089603198033,19.001546982877407,17.912747078288856,5.929582797995683e-72
2026-08-20 12:45:00-05:00,0.017412087076402676,0.4052587082576788,20.557019864663662,20.508304723527235,7.877577482615241e-73
2026-08-20 13:00:00-05:00,0.07076918117398562,0.0,19.65770724683233,19.721289881977267,1.0337120265673203e-73
2026-08-20 13:15:00-05:00,0.05896904707966581,0.32091192938307517,20.424173117839583,19.913812669989277,1.3398148723564213e-74
2026-08-20 13:30:00-05:00,0.048354618605325965,0.0,19.688091652917976,18.511159967540262,1.715253678032022e-75
2026-08-20 13:45:00-05:00,0.03965078725636729,0.30941823984279215,20.353580560858994,19.774289238684617,2.1689536131351845e-76
2026-08-20 14:00:00-05:00,0.032513645550221175,0.0,21.121034482723925,21.426755653197063,2.709009377588364e-77
2026-08-20 14:15:00-05:00,0.026661189351181364,0.6697683665316071,19.04995572128206,18.727646569029744,3.3420203694427853e-78
2026-08-20 14:30:00-05:00,0.021862175267968718,0.6960108544764557,20.799013409104667,21.671045854201598,4.0723586257611754e-79
2026-08-20 14:45:00-05:00,0.01792698371973435,0.0,20.870900786558362,21.54282944391111,4.901412794203119e-80
2026-08-20 15:00:00-05:00,0.014700126650182166,0.20944073465448476,19.7603257275655,18.99469422840459,5.826864023354683e-81
2026-08-20 15:15:00-05:00,0.012054103853149376,0.0,17.594870371658832,17.67805999151659,6.842059184017643e-82
2026-08-20 15:30:00-05:00,0.009884365159582487,0.14511570153674833,18.917450927326357,18.30293268820817,7.935551406312715e-83
2026-08-20 15:45:00-05:00,0.008105179430857638,0.10464100713857588,19.87442706844995,20.865872250198418,9.09087595551689e-84
2026-08-20 16:00:00-05:00,0.006646247133303263,0.07163644525145993,20.20473843102039,21.211481161310964,1.0286619937923687e-84
2026-08-20 16:15:00-05:00,0.005449922649308675,0.7392254371464951,19.488496520527953,18.428167398123307,1.1496826996010091e-85
2026-08-20 16:30:00-05:00,0.004468936572433113,0.0,19.181024040040324,19.209246036549043,1.2691753770951544e-86
2026-08-20 16:45:00-05:00,0.003664527989395152,0.0,18.694674400251458,19.598416425311612,1.3838965267367376e-87
2026-08-20 17:00:00-05:00,0.8072900768366712,0.8428068491777294,18.721316621618563,17.929393527156975,1.490472407540571e-88
2026-08-20 17:15:00-05:00,0.716120745854606,0.8927093467015471,18.82923909476388,18.189158693513043,1.585559709476228e-89
2026-08-20 17:30:00-05:00,0.5872190116007768,0.4091299467925118,18.286142729799398,16.780170562188573,1.666017665520094e-90
2026-08-20 17:45:00-05:00,0.48151958951263696,0.03341421483140844,17.661990054748742,16.613528244886417,1.729079423040397e-91
2026-08-20 18:00:00-05:00,0.39484606340036227,0.8858916527515172,18.035905772077413,18.2168618695674,1.7725097084745192e-92
2026-08-20 18:15:00-05:00,0.32377377198829704,1.5340162132029347,16.59194645953243,15.632873795006162,1.7947362817304427e-93
2026-08-20 18:30:00-05:00,0.26549449303040357,0.0,16.97704635394454,15.569050344821056,1.7949444063758104e-94
2026-08-20 18:45:00-05:00,0.21770548428493092,0.0008069784418181514,17.582159888407137,17.06368461663636,1.7731264214803528e-95
2026-08-20 19:00:00-05:00,0.17851849711364334,0.8559937298221962,16.705377931263524,17.49156889502051,1.73008220968259e-96
2026-08-20 19:15:00-05:00,0.14638516763318754,0.2649737074768594,16.023631467391404,16.89143760861543,1.6673705216099514e-97
2026-08-20 19:30:00-05:00,0.12003583745921377,0.0,14.394221641943991,15.227008812192114,1.5872152866772185e-98
2026-08-20 19:45:00-05:00,0.09842938671655528,0.5090565877781544,15.688296048033829,15.531157033547423,1.4923747614760575e-99
2026-08-20 20:00:00-05:00,0.08071209710757532,0.11549581732788822,14.592992094789444,15.523628358437012,1.3859842457113682e-100
2026-08-20 20:15:00-05:00,0.06618391962821175,0.057868623284129936,12.892451027765459,12.873279720834615,1.2713848482537979e-101
2026-08-20 20:30:00-05:00,0.05427081409513364,0.0,13.1622564952645,12.984496472727896,1.151951272463575e-102
2026-08-20 20:45:00-05:00,0.04450206755800958,0.0,13.471279855682502,12.837240617211272,1.0309308265674039e-103
2026-08-20 21:00:00-05:00,0.03649169539756786,0.0,11.66957487493509,11.7022059834315,9.113040131909181e-105
2026-08-20 21:15:00-05:00,0.029923190226005644,0.0,12.446545711898521,11.715055684427869,7.9567438919514e-106
2026-08-20 21:30:00-05:00,0.6357680455505188,1.1932463344260373,12.152952564781268,12.509644824018627,6.861922610635875e-107
2026-08-20 21:45:00-05:00,0.5213297973514254,0.2228465969499538,12.106093214921684,11.21337760549518,5.845135614453731e-108
2026-08-20 22:00:00-05:00,0.42749043382816876,0.5157996690479618,11.923084270200745,10.683425027948743,4.917922806045654e-109
2026-08-20 22:15:00-05:00,0.35054215573909836,0.0,11.446146951275846,9.403766382885646,4.0870237655097446e-110
2026-08-20 22:30:00-05:00,0.28744456770606064,0.03699753204711542,10.972877630851329,10.522863817580623,3.3548334016768045e-111
2026-08-20 22:45:00-05:00,0.23570454551896972,0.0,11.373151262915647,10.851664862898598,2.720026237617272e-112
2026-08-20 23:00:00-05:00,0.19327772732555515,1.4324676205972358,10.795833246876455,11.232135215921355,2.1782793178832768e-113
2026-08-20 23:15:00-05:00,0.1584877364069552,0.13034507210287827,9.25509169147926,10.149957222372667,1.7230281882086733e-114
2026-08-20 23:30:00-05:00,0.12995994385370327,0.0,9.636649774355249,8.235413543886018,1.3461998461573202e-115
2026-08-20 23:45:00-05:00,0.10656715396003667,0.5435304483779101,10.860493385805677,10.979544136247595,1.038879150684302e-116
2026-08-21 00:00:00-05:00,0.08738506624723007,0.0,10.817053102851393,9.337394643096578,7.918790695149036e-118
2026-08-21 00:15:00-05:00,0.07165575432272865,0.0,9.753778779631856,9.76957205043224,5.961987174639196e-119
2026-08-21 00:30:00-05:00,0.05875771854463749,0.0,8.844097988136985,7.77501324356783,4.433651473676319e-120
2026-08-21 00:45:00-05:00,0.04818132920660274,0.7416889788003603,10.205992902434396,11.630007845147121,3.256644877883521e-121
2026-08-21 01:00:00-05:00,0.03950868994941424,0.2612043768461817,9.583473026920617,8.898647549025396,2.3627490426728334e-122
2026-08-21 01:15:00-05:00,0.032397125758519676,0.03017653224231601,8.555420790200245,8.629455611431846,1.6931799931173075e-123
2026-08-21 01:30:00-05:00,0.026565643121986133,0.11717985593631615,8.553933782241478,8.552259231805184,1.1984695387476604e-124
2026-08-21 01:45:00-05:00,0.021783827360028627,0.020831977105629552,8.078302029489404,8.21016400729914,8.378942533819369e-126
2026-08-21 02:00:00-05:00,0.017862738435223475,0.0,9.047135628042664,9.444366481231771,5.786151002204046e-127
2026-08-21 02:15:00-05:00,0.014647445516883248,0.40200817246987514,8.544513540190072,8.983131163257255,3.9466503712770197e-128
2026-08-21 02:30:00-05:00,0.012010905323844263,0.07225103178435646,8.860500344055236,8.010298077110242,2.6589237633496464e-129
2026-08-21 02:45:00-05:00,0.009848942365552294,0.13954895701914963,8.69969736400472,7.768355422474762,1.7693813937834647e-130
2026-08-21 03:00:00-05:00,0.00807613273975288,0.19186190421402907,9.61896741163048,10.25941611460787,1.1629883557484572e-131
2026-08-21 03:15:00-05:00,0.006622428846597361,0.0,9.156694144410524,8.746841135632014,7.550359258120274e-133
2026-08-21 03:30:00-05:00,0.005430391654209836,0.0,9.62289355818852,10.25185014771005,4.841703679718595e-134
2026-08-21 03:45:00-05:00,0.004452921156452065,0.03365059115021045,9.819621722510451,11.082280487808081,3.066670644383933e-135
2026-08-21 04:00:00-05:00,0.003651395348290693,0.0,9.597328075199709,10.774596658790964,1.918555668934785e-136
2026-08-21 04:15:00-05:00,0.002994144185598368,0.0,9.321298053377667,8.610684663328675,1.1855503805254048e-137
2026-08-21 04:30:00-05:00,0.0024551982321906617,0.239118492997396,10.208524711155397,9.372632945489746,7.236090053007623e-139
2026-08-21 04:45:00-05:00,0.0020132625503963423,0.39347459095102166,10.599669152006676,9.548356634711196,4.362407702468866e-140
2026-08-21 05:00:00-05:00,1.076424152028561,0.327117541036549,10.464613253270473,10.671456207106878,2.5976873513382617e-141
2026-08-21 05:15:00-05:00,0.8826678046634199,0.2507628252009556,11.704876084584072,11.565840667862814,1.5278680443587121e-142
2026-08-21 05:30:00-05:00,0.7237875998240042,0.5406207372898789,11.98243278525808,10.814755235589582,8.876119801807612e-144
2026-08-21 05:45:00-05:00,0.5935058318556834,1.1369291461928204,9.827419661555444,8.221682212067204,5.0932946690669994e-145
2026-08-21 06:00:00-05:00,0.4866747821216604,0.0,10.886128297378121,10.766702096616878,2.886774031322446e-146
2026-08-21 06:15:00-05:00,0.3990733213397615,0.8692578826321775,12.487526628222588,11.82905374478121,1.616088413820251e-147
2026-08-21 06:30:00-05:00,0.3272401234986044,0.38021619657021605,12.56428705329526,12.531854600939475,8.936259737111729e-149
2026-08-21 06:45:00-05:00,0.26833690126885557,0.14723148027971528,14.253135468222942,14.250267996627343,4.880730070589655e-150
2026-08-21 07:00:00-05:00,0.22003625904046156,0.0,13.101995312402437,11.94289143819888,2.6330077393582456e-151
2026-08-21 07:15:00-05:00,0.18042973241317847,0.0,12.617185528255643,11.008806687861748,1.4030004858875308e-152
2026-08-21 07:30:00-05:00,0.14795238057880633,0.5148288682579125,12.93798110183386,13.691031893354175,7.384172726951007e-154
2026-08-21 07:45:00-05:00,0.12132095207462118,0.3580371666258576,15.498379045681649,16.679301296649566,3.838700348963485e-155
2026-08-21 08:00:00-05:00,0.09948318070118936,0.20877766061824937,15.199412068547405,15.623480797016741,1.9710830219947334e-156
2026-08-21 08:15:00-05:00,0.08157620817497527,0.17784368953517696,13.775199903208673,14.658210317969946,9.996868096133463e-158
2026-08-21 08:30:00-05:00,0.06689249070347972,0.0,16.26739793731841,18.739216083303525,5.007965706612792e-159
2026-08-21 08:45:00-05:00,0.054851842376853366,0.7121084305199629,16.135478255117317,15.48117818372254,2.4779758553137294e-160
2026-08-21 09:00:00-05:00,0.044978510749019755,0.8003326230214769,15.763048524091671,15.710992780534818,1.2110752653176228e-161
2026-08-21 09:15:00-05:00,0.0368823788141962,0.181197889002003,17.290280801073624,15.689617028958972,5.84633285607385e-163
2026-08-21 09:30:00-05:00,0.03024355062764088,0.0,16.19498196184055,15.687579503962256,2.7876245542437918e-164
2026-08-21 09:45:00-05:00,0.02479971151466552,0.6418232641796698,17.218815196140092,17.34178894139035,1.312874957203359e-165
2026-08-21 10:00:00-05:00,0.020335763442025725,0.20405903257465702,17.56128152887225,18.218799650730997,6.1073215636491134e-167
2026-08-21 10:15:00-05:00,0.016675326022461093,0.0,17.957827345542466,18.073174867993373,2.8061866206860704e-168
2026-08-21 10:30:00-05:00,0.013673767338418095,0.24520183167574902,17.739673127120476,17.972394148056377,1.2735636411374863e-169
2026-08-21 10:45:00-05:00,0.011212489217502838,0.4829347184034578,19.453717164679162,19.58635389864641,5.709040105864101e-171
2026-08-21 11:00:00-05:00,0.009194241158352327,0.0,17.95334472271121,16.954773703152096,2.527806787474926e-172
2026-08-21 11:15:00-05:00,0.007539277749848907,0.0,18.76641416828185,18.469833937271275,1.1055108189266035e-173
2026-08-21 11:30:00-05:00,0.006182207754876104,0.3188397858773665,19.860058834132364,19.67916293515328,4.77551769123776e-175
2026-08-21 11:45:00-05:00,0.005069410358998405,0.0,18.48937672796908,17.387241445816706,2.0375874600893606e-176
2026-08-21 12:00:00-05:00,0.004156916494378692,0.5247519450447197,20.704005695281488,20.411939761558216,8.587176705446347e-178
2026-08-21 12:15:00-05:00,0.003408671525390527,0.14251474204023626,18.726853549527835,17.794111421213973,3.5745623785021315e-179
2026-08-21 12:30:00-05:00,0.002795110650820232,0.22473546038292866,19.225832809349967,19.2532462839347,1.4697169413552134e-180
2026-08-21 12:45:00-05:00,0.00229199073367259,0.20631877681629696,20.527083439501393,19.513754312186816,5.9687427323676504e-182
2026-08-21 13:00:00-05:00,0.0018794324016115237,0.0,20.645082636396026,19.662806554102833,2.394254760948756e-183
2026-08-21 13:15:00-05:00,0.0015411345693214494,0.1275347295116275,21.41540336303136,21.65671206953918,9.486285672484671e-185
2026-08-21 13:30:00-05:00,0.0012637303468435884,0.0,21.322792033418892,22.758426053929117,3.7124479893329115e-186
2026-08-21 13:45:00-05:00,0.0010362588844117424,0.0,20.95603986949009,20.12461795268807,1.4350363324396876e-187
2026-08-21 14:00:00-05:00,0.0008497322852176287,0.21546240712680628,20.06817651893184,19.693841887179616,5.479030969207802e-189
2026-08-21 14:15:00-05:00,0.0006967804738784555,0.0,20.989615249194706,21.37825916059973,2.0662504131469566e-190
2026-08-21 14:30:00-05:00,0.0005713599885803335,0.0,19.740251141344523,19.28130807505053,7.696627910991054e-192
2026-08-21 14:45:00-05:00,0.00046851519063587343,0.3674378834255903,20.238426181971157,20.853523576558317,2.831759518643757e-193
2026-08-21 15:00:00-05:00,0.0003841824563214162,0.0,21.139750040043126,21.04792184635078,1.0290834324590846e-194
2026-08-21 15:15:00-05:00,0.00031502961418356125,0.5310503159230927,20.22026772747334,20.01016115589117,3.693883068487256e-196
2026-08-21 15:30:00-05:00,0.0002583242836305202,0.08137379755997255,20.0055906678871,19.069528943874708,1.3096463605462723e-197
2026-08-21 15:45:00-05:00,0.00021182591257702655,0.02355895650554185,19.796304059235105,20.414977179069634,4.586308632996218e-199
2026-08-21 16:00:00-05:00,0.00017369724831316175,0.2342572564293081,20.81072704258449,21.88491514748897,1.5863932499301823e-200
2026-08-21 16:15:00-05:00,0.00014243174361679262,0.0,19.34835375989001,18.24480027981544,5.419968585302908e-202
2026-08-21 16:30:00-05:00,0.00011679402976576993,0.9585006059955853,18.08019455392444,18.46957880456351,1.8290308263383113e-203
2026-08-21 16:45:00-05:00,9.577110440793134e-05,0.18783511526971106,19.73329738971997,20.740822701892853,6.09654270941749e-205
2026-08-21 17:00:00-05:00,0.08650791224807501,0.0,18.608264111085962,18.391171606083322,2.007171842327754e-206
2026-08-21 17:15:00-05:00,0.07093648804342151,0.8299415329564088,17.33141293922264,16.720559992266022,6.527153569367405e-208
2026-08-21 17:30:00-05:00,0.49387828206449513,0.0,18.158643845589268,18.233634947410184,2.0965317582885168e-209
2026-08-21 17:45:00-05:00,0.404980191292886,0.0,17.0094263811256,16.890959062557606,6.651466374432704e-211
2026-08-21 18:00:00-05:00,0.3320837568601665,0.6548347972843702,17.243107675183797,16.555708097365027,2.0843550269938528e-212
2026-08-21 18:15:00-05:00,0.27230868062533653,0.45090707524513796,17.783047953089557,17.27149385551391,6.451553869779947e-214
2026-08-21 18:30:00-05:00,0.22329311811277594,0.14655165650777358,17.62556840635069,17.902372599230684,1.972401397397544e-215
2026-08-21 18:45:00-05:00,0.18310035685247625,0.5102377262220249,17.233122403839804,18.02916051337515,5.956136125992367e-217
2026-08-21 19:00:00-05:00,0.1501422926190305,0.15204602233396042,14.309066071276492,14.863342986193816,1.776528863623507e-218
2026-08-21 19:15:00-05:00,0.123116679947605,0.0,14.861956901697715,15.805740701043959,5.233813713051992e-220
2026-08-21 19:30:00-05:00,0.10095567755703609,0.0,15.790806547192759,16.514285371437797,1.5230094332177388e-221
2026-08-21 19:45:00-05:00,0.08278365559676959,0.40928021126685604,14.67632757381265,15.393251466390696,4.377491037053051e-223
2026-08-21 20:00:00-05:00,0.06788259758935106,0.0,13.945850506213217,12.920404112166155,1.2427571702057626e-224
2026-08-21 20:15:00-05:00,0.05566373002326786,0.0,13.981104828684849,14.006585696733534,3.484862356739796e-226
2026-08-21 20:30:00-05:00,0.04564425861907964,0.0,14.854757559083284,16.46257863581084,9.652133513732119e-228
2026-08-21 20:45:00-05:00,0.0374282920676453,0.1630251480990694,14.143089545239384,14.110707938976319,2.640580135507923e-229
2026-08-21 21:00:00-05:00,0.030691199495469144,0.6673830772025269,12.208616316541336,12.3932727639015,7.135324402030611e-231
2026-08-21 21:15:00-05:00,0.025166783586284696,0.5450718565235262,12.007460447208667,11.485849554134315,1.904436223413078e-232
2026-08-21 21:30:00-05:00,0.02063676254075345,0.0,11.767261898911523,11.425398133578117,5.0206215255751233e-234
2026-08-21 21:45:00-05:00,0.016922145283417827,0.6668460728223365,12.390090478778264,13.392032663903132,1.3073349565917195e-235
2026-08-21 22:00:00-05:00,0.013876159132402617,0.1377124192440625,11.944270388637808,11.914755952922079,3.3624404663242076e-237
2026-08-21 22:15:00-05:00,0.011378450488570146,0.0,11.244229030611939,11.390069310903053,8.54202175637073e-239
2026-08-21 22:30:00-05:00,1.324629992002224,0.8632826751305718,10.911691445547135,10.708453962776034,2.1434091607316363e-240
2026-08-21 22:45:00-05:00,1.0861965934418236,0.3782958167240361,10.01461674453362,10.670561011714149,5.312364080113368e-242
2026-08-21 23:00:00-05:00,0.8906812066222953,0.7584543682393095,10.398720949932992,9.505990199626233,1.300495699099077e-243
2026-08-21 23:15:00-05:00,0.7303585894302821,1.2210736952402859,10.311056621311678,10.235802006863123,3.144621278005989e-245
2026-08-21 23:30:00-05:00,0.5988940433328312,0.5931836345202428,11.872241030907782,11.71023856837817,7.510452727943757e-247
2026-08-21 23:45:00-05:00,0.4910931155329216,0.2232351491256368,10.34601583300893,9.198904397873989,1.7717491165098775e-248
2026-08-22 00:00:00-05:00,0.4026963547369957,0.05657022409782991,7.914295787874321,8.105698076500502,4.12835154968529e-250
2026-08-22 00:15:00-05:00,0.33021101088433646,0.0,8.82615733491523,8.802948969390739,9.501440650208043e-252
2026-08-22 00:30:00-05:00,0.27077302892515587,0.3151067864523348,8.914277159609385,9.055157160928447,2.1599345281812695e-253
2026-08-22 00:45:00-05:00,0.2220338837186278,0.0,9.788512557300246,9.883936842493306,4.849869512272615e-255
2026-08-22 01:00:00-05:00,0.18206778464927478,0.0,7.647555225547695,7.574565137245611,1.07561750249298e-256
2026-08-22 01:15:00-05:00,0.1492955834124053,0.0,9.14889761452422,9.455213529075637,2.3562643190685055e-258
2026-08-22 01:30:00-05:00,0.12242237839817235,0.35325820521188817,9.491348870189622,10.063243793772234,5.098336458479148e-260
2026-08-22 01:45:00-05:00,0.10038635028650132,1.0591197504520293,9.724923492469566,8.200710968345161,1.0896105976580528e-261
2026-08-22 02:00:00-05:00,0.08231680723493108,0.0,8.687504815709682,9.143382732232112,2.3001305384836754e-263
2026-08-22 02:15:00-05:00,0.06749978193264349,0.0,8.427453147375944,9.762753259369052,4.7959206539040405e-265
2026-08-22 02:30:00-05:00,0.05534982118476765,0.0,8.835030217141405,10.766412960818023,9.87710872151989e-267
2026-08-22 02:45:00-05:00,0.045386853371509474,0.9385287853013901,9.805742607258491,9.698732173062215,2.0092131826361915e-268
2026-08-22 03:00:00-05:00,0.037217219764637766,0.39675593788401725,8.009723859693914,8.93560273477478,4.037016675747469e-270
2026-08-22 03:15:00-05:00,0.030518120207002966,0.0,8.220888888083367,8.317345241155095,8.01186102789409e-272
2026-08-22 03:30:00-05:00,0.02502485856974243,0.0,7.9980557498573495,8.31169451538884,1.5705241226312257e-273
2026-08-22 03:45:00-05:00,0.0783845365533592,0.0,10.106832218971837,11.302816262313058,3.04084409973712e-275
2026-08-22 04:00:00-05:00,0.06427531997375453,0.0,10.449544336315878,10.459044892835246,5.815432755752205e-277
2026-08-22 04:15:00-05:00,0.05270576237847872,0.0,9.74467543463139,8.586144292537861,1.0985207414988057e-278
2026-08-22 04:30:00-05:00,0.04321872515035254,0.0,9.364027109011612,7.701834646745241,2.0496175173224162e-280
2026-08-22 04:45:00-05:00,0.03543935462328908,0.0,9.616013157996784,9.357547566971414,3.7772499723621244e-282
2026-08-22 05:00:00-05:00,0.029060270791097045,0.09386312854305101,10.985735680162929,10.608203575707382,6.875700785558436e-284
2026-08-22 05:15:00-05:00,0.023829422048699575,0.0,11.586515242813743,10.38400465187767,1.2362222357729817e-285
2026-08-22 05:30:00-05:00,0.01954012607993365,0.0,10.775609318063742,10.965418027659265,2.1954041086167348e-287
2026-08-22 05:45:00-05:00,0.016022903385545594,0.28872450905748787,10.095786576920784,10.461407379573224,3.8509753088061505e-289
2026-08-22 06:00:00-05:00,0.013138780776147385,0.3722933371190699,11.764992832821356,12.096726440561202,6.672142839417698e-291
2026-08-22 06:15:00-05:00,0.010773800236440855,0.0,11.630917853794898,11.79774574085976,1.1418216572867824e-292
2026-08-22 06:30:00-05:00,0.07776316320500927,0.14822852970894887,11.638263841485864,13.712084575757359,1.9300544297205855e-294
2026-08-22 06:45:00-05:00,0.0637657938281076,0.0,11.62829504567706,12.112771600845504,3.222397983746546e-296
2026-08-22 07:00:00-05:00,0.05228795093904823,0.04327220867130876,13.282642167432206,13.392918500513344,5.314068364454539e-298
2026-08-22 07:15:00-05:00,0.042876119770019545,0.0,14.110498188845668,14.043952341202182,8.65592404819323e-300
2026-08-22 07:30:00-05:00,0.03515841821141603,0.0,13.839075498033916,14.165109609270603,1.3926374717974994e-301
2026-08-22 07:45:00-05:00,0.02882990293336114,0.0,13.935795506424398,13.536941449134993,2.21310009014086e-303
2026-08-22 08:00:00-05:00,0.023640520405356132,0.5384407464599821,14.933244336318165,15.295769484604625,3.473780515520765e-305
2026-08-22 08:15:00-05:00,0.019385226732392027,0.22602160967192436,15.79353973251176,15.339069197703274,5.3856984547720974e-307
2026-08-22 08:30:00-05:00,0.3580501106425886,1.0542478809411522,15.386386234263547,14.487052893561437,8.247456471052904e-309
2026-08-22 08:45:00-05:00,0.29360109072692264,1.1375522484078757,15.515003787349574,15.46984328440999,1.24748798155603e-310
2026-08-22 09:00:00-05:00,0.24075289439607656,0.0,15.912383270157516,15.959025518107744,1.863764555502e-312
2026-08-22 09:15:00-05:00,0.19741737340478277,0.40815853216298614,16.86521897401101,16.264350799116684,2.7503253126e-314
2026-08-22 09:30:00-05:00,0.16188224619192187,0.35407314883493257,17.031539474810803,17.445025882849066,4.0088095e-316
2026-08-22 09:45:00-05:00,0.13274344187737594,0.0,16.121245115199383,16.661618422120295,5.771453e-318
2026-08-22 10:00:00-05:00,0.10884962233944827,0.0,17.567990711504947,16.550722933329137,8.207e-320
2026-08-22 10:15:00-05:00,0.08925669031834757,0.0,19.011794441918,18.860113883726292,1.15e-321
2026-08-22 10:30:00-05:00,0.073190486061045,0.0,16.592993520543256,16.731145906219375,1.5e-323
2026-08-22 10:45:00-05:00,0.0600161985700569,0.0,17.77979870575301,19.354706546547863,0.0
2026-08-22 11:00:00-05:00,0.04921328282744665,0.0,17.956195501223128,18.761054279474976,0.0
2026-08-22 11:15:00-05:00,0.04035489191850625,0.15717042115820748,19.313346061630764,18.887688043147637,0.0
2026-08-22 11:30:00-05:00,0.03309101137317512,0.0,19.986944481867706,20.32406135901961,0.0
2026-08-22 11:45:00-05:00,0.027134629326003596,0.006711492665614285,19.781799128439747,19.193260102785235,0.0
2026-08-22 12:00:00-05:00,0.022250396047322946,0.8681263711514504,19.43722490235004,18.225295167499922,0.0
2026-08-22 12:15:00-05:00,0.018245324758804814,0.0,20.93944624843911,20.89186569883698,0.0
2026-08-22 12:30:00-05:00,0.014961166302219947,0.0,20.467517663736633,21.21737781318231,0.0
2026-08-22 12:45:00-05:00,0.012268156367820356,0.0,20.721587050602988,20.927728146182616,0.0
2026-08-22 13:00:00-05:00,0.010059888221612691,0.08442209577655012,19.340666347585834,19.35694016166603,0.0
2026-08-22 13:15:00-05:00,0.07276990914924705,0.0,20.94515761416418,21.45386433348582,0.0
2026-08-22 13:30:00-05:00,0.05967132550238258,0.29148427368662155,21.756079725483488,21.86077177333915,0.0
2026-08-22 13:45:00-05:00,0.04893048691195371,0.0,19.211532747882668,18.9133766244247,0.0
2026-08-22 14:00:00-05:00,0.04012299926780204,0.9563553919208542,21.733611563017863,21.49651436405549,0.0
2026-08-22 14:15:00-05:00,0.032900859399597665,0.0,20.548413468567947,20.35051994021648,0.0
2026-08-22 14:30:00-05:00,0.026978704707670085,0.5602702629511312,20.714225694873633,20.759083027739464,0.0
2026-08-22 14:45:00-05:00,0.22682998877617724,1.1505945623396794,20.733124607220326,23.19550052093985,0.0
2026-08-22 15:00:00-05:00,0.18600059079646533,0.23326902982556072,21.131979544835268,21.598343192722915,0.0
2026-08-22 15:15:00-05:00,0.15252048445310157,0.0,19.937116861098815,19.651487003162533,0.0
2026-08-22 15:30:00-05:00,0.12506679725154327,0.5677224978540405,19.782498198434656,19.275728969446014,0.0
2026-08-22 15:45:00-05:00,0.10255477374626547,0.0,20.083139780905356,18.74781443005585,0.0
2026-08-22 16:00:00-05:00,0.08409491447193768,0.28452303085734465,20.42449425074973,20.543685085413006,0.0
2026-08-22 16:15:00-05:00,0.0689578298669889,0.0,19.64632459463966,18.720951141309122,0.0
2026-08-22 16:30:00-05:00,0.05654542049093089,0.7560654446997888,18.312715714195118,18.705268673104406,0.0
2026-08-22 16:45:00-05:00,0.04636724480256333,0.0,17.89174089858626,17.824703245584107,0.0
2026-08-22 17:00:00-05:00,0.03802114073810193,0.11412150061460791,19.42700228736871,20.33690416483963,0.0
2026-08-22 17:15:00-05:00,0.03117733540524358,0.16987820118689942,18.5109496896284,19.16940565418419,0.0
2026-08-22 17:30:00-05:00,0.2365543873941002,0.44203635238684397,17.209623423826557,16.835701535367985,0.0
2026-08-22 17:45:00-05:00,0.19397459766316216,0.9668674208484558,17.9784418830969,18.304889866031726,0.0
2026-08-22 18:00:00-05:00,0.15905917008379297,0.1674336207330608,16.37415656448178,16.729179954453805,0.0
2026-08-22 18:15:00-05:00,0.13042851946871023,0.0,16.883619160229745,16.48919649122367,0.0
2026-08-22 18:30:00-05:00,0.10695138596434238,0.583092542402469,15.601826966797724,15.367787588350135,0.0
2026-08-22 18:45:00-05:00,0.08770013649076075,0.5550140013108564,15.699154738092144,17.03236601386639,0.0
2026-08-22 19:00:00-05:00,1.8754015244244504,2.3035299311149497,16.175410361682413,16.002845859619946,0.0
2026-08-22 19:15:00-05:00,1.5378292500280493,1.331500436194129,16.987551410495122,16.528177057182475,0.0
2026-08-22 19:30:00-05:00,1.2610199850230004,1.8314606861880365,15.347179441240156,16.627019747199647,0.0
2026-08-22 19:45:00-05:00,1.0340363877188603,0.8469814485055331,15.085734550627164,15.333976812812317,0.0
2026-08-22 20:00:00-05:00,0.8479098379294654,1.2422935345546933,15.16796851890273,15.065936214808671,0.0
2026-08-22 20:15:00-05:00,0.6952860671021616,0.47731278833049395,14.804004972219234,15.354315717556448,0.0
2026-08-22 20:30:00-05:00,0.5701345750237724,1.0214630824538133,13.74248868604306,14.985657929954364,0.0
2026-08-22 20:45:00-05:00,0.46751035151949333,0.0,13.460013897320373,12.049228887031752,0.0
2026-08-22 21:00:00-05:00,0.3833584882459845,0.0,12.827346896536683,12.653204799706815,0.0
2026-08-22 21:15:00-05:00,0.31435396036170726,0.012343351034031946,12.706492959268168,11.918443667015495,0.0
2026-08-22 21:30:00-05:00,0.25777024749659994,0.23139693124505487,12.46702634150326,11.281461858111461,0.0
2026-08-22 21:45:00-05:00,0.21137160294721194,0.029285559203403005,12.471330842757938,12.35559034719915,0.0
2026-08-22 22:00:00-05:00,0.1733247144167138,0.17272917736453455,11.542530768934963,12.631056006295939,0.0
2026-08-22 22:15:00-05:00,0.1421262658217053,0.6374985498895356,10.99817615287894,9.855004614164212,0.0
2026-08-22 22:30:00-05:00,0.11654353797379834,0.5362833813498713,10.312772676604759,9.44953388786904,0.0
2026-08-22 22:45:00-05:00,0.09556570113851463,0.0,10.06022553701792,9.274899762920093,0.0
2026-08-22 23:00:00-05:00,0.07836387493358199,0.0,9.640267605143277,9.581523559429858,0.0
2026-08-22 23:15:00-05:00,0.06425837744553722,0.1328864386926609,9.264083933029475,8.969498995142178,0.0
2026-08-22 23:30:00-05:00,0.05269186950534052,0.45878583187404287,9.564268369564138,9.049026811516232,0.0
2026-08-22 23:45:00-05:00,0.6212187896137239,0.3532731200732801,9.822507160501152,9.526379369346857,0.0
2026-08-23 00:00:00-05:00,0.5093994074832535,0.7606259377020302,8.93895489227081,8.638777768920667,0.0
2026-08-23 00:15:00-05:00,0.4177075141362679,0.735373730907138,8.1224335080072,8.168394487266003,0.0
2026-08-23 00:30:00-05:00,0.34252016159173965,0.0,9.090733959363494,9.150136490298344,0.0
2026-08-23 00:45:00-05:00,0.2808665325052265,0.6178517941987056,8.217078323707828,7.231201223121442,0.0
2026-08-23 01:00:00-05:00,0.2303105566542857,0.19400891254917355,9.321763672019728,10.676184124708287,0.0
2026-08-23 01:15:00-05:00,0.21424227805722929,0.6716507607895751,8.341605630229415,8.364308897115352,0.0
2026-08-23 01:30:00-05:00,0.175678668006928,0.0,8.364669129874006,7.919515060481462,0.0
2026-08-23 01:45:00-05:00,0.14405650776568094,0.3460866411951479,9.20374135176466,9.598385529995088,0.0
2026-08-23 02:00:00-05:00,0.11812633636785835,0.0,9.303685901237696,9.055755438670383,0.0
2026-08-23 02:15:00-05:00,0.09686359582164385,0.28529360393242775,8.261993716070585,9.957189534377758,0.0
2026-08-23 02:30:00-05:00,0.07942814857374796,0.0,8.491172825963591,7.9687307222219825,0.0
2026-08-23 02:45:00-05:00,0.06513108183047332,0.0,8.120046178198931,9.48343512331074,0.0
2026-08-23 03:00:00-05:00,0.053407487100988124,0.0,9.13422844624506,9.280438219328953,0.0
2026-08-23 03:15:00-05:00,0.04379413942281026,0.4070813814883554,8.678329471480176,8.134930915250921,0.0
2026-08-23 03:30:00-05:00,0.035911194326704414,0.5553419746536956,9.020170605824388,9.758494274168015,0.0
2026-08-23 03:45:00-05:00,0.029447179347897617,0.38617179368149834,9.007298694231444,8.554153860180897,0.0
2026-08-23 04:00:00-05:00,0.024146687065276045,0.0,8.534845943615652,8.95815380182048,0.0
2026-08-23 04:15:00-05:00,0.019800283393526356,0.08192923792513393,9.818733543019176,9.422082042885933,0.0
2026-08-23 04:30:00-05:00,0.01623623238269161,0.0,11.173439866700871,11.042149177730208,0.0
2026-08-23 04:45:00-05:00,0.01331371055380712,0.5522984661066692,11.14091511489459,10.959749569137657,0.0
2026-08-23 05:00:00-05:00,0.010917242654121837,0.14020324263776884,9.771285850775119,10.495602426203753,1.5e-323
2026-08-23 05:15:00-05:00,0.008952138976379906,0.46443055738745903,11.214691869399985,10.545997847747747,1.15e-321
2026-08-23 05:30:00-05:00,0.0073407539606315225,0.36917736180178606,10.69783865814864,11.946704427333568,8.207e-320
2026-08-23 05:45:00-05:00,0.006019418247717848,0.030334598328984913,10.047788607752711,9.13888704908815,5.771453e-318
2026-08-23 06:00:00-05:00,0.004935922963128636,0.0,10.65733801383518,11.314258310624096,4.0088095e-316
2026-08-23 06:15:00-05:00,0.004047456829765481,0.0,12.050598374028967,12.163144743545521,2.7503253126e-314
2026-08-23 06:30:00-05:00,0.003318914600407694,0.15882004987298423,11.43352757740921,11.488086283164709,1.863764555502e-312
2026-08-23 06:45:00-05:00,0.002721509972334309,0.0,13.414931148792572,13.75065512789838,1.24748798155603e-310
2026-08-23 07:00:00-05:00,0.002231638177314133,0.7232667112500909,12.373960457448456,10.859540143481793,8.247456471052904e-309
2026-08-23 07:15:00-05:00,0.001829943305397589,0.3787278192903794,13.812201651689191,14.298613250142957,5.3856984547720974e-307
2026-08-23 07:30:00-05:00,0.001500553510426023,0.0,13.650349179423307,13.731551901963446,3.473780515520765e-305
2026-08-23 07:45:00-05:00,0.0012304538785493388,0.0,14.522983759522077,15.477189931485073,2.21310009014086e-303
2026-08-23 08:00:00-05:00,0.0010089721804104577,0.2856346922314553,14.261809445928177,13.80553604599995,1.3926374717974994e-301
2026-08-23 08:15:00-05:00,0.0008273571879365753,0.0,14.384749259476433,13.89430596264415,8.65592404819323e-300
2026-08-23 08:30:00-05:00,0.0006784328941079917,0.0,15.88945868465001,15.586288787867673,5.314068364454539e-298
2026-08-23 08:45:00-05:00,0.0005563149731685531,0.1465992896261334,15.246257937077855,14.442095559244136,3.222397983746546e-296
2026-08-23 09:00:00-05:00,0.00045617827799821354,0.6964484700245517,15.753557552717908,16.335873019396256,1.9300544297205855e-294
2026-08-23 09:15:00-05:00,0.00037406618795853507,0.375939895939133,16.658775380301574,16.262200112254753,1.1418216572867824e-292
2026-08-23 09:30:00-05:00,0.0003067342741259987,0.0,16.468116423866995,16.346488454846426,6.672142839417698e-291
2026-08-23 09:45:00-05:00,0.0002515221047833189,0.02864260065470984,16.968791940018935,16.94373224562827,3.8509753088061505e-289
2026-08-23 10:00:00-05:00,0.0002062481259223215,0.0,17.78472091350704,18.359945286559583,2.1954041086167348e-287
2026-08-23 10:15:00-05:00,0.00016912346325630362,0.0,16.872951648736407,16.6102544096011,1.2362222357729817e-285
2026-08-23 10:30:00-05:00,0.00013868123987016896,0.19140891120254777,18.23864004105037,18.63182726271485,6.875700785558436e-284
2026-08-23 10:45:00-05:00,0.00011371861669353853,0.0,17.94773027397894,18.42592664813029,3.7772499723621244e-282
2026-08-23 11:00:00-05:00,9.324926568870159e-05,0.0,18.722552222992594,19.291706429051118,2.0496175173224162e-280
2026-08-23 11:15:00-05:00,7.64643978647353e-05,0.0,18.329206529716267,19.59910643553746,1.0985207414988057e-278
2026-08-23 11:30:00-05:00,6.270080624908295e-05,0.0004488779164821345,20.101183238304255,20.77099148656936,5.815432755752205e-277
2026-08-23 11:45:00-05:00,5.141466112424802e-05,0.25655321815717835,19.000222119458194,18.76921889655446,3.04084409973712e-275
2026-08-23 12:00:00-05:00,4.2160022121883375e-05,0.020381851123212898,19.26199979645045,18.50096710056864,1.5705241226312257e-273
2026-08-23 12:15:00-05:00,3.4571218139944366e-05,0.49088008951115547,20.642956312073306,21.58580985942493,8.01186102789409e-272
2026-08-23 12:30:00-05:00,2.834839887475438e-05,0.0,19.772204641957778,19.923008035762727,4.037016675747469e-270
2026-08-23 12:45:00-05:00,2.324568707729859e-05,0.6221595784365842,20.44457884084857,20.165057506325937,2.0092131826361915e-268
2026-08-23 13:00:00-05:00,1.9061463403384844e-05,0.0,19.97966853220534,21.24183201668021,9.87710872151989e-267
2026-08-23 13:15:00-05:00,1.5630399990775573e-05,0.0,20.620431184018884,20.43019671862267,4.7959206539040405e-265
2026-08-23 13:30:00-05:00,1.281692799243597e-05,0.0,20.206183875231687,20.314628020756324,2.3001305384836754e-263
2026-08-23 13:45:00-05:00,1.0509880953797494e-05,0.0,20.212950925535544,20.58667479159717,1.0896105976580528e-261
2026-08-23 14:00:00-05:00,8.618102382113944e-06,0.0,20.686549032827887,20.23959744555442,5.098336458479148e-260
2026-08-23 14:15:00-05:00,7.066843953333433e-06,0.21536011908291497,20.218353503518912,20.98703884917236,2.3562643190685055e-258
2026-08-23 14:30:00-05:00,5.794812041733415e-06,0.0,19.40597248385931,19.70971522242476,1.07561750249298e-256
2026-08-23 14:45:00-05:00,4.7517458742214e-06,0.0,20.11715449456147,19.144370855619535,4.849869512272615e-255
2026-08-23 15:00:00-05:00,3.896431616861548e-06,0.21930280533390095,20.262872827493858,21.137480718787117,2.1599345281812695e-253
2026-08-23 15:15:00-05:00,3.195073925826469e-06,0.09531817313594079,19.478688783609805,18.4436501141048,9.501440650208043e-252
2026-08-23 15:30:00-05:00,2.6199606191777044e-06,0.09277574206927648,21.216341208155743,21.74709996247659,4.12835154968529e-250
2026-08-23 15:45:00-05:00,2.1483677077257174e-06,0.397495747516991,19.340583747777046,19.379420513119005,1.7717491165098775e-248
2026-08-23 16:00:00-05:00,1.7616615203350881e-06,0.0,19.071535381263637,18.491229586709604,7.510452727943757e-247
2026-08-23 16:15:00-05:00,0.40153747255060734,0.7744427292731499,19.30629828470785,19.01125844891095,3.144621278005989e-245
2026-08-23 16:30:00-05:00,0.329260727491498,0.12279019429006435,19.513186653728408,19.729757517152496,1.300495699099077e-243
2026-08-23 16:45:00-05:00,0.26999379654302835,0.21427772217779786,18.94069100818126,18.015994283200342,5.312364080113368e-242
2026-08-23 17:00:00-05:00,0.22139491316528323,0.6908800817841636,18.745089304963418,19.58301770450916,2.1434091607316363e-240
2026-08-23 17:15:00-05:00,0.18154382879553224,0.6032816565487809,19.107404836981228,19.205427450004965,8.54202175637073e-239
2026-08-23 17:30:00-05:00,0.14886593961233643,0.0,18.648508615982575,19.270299938754736,3.3624404663242076e-237
2026-08-23 17:45:00-05:00,0.12207007048211586,1.0096916778605078,17.71962787870361,18.55653056567254,1.3073349565917195e-235
2026-08-23 18:00:00-05:00,0.10009745779533501,0.15253210064520953,18.342606721603662,17.90653430748539,5.0206215255751233e-234
2026-08-23 18:15:00-05:00,0.0820799153921747,0.34143718700407555,17.096542151727277,16.487942146460657,1.904436223413078e-232
2026-08-23 18:30:00-05:00,0.06730553062158325,0.0,17.196067085841282,17.7714737068806,7.135324402030611e-231
2026-08-23 18:45:00-05:00,0.055190535109698256,0.0,17.014334176356385,17.552007337197125,2.640580135507923e-229
2026-08-23 19:00:00-05:00,0.045256238789952566,0.0,16.525798170912097,16.859948746346916,9.652133513732119e-228
2026-08-23 19:15:00-05:00,0.0371101158077611,0.0,14.785377216031119,15.359747631663794,3.484862356739796e-226
2026-08-23 19:30:00-05:00,0.0304302949623641,0.42606525925970945,15.062928663446536,15.000319193229204,1.2427571702057626e-224
2026-08-23 19:45:00-05:00,0.024952841869138563,0.0,14.570108193617228,14.051961985433005,4.377491037053051e-223
2026-08-23 20:00:00-05:00,0.02046133033269362,0.9919602366055068,14.651614368143832,16.174964658668433,1.5230094332177388e-221
2026-08-23 20:15:00-05:00,0.016778290872808767,0.0,13.099201628886934,13.334191652408519,5.233813713051992e-220
2026-08-23 20:30:00-05:00,0.013758198515703188,0.0,12.99728783727279,12.575558872354462,1.776528863623507e-218
2026-08-23 20:45:00-05:00,0.011281722782876613,0.0,12.409998510115775,11.44957659530645,5.956136125992367e-217
2026-08-23 21:00:00-05:00,0.009251012681958822,0.05339228631817475,12.367684614855326,13.377493357080434,1.972401397397544e-215
2026-08-23 21:15:00-05:00,0.007585830399206234,0.2040562017596887,12.540929174305912,12.066636150686266,6.451553869779947e-214
2026-08-23 21:30:00-05:00,0.006220380927349112,0.0,11.980503581856237,10.649638642353157,2.0843550269938528e-212
2026-08-23 21:45:00-05:00,0.005100712360426272,0.5179557647715468,11.973860816748344,11.638570841750647,6.651466374432704e-211
2026-08-23 22:00:00-05:00,0.0041825841355495426,0.0,11.899342591216346,12.940650299030485,2.0965317582885168e-209
2026-08-23 22:15:00-05:00,1.2692287575931398,1.6440448678334258,10.59482874185552,10.978124835630185,6.527153569367405e-208
2026-08-23 22:30:00-05:00,1.0407675812263746,0.945537833877367,9.84144349561171,8.845283675646714,2.007171842327754e-206
2026-08-23 22:45:00-05:00,0.8534294166056271,0.09136924874706465,10.376107018627652,10.109263783097541,6.09654270941749e-205
2026-08-23 23:00:00-05:00,0.6998121216166142,1.4416499078478302,10.221682312433286,11.859039613209363,1.8290308263383113e-203
2026-08-23 23:15:00-05:00,0.5738459397256236,0.2702259084646672,9.576658462760316,9.936614573933145,5.419968585302908e-202
2026-08-23 23:30:00-05:00,0.4705536705750113,0.3752887638111675,11.172921957631882,11.191644205293265,1.5863932499301823e-200
2026-08-23 23:45:00-05:00,0.38585400987150925,0.39330474569550383,9.126856823607124,9.61922230003861,4.586308632996218e-199
2026-08-24 00:00:00-05:00,0.31640028809463755,0.3614125627198084,8.501418927528398,7.984639698876521,1.3096463605462723e-197
2026-08-24 00:15:00-05:00,0.5143000545029793,0.4183335454980797,10.160593340973751,11.580517493640638,3.693883068487256e-196
2026-08-24 00:30:00-05:00,0.421726044692443,0.4034962039117025,9.254284224255363,9.785124292473474,1.0290834324590846e-194
2026-08-24 00:45:00-05:00,0.3458153566478033,0.0,10.762161011959305,10.907112232306039,2.831759518643757e-193
2026-08-24 01:00:00-05:00,0.28356859245119864,0.0,9.360327279493818,8.491275686339169,7.696627910991054e-192
2026-08-24 01:15:00-05:00,0.23252624580998288,0.0,8.995205934024469,9.280306592341729,2.0662504131469566e-190
2026-08-24 01:30:00-05:00,0.19067152156418596,0.08499985505169472,8.771887370057478,7.2665030038364975,5.479030969207802e-189
2026-08-24 01:45:00-05:00,0.1563506476826325,0.16178634882453846,9.201908748065089,8.12963906728308,1.4350363324396876e-187
2026-08-24 02:00:00-05:00,0.12820753109975863,0.15234039619326553,8.003557177246382,8.376597832377708,3.7124479893329115e-186
2026-08-24 02:15:00-05:00,0.10513017550180208,0.04210684635655221,8.90278409058514,9.59483083022863,9.486285672484671e-185
2026-08-24 02:30:00-05:00,0.0862067439114777,0.0,8.174802440050385,8.41599329045042,2.394254760948756e-183
2026-08-24 02:45:00-05:00,0.07068953000741171,0.0,8.715369658870141,9.103741924872434,5.9687427323676504e-182
2026-08-24 03:00:00-05:00,0.0579654146060776,1.034138375732712,9.793435878978915,11.021478181119063,1.4697169413552134e-180
2026-08-24 03:15:00-05:00,0.047531639976983626,0.26753809579494764,7.476944791278141,7.679640260342504,3.5745623785021315e-179
2026-08-24 03:30:00-05:00,0.03897594478112657,0.4993117126441524,9.484786532020049,10.355396878355409,8.587176705446347e-178
2026-08-24 03:45:00-05:00,0.03196027472052379,0.0,9.099060583269154,9.0629091743933,2.0375874600893606e-176
2026-08-24 04:00:00-05:00,0.026207425270829508,0.0,10.418156833555322,9.73788298417605,4.77551769123776e-175
2026-08-24 04:15:00-05:00,0.021490088722080195,0.05964454244210185,10.636724283269366,10.35358113250812,1.1055108189266035e-173
2026-08-24 04:30:00-05:00,0.01762187275210576,0.0,11.428735790330844,12.320362236417097,2.527806787474926e-172
2026-08-24 04:45:00-05:00,0.014449935656726722,0.08790262874665485,10.577678408490746,10.860699522066334,5.709040105864101e-171
2026-08-24 05:00:00-05:00,0.011848947238515912,0.2219220654628124,9.205821147029637,8.765652846543695,1.2735636411374863e-169
2026-08-24 05:15:00-05:00,0.009716136735583048,0.551162067067415,12.281389758415209,12.107064358513687,2.8061866206860704e-168
2026-08-24 05:30:00-05:00,0.007967232123178099,0.5260820976502683,9.968281164400365,9.362422515023509,6.1073215636491134e-167
2026-08-24 05:45:00-05:00,0.006533130341006041,0.0,10.690333731448835,10.165449522718667,1.312874957203359e-165
2026-08-24 06:00:00-05:00,0.005357166879624954,0.0,10.616463129388235,11.448963620896203,2.7876245542437918e-164
2026-08-24 06:15:00-05:00,0.0043928768412924615,0.10635674408426207,11.516353760842051,11.612253495732402,5.84633285607385e-163
2026-08-24 06:30:00-05:00,0.003602159009859818,0.08233930485104586,11.689221379461822,10.869806885947435,1.2110752653176228e-161
2026-08-24 06:45:00-05:00,0.0029537703880850507,0.0,12.79642074511879,12.08031772922629,2.4779758553137294e-160
2026-08-24 07:00:00-05:00,1.6550234460840767,1.0481582958836801,12.849722420761152,13.603608379120988,5.007965706612792e-159
2026-08-24 07:15:00-05:00,1.3571192257889428,1.561475757278517,13.725981194391085,14.20687508885771,9.996868096133463e-158
2026-08-24 07:30:00-05:00,1.112837765146933,0.9122496324468343,12.624066473194459,11.708811810246567,1.9710830219947334e-156
2026-08-24 07:45:00-05:00,0.912526967420485,0.5176703957692241,15.390327299491993,16.313322762009616,3.838700348963485e-155
2026-08-24 08:00:00-05:00,0.7482721132847977,0.18381330262724882,14.67380036189558,13.28401614383399,7.384172726951007e-154
2026-08-24 08:15:00-05:00,0.6135831328935341,0.14626501925832924,14.141374747366575,16.10263953785281,1.4030004858875308e-152
2026-08-24 08:30:00-05:00,0.5031381689726979,0.35317318033172906,15.790038935618442,16.04462608050661,2.6330077393582456e-151
2026-08-24 08:45:00-05:00,0.41257329855761227,1.1163162915193443,15.559472881545705,15.255432775130993,4.880730070589655e-150
2026-08-24 09:00:00-05:00,0.33831010481724205,0.0,17.504404179443448,17.456693921404725,8.936259737111729e-149
2026-08-24 09:15:00-05:00,0.27741428595013845,0.0,16.903223374134786,16.567748758565994,1.616088413820251e-147
2026-08-24 09:30:00-05:00,0.22747971447911353,0.0,18.0236394783481,18.313272429881565,2.886774031322446e-146
2026-08-24 09:45:00-05:00,0.18653336587287309,0.0,16.750164867905582,15.871072554722392,5.0932946690669994e-145
2026-08-24 10:00:00-05:00,0.1529573600157559,0.272847826925529,17.625678396297992,18.048346885245717,8.876119801807612e-144
2026-08-24 10:15:00-05:00,2.6425979044799184,1.6519198945822646,17.02337730922727,18.609443432751284,1.5278680443587121e-142
2026-08-24 10:30:00-05:00,2.1669302816735327,1.3066547107048425,17.533377828275494,17.704717879444523,2.5976873513382617e-141
2026-08-24 10:45:00-05:00,1.7768828309722968,1.365248156750468,17.948028472050332,18.846131180764495,4.362407702468866e-140
2026-08-24 11:00:00-05:00,1.4570439213972832,0.9830180488411251,17.57613520992668,18.28726732408276,7.236090053007623e-139
2026-08-24 11:15:00-05:00,1.194776015545772,0.6744136422247945,18.773664531159046,18.956790823434044,1.1855503805254048e-137
2026-08-24 11:30:00-05:00,0.979716332747533,0.4854891464714947,18.62396742784926,18.527050076573957,1.918555668934785e-136
2026-08-24 11:45:00-05:00,0.803367392852977,0.468666078266691,19.483952827411482,18.51658558460445,3.066670644383933e-135
2026-08-24 12:00:00-05:00,0.6587612621394411,0.6902879192756766,18.870223710327178,18.207264262411723,4.841703679718595e-134
2026-08-24 12:15:00-05:00,0.5401842349543416,0.6140514288718065,18.610603880331908,19.6245728155693,7.550359258120274e-133
2026-08-24 12:30:00-05:00,0.4429510726625601,0.4830025375486707,19.683937235383592,19.849850999890666,1.1629883557484572e-131
2026-08-24 12:45:00-05:00,0.36321987958329927,1.4707815123193204,19.56135729831472,19.81288121408858,1.7693813937834647e-130
2026-08-24 13:00:00-05:00,0.2978403012583054,1.1417539251285143,19.725960457505963,19.956484133793086,2.6589237633496464e-129
2026-08-24 13:15:00-05:00,0.24422904703181042,0.0043641565732635,20.126617892530938,19.942492852649348,3.9466503712770197e-128
2026-08-24 13:30:00-05:00,0.20026781856608453,0.9695013381328412,19.37977396672787,19.630743692950414,5.786151002204046e-127
2026-08-24 13:45:00-05:00,0.1642196112241893,0.0,20.933005048507066,20.9265588040526,8.378942533819369e-126
2026-08-24 14:00:00-05:00,0.1346600812038352,0.15375804254339706,20.041423026602214,18.979657159281352,1.1984695387476604e-124
2026-08-24 14:15:00-05:00,0.11042126658714486,1.1727414245431937,19.82628221491581,19.49550099748675,1.6931799931173075e-123
2026-08-24 14:30:00-05:00,0.09054543860145878,0.0,20.152729726013394,20.839811614414575,2.3627490426728334e-122
2026-08-24 14:45:00-05:00,0.07424725965319619,0.10492360075881078,20.722320391410477,21.171939652261436,3.256644877883521e-121
2026-08-24 15:00:00-05:00,0.06088275291562087,0.31390714980786094,20.828851034112546,20.138641096798068,4.433651473676319e-120
2026-08-24 15:15:00-05:00,0.04992385739080911,0.0,18.302265462983513,19.045839767786358,5.961987174639196e-119
2026-08-24 15:30:00-05:00,0.22352052378223308,0.09311819622619744,18.769897923860263,19.230267620841563,7.918790695149036e-118
2026-08-24 15:45:00-05:00,0.1832868295014311,0.1967349062288886,20.15731236315081,20.374968496982884,1.038879150684302e-116
2026-08-24 16:00:00-05:00,0.4661450691150715,0.0,19.99861883314318,19.128703613593842,1.3461998461573202e-115
2026-08-24 16:15:00-05:00,0.3822389566743586,0.654164359191888,20.648384543560798,19.598936566808124,1.7230281882086733e-114
2026-08-24 16:30:00-05:00,0.313435944472974,0.7924091889663796,20.222558873899587,19.79676696746751,2.1782793178832768e-113
2026-08-24 16:45:00-05:00,0.2570174744678387,0.09523194172110505,19.060069391932924,19.313059230176236,2.720026237617272e-112
2026-08-24 17:00:00-05:00,0.2107543290636277,0.0,19.314401784572098,19.244816683712074,3.3548334016768045e-111
2026-08-24 17:15:00-05:00,0.1728185498321747,0.3467444075896362,18.34637512161353,17.64780807024128,4.0870237655097446e-110
2026-08-24 17:30:00-05:00,0.14171121086238325,0.10089318971636382,16.760827442208043,18.111732870780617,4.917922806045654e-109
2026-08-24 17:45:00-05:00,0.11620319290715427,0.14881277451469696,17.20971713659876,16.171625560983017,5.845135614453731e-108
2026-08-24 18:00:00-05:00,0.0952866181838665,0.5321536914498887,16.753405576151206,15.91384064018068,6.861922610635875e-107
2026-08-24 18:15:00-05:00,0.07813502691077052,0.5732732498950689,16.774270974536208,17.995994180629737,7.9567438919514e-106
2026-08-24 18:30:00-05:00,0.06407072206683183,0.0,15.802824570744596,16.303217424343657,9.113040131909181e-105
2026-08-24 18:45:00-05:00,0.052537992094802095,0.5266483432386152,16.089729347283548,16.1926220943823,1.0309308265674039e-103
2026-08-24 19:00:00-05:00,0.04308115351773772,0.3746103730435207,15.417039213951876,14.396167180739141,1.151951272463575e-102
2026-08-24 19:15:00-05:00,0.035326545884544924,0.0,16.088665537026294,16.53998849830872,1.2713848482537979e-101
2026-08-24 19:30:00-05:00,0.028967767625326837,0.0,16.089552878417763,15.548123934342266,1.3859842457113682e-100
2026-08-24 19:45:00-05:00,0.023753569452768006,0.0,13.816439184288878,13.066796658973901,1.4923747614760575e-99
2026-08-24 20:00:00-05:00,0.019477926951269764,0.0,15.185955735194145,15.615452536149608,1.5872152866772185e-98
2026-08-24 20:15:00-05:00,0.015971900100041205,0.23863544198392672,13.03019657973522,14.084674516894621,1.6673705216099514e-97
2026-08-24 20:30:00-05:00,0.013096958082033788,0.012450279535176672,14.231714312913303,15.016933794154312,1.73008220968259e-96
2026-08-24 20:45:00-05:00,0.010739505627267706,0.49341733170682545,12.280986108891257,13.610771560574491,1.7731264214803528e-95
2026-08-24 21:00:00-05:00,0.008806394614359518,0.0,13.109853653589393,13.15755540124495,1.7949444063758104e-94
2026-08-24 21:15:00-05:00,0.007221243583774805,0.5960297818490279,11.041192952052914,11.227783189582764,1.7947362817304427e-93
2026-08-24 21:30:00-05:00,0.00592141973869534,0.0,11.25838150038988,10.746194846610994,1.7725097084745192e-92
2026-08-24 21:45:00-05:00,0.004855564185730178,0.0,12.95732600277853,13.362613330153826,1.729079423040397e-91
2026-08-24 22:00:00-05:00,0.003981562632298746,0.6142759663774523,11.442942087933202,10.832021728148055,1.666017665520094e-90
2026-08-24 22:15:00-05:00,0.003264881358484971,0.0,11.32322888566822,11.552232802502,1.585559709476228e-89
2026-08-24 22:30:00-05:00,0.002677202713957676,0.40623690778655697,11.369729487587573,10.049825001877007,1.490472407540571e-88
2026-08-24 22:45:00-05:00,0.002195306225445294,0.0,11.130825168201158,11.792807469753878,1.3838965267367376e-87
2026-08-24 23:00:00-05:00,0.0018001511048651411,0.0,10.32642183888153,11.63980909827015,1.2691753770951544e-86
2026-08-24 23:15:00-05:00,0.0014761239059894156,0.0,10.547078921135025,11.100772470992595,1.1496826996010091e-85
2026-08-24 23:30:00-05:00,0.21492365478474001,0.27940849621625397,10.042430249533638,9.67608577676457,1.0286619937923687e-84
2026-08-24 23:45:00-05:00,0.1762373969234868,0.20067015778645153,10.300811184913888,10.515217032523035,9.09087595551689e-84
2026-08-25 00:00:00-05:00,0.14451466547725916,0.0,10.68353887513617,11.320113606452052,7.935551406312715e-83
2026-08-25 00:15:00-05:00,0.1185020256913525,0.0,7.627559438627608,7.700806314543702,6.842059184017643e-82
2026-08-25 00:30:00-05:00,0.09717166106690904,0.0,9.53930379660674,10.2471020629772,5.826864023354683e-81
2026-08-25 00:45:00-05:00,0.07968076207486541,0.0,8.832022427944786,8.466587855985054,4.901412794203119e-80
2026-08-25 01:00:00-05:00,0.06533822490138963,0.28806793999354485,9.13927722037148,9.457870676526898,4.0723586257611754e-79
2026-08-25 01:15:00-05:00,0.05357734441913949,0.7315015287911626,7.591508465299713,9.589711135667557,3.3420203694427853e-78
2026-08-25 01:30:00-05:00,0.043933422423694385,0.6867902148857361,8.346706349280183,7.661858333334993,2.709009377588364e-77
2026-08-25 01:45:00-05:00,0.03602540638742939,0.0,9.057831004812456,8.079638013478462,2.1689536131351845e-76
2026-08-25 02:00:00-05:00,0.029540833237692098,0.0,9.773170439413098,10.330361459705962,1.715253678032022e-75
2026-08-25 02:15:00-05:00,0.02422348325490752,0.018479213658181146,8.647736103219131,6.729175406151123,1.3398148723564213e-74
2026-08-25 02:30:00-05:00,0.019863256269024163,0.0,8.060984091173285,7.493982543664577,1.0337120265673203e-73
2026-08-25 02:45:00-05:00,0.016287870140599812,0.0,8.355751151130125,7.429531872108449,7.877577482615241e-73
2026-08-25 03:00:00-05:00,0.013356053515291845,0.0,9.44240552616599,9.84568671081988,5.929582797995683e-72
2026-08-25 03:15:00-05:00,0.010951963882539313,0.3344057225490693,9.647517655815355,9.282625107746238,4.408531331463226e-71
2026-08-25 03:30:00-05:00,0.008980610383682235,0.0,8.897083182773553,8.875123347985312,3.2374425123891944e-70
2026-08-25 03:45:00-05:00,0.007364100514619432,0.0,9.029510422407592,8.519845380259829,2.3482727515341305e-69
2026-08-25 04:00:00-05:00,0.006038562421987934,0.6830976718756441,9.326770274603073,9.793555176511951,1.6824158527127528e-68
2026-08-25 04:15:00-05:00,0.004951621186030106,0.2961288034035133,9.931963684956306,11.1505279436168,1.1905743032778631e-67
2026-08-25 04:30:00-05:00,0.004060329372544687,0.1284093038702974,9.254102875648915,10.273296504458347,8.321813858798147e-67
2026-08-25 04:45:00-05:00,0.0033294700854866427,0.0,9.73690208081072,8.627857662213442,5.745367715230645e-66
2026-08-25 05:00:00-05:00,0.002730165470099047,0.0,9.818349165119375,11.343142505811562,3.9179239495691345e-65
2026-08-25 05:15:00-05:00,0.0022387356854812186,0.0,10.012390435027166,8.522109900697398,2.6389582136201846e-64
2026-08-25 05:30:00-05:00,0.001835763262094599,0.2620564001462926,11.00209013893791,11.871493482804079,1.7556880978548265e-63
2026-08-25 05:45:00-05:00,0.0015053258749175712,0.7654041424055702,11.506115834156054,11.300717048678555,1.1537203584418522e-62
2026-08-25 06:00:00-05:00,0.0012343672174324083,0.06563766353749548,12.324747542306902,12.489047208523507,7.488452634889905e-62
2026-08-25 06:15:00-05:00,0.0010121811182945747,0.020815088758288185,11.000281248165441,11.984575538947972,4.800892238919128e-61
2026-08-25 06:30:00-05:00,0.0008299885170015512,0.2390881996906442,12.65157094589563,12.235132365616732,3.0401160927679965e-60
2026-08-25 06:45:00-05:00,0.000680590583941272,0.0,12.6314469212241,12.959082483106755,1.9015017019434203e-59
2026-08-25 07:00:00-05:00,0.000558084278831843,0.20837221499661923,12.362647128715594,11.735836333311678,1.1747395985334873e-58
2026-08-25 07:15:00-05:00,0.0004576291086421112,0.0,12.879470181744711,13.288503949074352,7.168443027642453e-58
2026-08-25 07:30:00-05:00,0.00037525586908653116,0.0,13.463224081618144,13.275855004403326,4.3206233394081195e-57
2026-08-25 07:45:00-05:00,0.0003077098126509555,0.18912528040888021,13.425714053787281,13.744668470411366,2.572209372642415e-56
2026-08-25 08:00:00-05:00,1.7646441057737523,1.7845381704874332,14.795396985304606,14.901750326770955,1.5125319776451707e-55
2026-08-25 08:15:00-05:00,1.4470081667344767,1.0517508956451727,14.497827503581695,13.6876388024602,8.784987618116086e-55
2026-08-25 08:30:00-05:00,1.1865466967222709,1.7093677502030227,14.674705574586772,15.706265927928483,5.039832258351253e-54
2026-08-25 08:45:00-05:00,0.972968291312262,0.752530514850994,14.564040712287877,15.13220973550909,2.8558102628575496e-53
2026-08-25 09:00:00-05:00,0.7978339988760548,0.1170146013996618,16.45668657228622,15.2644441033307,1.598383389533957e-52
2026-08-25 09:15:00-05:00,0.6542238790783649,0.6438690061316282,15.552451523676721,15.936537912251456,8.836309217492221e-52
2026-08-25 09:30:00-05:00,0.5364635808442592,1.2754240547389841,17.688306172203077,17.987987855516522,4.825020827386009e-51
2026-08-25 09:45:00-05:00,0.43990013629229247,0.9577296027989208,17.793505271942013,17.111421345216566,2.6023506780973937e-50
2026-08-25 10:00:00-05:00,0.3607181117596798,1.3424896480704605,17.78456809803843,17.98258818782533,1.3863432936411706e-49
2026-08-25 10:15:00-05:00,0.29578885164293744,0.15191931862549243,17.775970931590937,18.00094915804661,7.294811805244153e-49
2026-08-25 10:30:00-05:00,0.24254685834720868,0.9992674825172366,17.57056975767153,16.909758705157298,3.791366237723837e-48
2026-08-25 10:45:00-05:00,0.19888842384471112,1.0365145801654239,17.55522904493084,16.869611328545215,1.9463266273143323e-47
2026-08-25 11:00:00-05:00,0.1630885075526631,0.0,18.613206006628616,18.471485218341453,9.86902046929612e-47
2026-08-25 11:15:00-05:00,0.13373257619318374,1.001535793611791,20.46543988850681,20.77295624951954,4.942773561810594e-46
2026-08-25 11:30:00-05:00,0.10966071247841067,0.03578349465657303,18.110751969346417,18.7210698584599,2.4451512024555155e-45
2026-08-25 11:45:00-05:00,0.43450297176003294,0.6128508318989567,19.490927839061083,19.49308756495864,1.1947555724776326e-44
2026-08-25 12:00:00-05:00,0.356292436843227,0.30912346698879395,19.709877697623725,21.05116593967314,5.766213907922511e-44
2026-08-25 12:15:00-05:00,0.2921597982114461,0.2943336987288453,20.24168404380755,19.558886615958166,2.7487850079102147e-43
2026-08-25 12:30:00-05:00,0.2395710345333858,0.0,20.55855722399872,19.62819520860647,1.2942826737529278e-42
2026-08-25 12:45:00-05:00,0.19644824831737634,0.0,21.05092328173939,20.880856225794822,6.019436551453806e-42
2026-08-25 13:00:00-05:00,0.4697948784137075,0.08755305232072241,20.114058354635716,19.928626662433075,2.765163938648108e-41
2026-08-25 13:15:00-05:00,0.3852318002992401,0.3796442859469479,20.61490368364775,19.708617390636928,1.2546548437854034e-40
2026-08-25 13:30:00-05:00,0.31589007624537685,0.434962365020677,20.335270006256906,20.72186667484271,5.6229729004397546e-40
2026-08-25 13:45:00-05:00,0.259029862521209,0.0,19.702674008647424,19.930618310159765,2.4891212533275125e-39
2026-08-25 14:00:00-05:00,0.2124044872673914,0.8256212239406557,20.869711583395667,20.256117739470486,1.0883396596155926e-38
2026-08-25 14:15:00-05:00,0.17417167955926094,0.08811316690335787,20.380096017050537,19.40665324089256,4.7002525899906207e-38
2026-08-25 14:30:00-05:00,0.14282077723859396,0.0,20.152500569796008,20.04002438454085,2.005008781961654e-37
2026-08-25 14:45:00-05:00,0.11711303733564704,0.0,21.224184285385324,21.669817114303743,8.447918213230112e-37
2026-08-25 15:00:00-05:00,0.09603269061523056,0.2271392847630232,21.328413319445602,22.22598039483921,3.5157781432751744e-36
2026-08-25 15:15:00-05:00,0.07874680630448906,0.051157670558721814,19.202612911737397,18.293829153281298,1.4452120129541458e-35
2026-08-25 15:30:00-05:00,0.06457238116968103,0.0,18.199938837904636,18.62086865975251,5.867863513021531e-35
2026-08-25 15:45:00-05:00,0.05294935255913844,0.0,21.17710549705892,20.355219644569953,2.3532430459688744e-34
2026-08-25 16:00:00-05:00,0.04341846909849352,0.4481039360957169,19.83605907940564,20.048180576234373,9.321630933398905e-34
2026-08-25 16:15:00-05:00,0.03560314466076468,0.9837463481885879,19.549446197362027,20.635340957145623,3.6471646011600065e-33
2026-08-25 16:30:00-05:00,1.0099845555311524,0.26498834108802727,20.36729901446566,19.981241859794153,1.40947430701955e-32
2026-08-25 16:45:00-05:00,0.8281873355355449,1.313158750681936,19.062601906120197,20.114672175421873,5.380186160021138e-32
2026-08-25 17:00:00-05:00,0.6791136151391468,1.0641924914809526,18.90149202192196,18.61954242681863,2.0285035964894713e-31
2026-08-25 17:15:00-05:00,0.5568731644141004,1.0884695318086495,19.43779240446115,20.19915489921033,7.5542717008664865e-31
2026-08-25 17:30:00-05:00,0.4566359948195623,0.8598552961618161,18.84488210796166,18.795184056083063,2.7787390183171102e-30
2026-08-25 17:45:00-05:00,0.37444151575204104,1.137144390753073,17.203306598374823,16.479109563763487,1.0095812067304675e-29
2026-08-25 18:00:00-05:00,0.30704204291667364,0.2530033673405354,17.772479559571156,17.5909386478069,3.623039722524285e-29
2026-08-25 18:15:00-05:00,0.2517744751916724,0.19095172014162318,16.400273584215274,16.09659035583768,1.2842313672676012e-28
2026-08-25 18:30:00-05:00,0.20645506965717136,0.0,16.3269802423605,16.925132116994348,4.496263872465446e-28
2026-08-25 18:45:00-05:00,0.16929315711888052,0.0,16.957318729345943,17.710763034460996,1.5548863390650064e-27
2026-08-25 19:00:00-05:00,0.13882038883748202,0.5976810122414986,16.417722129976788,16.805519646445802,5.311092249679095e-27
2026-08-25 19:15:00-05:00,0.11383271884673525,1.1200814659207112,16.714510966226722,16.386589155568213,1.791873643382226e-26
2026-08-25 19:30:00-05:00,0.0933428294543229,1.1157580993688794,16.308640555002377,17.4567662448315,5.971305046478011e-26
2026-08-25 19:45:00-05:00,0.07654112015254477,0.18613498269897358,14.563701443060198,14.52861473448066,1.9654838241636744e-25
2026-08-25 20:00:00-05:00,0.0627637185250867,0.17691715989829515,13.641962130163265,14.516138854869927,6.390105520550407e-25
2026-08-25 20:15:00-05:00,0.0514662491905711,0.0,14.498211646098246,13.749192669657624,2.0520357625786424e-24
2026-08-25 20:30:00-05:00,0.0422023243362683,0.0,12.926151911990196,13.763828071567996,6.508788515467854e-24
2026-08-25 20:45:00-05:00,0.03460590595574,0.0,12.775674099437296,12.717431752010778,2.0391714198668646e-23
2026-08-25 21:00:00-05:00,0.028376842883706798,0.29042737489908055,13.444009117062372,13.713324783431387,6.310236703220171e-23
2026-08-25 21:15:00-05:00,0.023269011164639572,0.6120183878749005,12.964186367483967,13.010082538002814,1.9287498479639178e-22
2026-08-25 21:30:00-05:00,0.01908058915500445,0.0,13.255738962479795,12.535796322590025,5.822969281537222e-22
2026-08-25 21:45:00-05:00,0.015646083107103647,0.0,13.512359234575635,14.021822513110099,1.736406620261933e-21
2026-08-25 22:00:00-05:00,0.01282978814782499,0.5476698724887495,11.42061508288918,11.202712868610119,5.114423731803747e-21
2026-08-25 22:15:00-05:00,0.01052042628121649,0.0,10.668636466337324,10.778056901772219,1.4879225305104685e-20
2026-08-25 22:30:00-05:00,0.008626749550597522,0.08814303403115362,10.811518824191252,10.892522721767671,4.275651240655874e-20
2026-08-25 22:45:00-05:00,0.0070739346314899676,0.2498493519128531,10.095663645264876,10.266295915211185,1.2135636681257875e-19
2026-08-25 23:00:00-05:00,0.0058006263978217735,0.0,10.350357747283605,10.118637017375585,3.402210640971568e-19
2026-08-25 23:15:00-05:00,0.004756513646213854,0.0,10.069226319372035,9.625230655607792,9.421025317220781e-19
2026-08-25 23:30:00-05:00,0.0039003411898953597,0.0,11.357923848030023,11.571722156227299,2.576757109154981e-18
2026-08-25 23:45:00-05:00,0.0031982797757141948,0.08088198067213691,8.595256109155086,8.283966362676576,6.961248457838979e-18
2026-08-26 00:00:00-05:00,0.0026225894160856397,0.22389186484551132,8.570934926424806,8.62937057989277,1.8575440702012286e-17
2026-08-26 00:15:00-05:00,0.0021505233211902243,0.0,8.80194616792607,8.429806262276157,4.895865264586114e-17
2026-08-26 00:30:00-05:00,0.0017634291233759839,0.0,10.043525137992605,9.272208447086797,1.2745536715638003e-16
2026-08-26 00:45:00-05:00,0.0014460118811683066,0.8832720576830533,8.942546610898951,8.695877226982883,3.2773674723610854e-16
2026-08-26 01:00:00-05:00,0.0011857297425580113,0.0,8.840594295225856,9.991911546857501,8.323969676981107e-16
2026-08-26 01:15:00-05:00,0.0009722983888975692,0.0,8.57326036304791,9.873709833795319,2.0882100405791107e-15
2026-08-26 01:30:00-05:00,0.0007972846788960067,0.7277396731994124,9.216150582838024,8.407116393548268,5.174354859326245e-15
2026-08-26 01:45:00-05:00,0.0006537734366947255,0.0,7.939719332942172,9.361892026530988,1.2664165549094176e-14
2026-08-26 02:00:00-05:00,0.0005360942180896749,1.6505009249502571,8.632147059504128,9.917795176833918,3.061507223199812e-14
2026-08-26 02:15:00-05:00,0.0004395972588335334,0.0,8.368726001841047,7.6228643650648085,7.310251818545068e-14
2026-08-26 02:30:00-05:00,0.00036046975224349735,0.0,7.960157628869567,8.150547367032766,1.724120939035506e-13
2026-08-26 02:45:00-05:00,0.0002955851968396678,0.39022397292330846,9.624924872205055,10.627088445509983,4.01644158343527e-13
2026-08-26 03:00:00-05:00,0.00024237986140852758,0.32592863503891195,8.860244059336875,9.14286618254755,9.241735250663947e-13
2026-08-26 03:15:00-05:00,0.0001987514863549926,0.009632799957841066,9.191688956559595,7.145160375109624,2.1004092927322602e-12
2026-08-26 03:30:00-05:00,0.00016297621881109392,0.0,8.216217431494545,8.120436488264856,4.715119226236869e-12
2026-08-26 03:45:00-05:00,0.000133640499425097,0.0,9.532463232863519,9.594692609395292,1.0454897183568204e-11
2026-08-26 04:00:00-05:00,0.00010958520952857955,0.10763077228781043,9.053805808117877,9.457178732518607,2.289734845645553e-11
2026-08-26 04:15:00-05:00,8.985987181343523e-05,0.0,9.622968325880963,9.259187782117959,4.9532353107322933e-11
2026-08-26 04:30:00-05:00,7.368509488701689e-05,0.266144832977648,8.95567674942207,7.260607257917875,1.0583542713899205e-10
2026-08-26 04:45:00-05:00,0.04679511438982134,0.34822677476646713,10.439369057719984,10.868025572441125,2.2336314362031582e-10
2026-08-26 05:00:00-05:00,0.038371993799653496,0.0,10.34798453698728,9.679660171048548,4.656185771232175e-10
2026-08-26 05:15:00-05:00,0.03146503491571587,0.344838710056554,10.269088130562809,10.805313447629306,9.587103703908415e-10
2026-08-26 05:30:00-05:00,0.02580132863088701,0.0,10.84981350290547,11.42542719592778,1.9497677860172377e-09
2026-08-26 05:45:00-05:00,0.021157089477327348,0.5383143061921692,11.109935041479684,10.365155671913474,3.9166674251931896e-09
2026-08-26 06:00:00-05:00,0.3905573817301948,0.0,11.836241036630812,13.220565579281285,7.771213507633599e-09
2026-08-26 06:15:00-05:00,0.3202570530187597,0.49983148003535516,11.11792024995171,12.227106890338279,1.522997974471263e-08
2026-08-26 06:30:00-05:00,0.2626107834753829,0.9051226898419253,11.415239976316347,10.348857236250362,2.9481403186637685e-08
2026-08-26 06:45:00-05:00,0.21534084244981397,0.7941618199763569,12.084113769136664,13.710995775937155,5.636834895598722e-08
2026-08-26 07:00:00-05:00,0.17657949080884744,1.3575707313322398,12.513960501934866,11.748524135792222,1.0645371411076024e-07
2026-08-26 07:15:00-05:00,0.1447951824632549,0.7734848774676626,13.431301407193091,13.801032468358008,1.9857504150120978e-07
2026-08-26 07:30:00-05:00,0.11873204961986901,0.0,13.271230342459567,12.362276729072038,3.6587003789544163e-07
2026-08-26 07:45:00-05:00,0.09736028068829258,0.4364234358562472,13.800043377323648,14.140636419623144,6.658361469857315e-07
2026-08-26 08:00:00-05:00,0.07983543016439991,1.0596496576978403,14.88160923175414,15.716258155933119,1.1968679330025267e-06
2026-08-26 08:15:00-05:00,0.06546505273480792,0.15259828254625868,14.65848821420681,13.195452618360033,2.1250220162321567e-06
2026-08-26 08:30:00-05:00,0.05368134324254249,0.0,15.652065694406051,15.895622541269764,3.726653172078671e-06
2026-08-26 08:45:00-05:00,0.04401870145888484,0.04216847781907386,14.178234148377813,13.914339749103641,6.4552469066326685e-06
2026-08-26 09:00:00-05:00,0.03609533519628556,1.2739361684977732,15.737257136647797,15.63204079861759,1.1044475089776293e-05
2026-08-26 09:15:00-05:00,0.02959817486095416,0.1516790512186739,15.08715320133625,13.846406701678848,1.8664469113520537e-05
2026-08-26 09:30:00-05:00,0.02427050338598241,0.0,17.167237517558018,17.88737686609849,3.115476951901466e-05
2026-08-26 09:45:00-05:00,0.019901812776505576,0.03134153396802856,17.542609876042683,17.68256004890647,5.1365531189759374e-05
2026-08-26 10:00:00-05:00,0.016319486476734573,0.0,16.062559163898502,15.703090290154934,8.364834722972767e-05
2026-08-26 10:15:00-05:00,0.013381978910922349,0.3691222657776674,17.662956552138215,17.44853902221888,0.00013454925108033938
2026-08-26 10:30:00-05:00,0.010973222706956326,0.0,16.882385836166712,17.216858342823947,0.00021376841881809205
2026-08-26 10:45:00-05:00,0.008998042619704187,0.42078094292886353,18.714573528721314,17.93160386564887,0.00033546262790251185
2026-08-26 11:00:00-05:00,0.007378394948157433,0.3622114881562798,20.04154306992313,21.101859250847458,0.000519975743255855
2026-08-26 11:15:00-05:00,0.0060502838574890945,0.0,19.341645904006338,19.48900677711682,0.0007960866914957304
2026-08-26 11:30:00-05:00,0.004961232763141058,0.013966075195365593,18.313555023638944,19.152745152955323,0.001203859994828204
2026-08-26 11:45:00-05:00,0.004068210865775667,0.543406009035992,19.645751015423166,19.549010167924713,0.0017981666618475832
2026-08-26 12:00:00-05:00,0.003335932909936047,0.3469801877671224,19.201811199852322,18.456682453752876,0.002652908309644927
2026-08-26 12:15:00-05:00,0.002735464986147558,0.22498731804543004,20.526411923602637,19.59359723532143,0.003865920139472804
2026-08-26 12:30:00-05:00,0.0022430812886409975,0.0,19.563416544109018,20.444469996222587,0.00556444502779387
2026-08-26 12:45:00-05:00,0.0018393266566856178,0.662090998082562,19.933726281258433,19.449578900229298,0.007910959733930247
2026-08-26 13:00:00-05:00,0.0015082478584822066,0.0,20.534759579509164,20.42098895528715,0.011108996538242306
2026-08-26 13:15:00-05:00,0.0012367632439554094,0.0,20.165788624774564,19.55364634300982,0.015408445571188785
2026-08-26 13:30:00-05:00,0.0010141458600434357,0.10709591630681925,20.817594145247142,21.291818212131393,0.02110965645367106
2026-08-26 13:45:00-05:00,0.0008315996052356172,0.11328386133332928,21.789611024779912,20.298825947575725,0.028565500784550377
2026-08-26 14:00:00-05:00,0.000681911676293206,0.23708814191406077,19.605548412627265,18.62940787774858,0.03818043380053579
2026-08-26 14:15:00-05:00,0.0005591675745604289,1.3193658804191235,20.74062641048289,20.994425529096343,0.05040553336275363
2026-08-26 14:30:00-05:00,0.0004585174111395517,0.05705772336714576,19.73446324650982,19.885970629450586,0.06572852861653045
2026-08-26 14:45:00-05:00,0.00037598427713443237,0.0,19.861985837092437,19.516106705701333,0.08465798862252993
2026-08-26 15:00:00-05:00,0.00030830710725023453,0.6147091702670179,18.935424468405408,17.87296721289253,0.10770114519003211
2026-08-26 15:15:00-05:00,0.0002528118279451923,0.4500525525470679,18.21573487609833,19.047379965232622,0.1353352832366127
2026-08-26 15:30:00-05:00,0.00020730569891505769,0.027950918272461014,21.123281602390364,22.10073754651387,0.16797323675753362
2026-08-26 15:45:00-05:00,0.0001699906731103473,0.48413662310736505,20.11370451487355,20.814453971960777,0.20592424643419874
2026-08-26 16:00:00-05:00,0.00013939235195048477,0.0,20.46403787164453,20.457703766863354,0.24935220877729616
2026-08-26 16:15:00-05:00,0.0001143017285993975,0.0,20.49188658407312,21.23681180007819,0.29823409618142155
2026-08-26 16:30:00-05:00,9.372741745150595e-05,0.0,19.364769642098345,19.11921954534017,0.35232195499549696
2026-08-26 16:45:00-05:00,7.685648231023487e-05,0.0,19.793102072078003,20.492752234246254,0.41111229050718745
2026-08-26 17:00:00-05:00,6.302231549439258e-05,0.050150307169684785,19.329223131233146,19.849573754571967,0.473826726395364
2026-08-26 17:15:00-05:00,5.1678298705401914e-05,0.49849432608818467,17.997756099060727,17.41714930922011,0.5394075072376265
2026-08-26 17:30:00-05:00,4.2376204938429564e-05,0.42835216710829394,18.66970707164477,18.200712801495378,0.6065306597126334
2026-08-26 17:45:00-05:00,3.474848804951224e-05,0.12489774790501888,17.22300428320491,17.079061405341747,0.6736384553447268
2026-08-26 18:00:00-05:00,2.8493760200600037e-05,0.0,18.396190713133585,18.196988302586934,0.7389912962803088
2026-08-26 18:15:00-05:00,2.336488336449203e-05,0.0,17.23241093870779,18.922174105706787,0.8007374029168081
2026-08-26 18:30:00-05:00,1.9159204358883464e-05,0.0,17.173148127728204,15.619384807357363,0.8569968914352789
2026-08-26 18:45:00-05:00,1.571054757428444e-05,0.0,15.809809079685126,15.383535001440308,0.9059551911095096
2026-08-26 19:00:00-05:00,1.2882649010913239e-05,0.0,16.359111675017317,17.01268537667943,0.9459594689067654
2026-08-26 19:15:00-05:00,1.0563772188948855e-05,0.33976511836498624,14.99307938223514,15.52100890321713,0.9756109800648459
2026-08-26 19:30:00-05:00,8.66229319493806e-06,0.0,14.870975111084375,15.252605640094542,0.9938461733264412
2026-08-26 19:45:00-05:00,7.103080419849209e-06,0.597248997127442,15.099099475143266,15.202068238928094,1.0
2026-08-26 20:00:00-05:00,5.824525944276351e-06,0.1447131768952864,13.969300595675207,13.086570026545868,0.9938461733264412
2026-08-26 20:15:00-05:00,4.776111274306608e-06,0.24720730228128843,14.071415252313363,15.41772030715795,0.9756109800648459
2026-08-26 20:30:00-05:00,3.916411244931419e-06,0.0,14.198915452127993,13.058619363698629,0.9459594689067654
2026-08-26 20:45:00-05:00,3.211457220843763e-06,0.0,14.43860217453826,14.599950797145793,0.9059551911095096
2026-08-26 21:00:00-05:00,2.6333949210918855e-06,0.10975374384560302,13.855473383406888,14.25519536118542,0.8569968914352789
2026-08-26 21:15:00-05:00,2.159383835295346e-06,0.0,13.969874437478802,14.107935283777802,0.8007374029168081
2026-08-26 21:30:00-05:00,1.7706947449421836e-06,0.0,11.686813114472073,12.718386311452191,0.7389912962803088
2026-08-26 21:45:00-05:00,1.4519696908525905e-06,0.0,11.441275314944471,12.408999402127513,0.6736384553447268
2026-08-26 22:00:00-05:00,1.190615146499124e-06,0.052896394837092374,11.643786433735748,13.268172124074585,0.6065306597126334
2026-08-26 22:15:00-05:00,9.763044201292816e-07,0.0,10.383159394277701,10.981898132940168,0.5394075072376265
2026-08-26 22:30:00-05:00,8.005696245060109e-07,0.0,8.131343538406448,8.96574489838102,0.473826726395364
2026-08-26 22:45:00-05:00,6.564670920949288e-07,0.0,10.55004411602849,9.375221824263846,0.41111229050718745
2026-08-26 23:00:00-05:00,5.383030155178416e-07,0.708554373763747,10.404096812935526,11.13903432883395,0.35232195499549696
2026-08-26 23:15:00-05:00,4.4140847272463006e-07,0.0,10.520885078627947,11.066747972272951,0.29823409618142155
2026-08-26 23:30:00-05:00,3.6195494763419663e-07,0.0,11.074786650700357,11.248017397511168,0.24935220877729616
2026-08-26 23:45:00-05:00,2.968030570600412e-07,0.0,9.69703529891156,11.459445751436288,0.20592424643419874
2026-08-27 00:00:00-05:00,2.433785067892338e-07,0.0,9.695911601437198,8.341083225376252,0.16797323675753362
2026-08-27 00:15:00-05:00,1.995703755671717e-07,0.6246438854315962,10.063009243300733,9.572506303714462,0.1353352832366127
2026-08-27 00:30:00-05:00,1.6364770796508079e-07,0.3602169651615401,9.533814302418405,9.658534972907477,0.10770114519003211
2026-08-27 00:45:00-05:00,1.3419112053136624e-07,0.5326116298384528,9.23651427653608,10.21832245951173,0.08465798862252993
2026-08-27 01:00:00-05:00,1.1003671883572031e-07,0.3274696056995445,10.058451028100839,10.413363244680003,0.06572852861653045
2026-08-27 01:15:00-05:00,9.023010944529065e-08,0.5916288717758071,9.296273247886086,10.01086539918122,0.05040553336275363
2026-08-27 01:30:00-05:00,7.398868974513834e-08,1.0514077530028434,6.994086928305673,6.552559451404539,0.03818043380053579
2026-08-27 01:45:00-05:00,6.067072559101344e-08,0.0,9.298583461928544,10.45180590314242,0.028565500784550377
2026-08-27 02:00:00-05:00,4.974999498463102e-08,0.0,7.6566423014166745,7.744031893406803,0.02110965645367106
2026-08-27 02:15:00-05:00,4.079499588739743e-08,0.0,8.159185364677612,8.113670511841248,0.015408445571188785
2026-08-27 02:30:00-05:00,3.3451896627665894e-08,0.0955459860003983,8.812197775751697,9.153004506439837,0.011108996538242306
2026-08-27 02:45:00-05:00,2.7430555234686032e-08,0.5018388872150933,8.844843769671888,8.450383162301184,0.007910959733930247
2026-08-27 03:00:00-05:00,2.2493055292442545e-08,0.7037270174382655,8.934223044346593,8.74885988409296,0.00556444502779387
2026-08-27 03:15:00-05:00,1.8444305339802885e-08,0.05178663029605167,8.553411261427565,8.70929431347142,0.003865920139472804
2026-08-27 03:30:00-05:00,1.5124330378638365e-08,0.20074003401433238,9.678322973022079,9.57242919092144,0.002652908309644927
2026-08-27 03:45:00-05:00,1.2401950910483459e-08,0.0,7.898641651741233,7.527378642527192,0.0017981666618475832
2026-08-27 04:00:00-05:00,1.0169599746596436e-08,0.3884270762505052,8.654186654318588,7.6900649460188655,0.001203859994828204
2026-08-27 04:15:00-05:00,8.339071792209078e-09,0.4364503277229679,9.327588917917753,9.335723136603274,0.0007960866914957304
2026-08-27 04:30:00-05:00,6.838038869611444e-09,0.2900380894015461,10.342458061428752,10.44903244228016,0.000519975743255855
2026-08-27 04:45:00-05:00,5.607191873081383e-09,0.0,10.966836053233479,11.522189980242258,0.00033546262790251185
2026-08-27 05:00:00-05:00,4.597897335926734e-09,0.0,10.444113770605794,11.577890258056263,0.00021376841881809205
2026-08-27 05:15:00-05:00,3.7702758154599215e-09,0.0,10.598770244833288,10.447088156505053,0.00013454925108033938
2026-08-27 05:30:00-05:00,3.0916261686771356e-09,0.413928841944842,11.298943996959084,10.095076624598853,8.364834722972767e-05
2026-08-27 05:45:00-05:00,2.5351334583152513e-09,0.0,10.711298202250992,11.110592877587242,5.1365531189759374e-05
2026-08-27 06:00:00-05:00,2.078809435818506e-09,0.0,10.262330134054093,10.864138886084175,3.115476951901466e-05
2026-08-27 06:15:00-05:00,1.7046237373711747e-09,0.0,11.664195557490752,11.713857333554127,1.8664469113520537e-05
2026-08-27 06:30:00-05:00,1.3977914646443632e-09,0.0,11.753537479079089,12.963177064157273,1.1044475089776293e-05
2026-08-27 06:45:00-05:00,1.1461890010083777e-09,0.0,12.725046586582343,12.61356510194637,6.4552469066326685e-06
2026-08-27 07:00:00-05:00,9.398749808268696e-10,0.0,11.53098522789057,11.72885771343774,3.726653172078671e-06
2026-08-27 07:15:00-05:00,7.70697484278033e-10,0.29830831539903496,14.515653550236614,14.799661490989184,2.1250220162321567e-06
2026-08-27 07:30:00-05:00,6.31971937107987e-10,0.6213740831763347,13.961090187284565,14.630510030627002,1.1968679330025267e-06
2026-08-27 07:45:00-05:00,5.182169884285494e-10,0.2560967361999707,13.735388061700384,13.493845969180093,6.658361469857315e-07
2026-08-27 08:00:00-05:00,4.249379305114105e-10,0.042731389046263786,13.90390382915234,12.913092203166912,3.6587003789544163e-07
2026-08-27 08:15:00-05:00,1.252401370297461,1.5063985850665733,15.94198375554816,16.446373370752678,1.9857504150120978e-07
2026-08-27 08:30:00-05:00,1.026969123643918,1.1465525823952556,14.751533118314917,13.843645385609499,1.0645371411076024e-07
2026-08-27 08:45:00-05:00,0.8421146813880127,1.0083975051657474,15.878018890422693,16.02203180592565,5.636834895598722e-08
2026-08-27 09:00:00-05:00,0.6905340387381704,0.9324415562712438,17.42775073209123,17.2103456510934,2.9481403186637685e-08
2026-08-27 09:15:00-05:00,0.5662379117652997,0.0,16.842412214340982,16.78803144931715,1.522997974471263e-08
2026-08-27 09:30:00-05:00,2.493319609947622,1.9776770831798163,17.968949296123558,18.94067920782222,7.771213507633599e-09
2026-08-27 09:45:00-05:00,2.0445220801570496,1.8834420653185413,18.889808358670454,20.045537871865594,3.9166674251931896e-09
2026-08-27 10:00:00-05:00,1.6765081057287805,1.3416056466802053,16.930790159086587,17.168973756495568,1.9497677860172377e-09
2026-08-27 10:15:00-05:00,1.3750980609893548,1.509891112814948,18.61528319550628,19.683247072393932,9.587103703908415e-10
2026-08-27 10:30:00-05:00,1.127580410011271,0.21404539724924654,17.72093135872321,17.88509626388868,4.656185771232175e-10
2026-08-27 10:45:00-05:00,0.9246159362092421,1.756613362160496,17.6941606873803,17.77686191856462,2.2336314362031582e-10
2026-08-27 11:00:00-05:00,0.7581850676915785,0.6502326953371885,17.635323050263345,17.471182531692563,1.0583542713899205e-10
2026-08-27 11:15:00-05:00,0.6217117555070943,0.009180685905456065,17.258779218735512,17.746725612462747,4.9532353107322933e-11
2026-08-27 11:30:00-05:00,0.5098036395158173,0.6523289500069411,18.30793962394693,17.739016455581826,2.289734845645553e-11
2026-08-27 11:45:00-05:00,0.41803898440297016,0.15725972261600535,19.77473937184514,20.03550426592366,1.0454897183568204e-11
2026-08-27 12:00:00-05:00,0.34279196721043553,0.49960918762080264,19.664357394284934,19.40412464046545,4.715119226236869e-12
2026-08-27 12:15:00-05:00,7.722117382774504,7.46135815606001,20.450201466068073,19.951327071728816,2.1004092927322602e-12
2026-08-27 12:30:00-05:00,6.332136253875094,6.386629957389409,19.709875103351166,20.02741840617526,9.241735250663947e-13
2026-08-27 12:45:00-05:00,5.192351728177576,4.668434410877843,20.63731737042833,21.761468608983115,4.01644158343527e-13
2026-08-27 13:00:00-05:00,4.2577284171056125,4.501754707057528,19.840257818737115,20.05854362952991,1.724120939035506e-13
2026-08-27 13:15:00-05:00,3.491337302026602,3.9314690166758437,18.827671638163956,19.62885125598975,7.310251818545068e-14
2026-08-27 13:30:00-05:00,2.8628965876618135,2.416333271522798,20.547769193937327,20.403327657046688,3.061507223199812e-14
2026-08-27 13:45:00-05:00,2.347575201882687,2.8927331836519645,18.076181429355906,19.078712709409178,1.2664165549094176e-14
2026-08-27 14:00:00-05:00,1.9250116655438032,3.4146984571185763,20.09952257445669,20.6083397863448,5.174354859326245e-15
2026-08-27 14:15:00-05:00,1.5785095657459185,1.084958659607764,21.22506519182864,22.24626656552225,2.0882100405791107e-15
2026-08-27 14:30:00-05:00,1.2943778439116531,1.6542486698230645,19.761468762017685,20.13275835709987,8.323969676981107e-16
2026-08-27 14:45:00-05:00,1.0613898320075554,1.495097084759551,18.861663826425485,18.12761789338866,3.2773674723610854e-16
2026-08-27 15:00:00-05:00,0.8703396622461954,0.8059727081114674,18.89625144830649,17.772659161704254,1.2745536715638003e-16
2026-08-27 15:15:00-05:00,0.7136785230418802,0.0,20.49886896586516,21.108386253029416,4.895865264586114e-17
2026-08-27 15:30:00-05:00,0.5852163888943417,0.5271477343651566,19.41477689433835,20.349870917373444,1.8575440702012286e-17
2026-08-27 15:45:00-05:00,0.9712436389435712,1.6360883327619047,21.03181655338667,21.002054860906835,6.961248457838979e-18
2026-08-27 16:00:00-05:00,0.7964197839337284,0.49292820837280016,19.708565746177058,19.486345543742363,2.576757109154981e-18
2026-08-27 16:15:00-05:00,0.6530642228256572,0.730447663999747,19.77729340266958,20.56443504358149,9.421025317220781e-19
2026-08-27 16:30:00-05:00,0.5355126627170389,0.3411866771882565,20.00912873659529,18.72190119827127,3.402210640971568e-19
2026-08-27 16:45:00-05:00,0.5215703542139142,0.0,18.841704467750468,19.167770085731952,1.2135636681257875e-19
2026-08-27 17:00:00-05:00,0.4276876904554096,1.4861404081882852,19.777761728845324,21.6465397541661,4.275651240655874e-20
2026-08-27 17:15:00-05:00,0.35070390617343583,1.2201420507705367,17.453511079736227,17.78094529815413,1.4879225305104685e-20
2026-08-27 17:30:00-05:00,0.28757720306221735,0.46332463597369633,18.330292298485592,18.472283116939554,5.114423731803747e-21
2026-08-27 17:45:00-05:00,0.2358133065110182,0.0,18.13193656281409,19.033987628073422,1.736406620261933e-21
2026-08-27 18:00:00-05:00,0.1933669113390349,0.252215817368462,17.023072146574943,17.515834898321923,5.822969281537222e-22
2026-08-27 18:15:00-05:00,0.1585608672980086,0.0,18.45148855369216,17.335516472127342,1.9287498479639178e-22
2026-08-27 18:30:00-05:00,0.13001991118436707,0.2775505183802377,16.62865573216936,16.523627423677233,6.310236703220171e-23
2026-08-27 18:45:00-05:00,0.10661632717118098,0.39511679893573726,15.899799622462757,14.995647504995988,2.0391714198668646e-23
2026-08-27 19:00:00-05:00,0.0874253882803684,0.0,16.248574845598174,16.48716034470625,6.508788515467854e-24
2026-08-27 19:15:00-05:00,0.07168881838990208,0.0,15.911154560167969,15.593607151796649,2.0520357625786424e-24
2026-08-27 19:30:00-05:00,0.058784831079719706,0.45048704344580637,16.266762910530424,16.183094503459625,6.390105520550407e-25
2026-08-27 19:45:00-05:00,0.04820356148537015,0.0,15.030054355694318,15.034994347002694,1.9654838241636744e-25
2026-08-27 20:00:00-05:00,0.03952692041800352,0.0,14.718019722961339,14.8281252182313,5.971305046478011e-26
2026-08-27 20:15:00-05:00,0.032412074742762885,0.20142075420443548,13.639541079403434,13.381833432882479,1.791873643382226e-26
2026-08-27 20:30:00-05:00,0.026577901289065564,0.24679350778135473,13.946944598242823,13.692910976859414,5.311092249679095e-27
2026-08-27 20:45:00-05:00,0.021793879057033762,0.0,12.902727002941822,11.375281270788667,1.5548863390650064e-27
2026-08-27 21:00:00-05:00,0.017870980826767684,0.0,11.891878825545962,10.558879851696677,4.496263872465446e-28
2026-08-27 21:15:00-05:00,0.014654204277949499,0.0,13.349959125445222,12.709248722908631,1.2842313672676012e-28
2026-08-27 21:30:00-05:00,0.012016447507918589,0.0,12.537874534707287,12.651549075452847,3.623039722524285e-29
2026-08-27 21:45:00-05:00,0.009853486956493242,0.7135095927658645,11.159635541708033,10.77283056464962,1.0095812067304675e-29
2026-08-27 22:00:00-05:00,0.008079859304324458,0.4895115758551032,11.10427513472349,11.769894042160654,2.7787390183171102e-30
2026-08-27 22:15:00-05:00,0.006625484629546055,0.0,11.951784941168485,11.316597731134168,7.5542717008664865e-31
2026-08-27 22:30:00-05:00,0.005432897396227765,0.0,10.833056605708055,11.139649898875225,2.0285035964894713e-31
2026-08-27 22:45:00-05:00,0.004454975864906767,0.34202390628091295,10.017107066741094,10.093952468609134,5.380186160021138e-32
2026-08-27 23:00:00-05:00,0.0036530802092235486,0.3633843308994601,11.545991623407902,11.160414183891797,1.40947430701955e-32
2026-08-27 23:15:00-05:00,0.0029955257715633095,0.041420425892872356,10.466296112735149,10.106307644199891,3.6471646011600065e-33
2026-08-27 23:30:00-05:00,0.0024563311326819136,0.0,10.13637545680267,10.446495119581122,9.321630933398905e-34
2026-08-27 23:45:00-05:00,0.002014191528799169,0.0,9.259656094307722,9.802170270334868,2.3532430459688744e-34
2026-08-28 00:00:00-05:00,0.0016516370536153186,0.0,9.719403416683301,9.989244251665406,5.867863513021531e-35
2026-08-28 00:15:00-05:00,0.0013543423839645612,0.022667162733081427,9.188113105470741,7.917759027252434,1.4452120129541458e-35
2026-08-28 00:30:00-05:00,0.0011105607548509402,0.0,8.326472211720937,8.44839354115891,3.5157781432751744e-36
2026-08-28 00:45:00-05:00,0.000910659818977771,0.0,9.684449087294979,10.701386041378546,8.447918213230112e-37
2026-08-28 01:00:00-05:00,0.0007467410515617722,0.24778473167947176,8.815758779033557,8.932609520242929,2.005008781961654e-37
2026-08-28 01:15:00-05:00,0.0006123276622806531,0.0,7.9265920755708255,7.852628985611479,4.7002525899906207e-38
2026-08-28 01:30:00-05:00,0.0005021086830701355,0.0,9.24573550022969,9.985103261137843,1.0883396596155926e-38
2026-08-28 01:45:00-05:00,0.0004117291201175111,0.0,9.164994110699096,8.622336296336107,2.4891212533275125e-39
2026-08-28 02:00:00-05:00,0.00033761787849635906,0.46336796529814644,8.148536060430194,7.605074132854629,5.6229729004397546e-40
2026-08-28 02:15:00-05:00,0.0002768466603670144,0.0,8.685770650426369,8.745505087561694,1.2546548437854034e-40
2026-08-28 02:30:00-05:00,0.0002270142615009518,0.0,8.565685890078951,8.125249012563108,2.765163938648108e-41
2026-08-28 02:45:00-05:00,1.1869021088477005,0.9180685559502941,8.443997728530197,8.90354590379076,6.019436551453806e-42
2026-08-28 03:00:00-05:00,1.6318490420829415,1.6528008375534498,9.417429050757514,8.840396038192347,1.2942826737529278e-42
2026-08-28 03:15:00-05:00,1.3381162145080119,2.181070798432141,9.555335922498513,7.808139582530665,2.7487850079102147e-43
2026-08-28 03:30:00-05:00,1.0972552958965698,1.1246018489838585,9.779173122418197,9.835152692325886,5.766213907922511e-44
2026-08-28 03:45:00-05:00,0.8997493426351871,1.2736648667739343,10.03199464657458,10.067162300718275,1.1947555724776326e-44
2026-08-28 04:00:00-05:00,0.7377944609608534,1.006949416099423,9.22556970053714,8.555046149634844,2.4451512024555155e-45
2026-08-28 04:15:00-05:00,0.6049914579878998,0.0,9.914205302550295,9.268952472835176,4.942773561810594e-46
2026-08-28 04:30:00-05:00,0.4960929955500778,0.783383871593506,10.104939951504107,10.14290188788726,9.86902046929612e-47
2026-08-28 04:45:00-05:00,0.40679625635106376,0.2886158148940099,9.453125866496585,8.592909610464615,1.9463266273143323e-47
2026-08-28 05:00:00-05:00,0.33357293020787226,1.626358211235072,11.358079897396363,11.971436896700268,3.791366237723837e-48
2026-08-28 05:15:00-05:00,0.27352980277045524,0.0,10.673248761381748,9.964402227046023,7.294811805244153e-49
2026-08-28 05:30:00-05:00,0.22429443827177328,0.7294447387749878,10.96854649056833,10.581785917859564,1.3863432936411706e-49
2026-08-28 05:45:00-05:00,0.18392143938285407,0.4365327011890192,11.533101802916537,12.113128530386925,2.6023506780973937e-50
2026-08-28 06:00:00-05:00,0.15081558029394032,0.1594428894420962,10.073367737462052,9.388623275070191,4.825020827386009e-51
2026-08-28 06:15:00-05:00,0.12366877584103106,0.3651003664870936,12.529856990972657,11.437064926629393,8.836309217492221e-52
2026-08-28 06:30:00-05:00,0.10140839618964546,0.15976503646931559,12.518755299837798,12.33200419415806,1.598383389533957e-52
2026-08-28 06:45:00-05:00,0.08315488487550927,0.12852077039046145,13.28957574533781,13.536569535211818,2.8558102628575496e-53
2026-08-28 07:00:00-05:00,0.0681870055979176,0.0,11.89819497807374,11.15609013071122,5.039832258351253e-54
2026-08-28 07:15:00-05:00,0.05591334459029243,0.2337032192542628,12.900453777490537,12.373957990478909,8.784987618116086e-55
2026-08-28 07:30:00-05:00,0.04584894256403979,0.0,13.80433721023144,14.88636967634934,1.5125319776451707e-55
2026-08-28 07:45:00-05:00,0.037596132902512625,0.49921892837134724,14.04460398542584,14.075517129155664,2.572209372642415e-56
2026-08-28 08:00:00-05:00,0.03082882898006035,0.0,14.644695599983837,14.22965068218504,4.3206233394081195e-57
2026-08-28 08:15:00-05:00,0.025279639763649487,0.0,15.595871763963359,15.854865817941358,7.168443027642453e-58
2026-08-28 08:30:00-05:00,0.02072930460619258,0.35908577475439285,16.126501298705797,15.34801924507347,1.1747395985334873e-58
2026-08-28 08:45:00-05:00,0.016998029777077914,0.057314920441914,16.777281477886937,16.342918069147263,1.9015017019434203e-59
2026-08-28 09:00:00-05:00,0.013938384417203888,0.0,14.64722053737386,14.190810509943732,3.0401160927679965e-60
2026-08-28 09:15:00-05:00,0.9743363876197014,0.8206538534369766,15.372556161222086,14.981001663067714,4.800892238919128e-61
2026-08-28 09:30:00-05:00,0.7989558378481552,1.0745066404915686,15.779947538778924,15.778273986783457,7.488452634889905e-62
2026-08-28 09:45:00-05:00,0.6551437870354871,0.24693849440394544,17.168355633066493,15.679847431216507,1.1537203584418522e-62
2026-08-28 10:00:00-05:00,0.5372179053690994,1.2442961396298005,16.890864011930038,17.534319922689324,1.7556880978548265e-63
2026-08-28 10:15:00-05:00,0.4405186824026615,0.9015812026618523,18.791661589585825,17.80925129109908,2.6389582136201846e-64
2026-08-28 10:30:00-05:00,0.3612253195701824,0.12195073150509528,17.864705866893374,18.89339336367865,3.9179239495691345e-65
2026-08-28 10:45:00-05:00,0.29620476204754953,0.35390037811535,17.907103373878265,18.397831806475445,5.745367715230645e-66
2026-08-28 11:00:00-05:00,0.2428879048789906,0.0,17.63380398708028,18.926488805578316,8.321813858798147e-67
2026-08-28 11:15:00-05:00,0.19916808200077227,0.0,19.599218703715902,19.678353267611648,1.1905743032778631e-67
2026-08-28 11:30:00-05:00,0.16331782724063326,0.11452377779349741,18.642436840889744,19.310165162179285,1.6824158527127528e-68
2026-08-28 11:45:00-05:00,0.27558104265180683,0.0,19.777362932571627,20.35025033925148,2.3482727515341305e-69
2026-08-28 12:00:00-05:00,0.2259764549744816,0.0,19.74915349572569,19.397144784374802,3.2374425123891944e-70
2026-08-28 12:15:00-05:00,0.1853006930790749,0.0,20.56478541279757,20.20152920558651,4.408531331463226e-71
2026-08-28 12:30:00-05:00,0.1519465683248414,0.1312462372708848,19.10331251427035,19.28481788046728,5.929582797995683e-72
2026-08-28 12:45:00-05:00,0.12459618602636995,0.21177061527903168,20.801092749152026,20.779635326667712,7.877577482615241e-73
2026-08-28 13:00:00-05:00,0.10216887254162335,0.6395403939964023,19.22568286460138,18.924588723565016,1.0337120265673203e-73
2026-08-28 13:15:00-05:00,0.08377847548413114,0.0,20.73502081336715,20.341168659307407,1.3398148723564213e-74
2026-08-28 13:30:00-05:00,0.06869834989698753,0.0,20.033685880331305,20.51540148930678,1.715253678032022e-75
2026-08-28 13:45:00-05:00,0.05633264691552977,0.0,22.10570021088001,21.333586692560313,2.1689536131351845e-76
2026-08-28 14:00:00-05:00,0.04619277047073441,0.23088085218168786,20.91615596732481,20.813868691729056,2.709009377588364e-77
2026-08-28 14:15:00-05:00,1.624689515745106,1.9023782239522822,19.309915577297012,18.52492778217007,3.3420203694427853e-78
2026-08-28 14:30:00-05:00,1.332245402910987,1.4494959894828345,20.311295798041712,20.156950553497854,4.0723586257611754e-79
2026-08-28 14:45:00-05:00,1.0924412303870092,2.10067957698576,20.132180268946016,20.19315948646845,4.901412794203119e-80
2026-08-28 15:00:00-05:00,0.8958018089173475,1.1457782316031229,21.297175409854603,22.030998400225485,5.826864023354683e-81
2026-08-28 15:15:00-05:00,0.7345574833122249,1.3035759497777994,19.90277400785593,19.826350639880037,6.842059184017643e-82
2026-08-28 15:30:00-05:00,0.8503692084054122,0.8612856663293701,19.683590708382198,18.530041206199197,7.935551406312715e-83
2026-08-28 15:45:00-05:00,0.697302750892438,1.3640902511755058,19.54429041282678,19.614484949670913,9.09087595551689e-84
2026-08-28 16:00:00-05:00,0.5717882557317991,0.9235861138052937,20.73826171604866,21.492602675946326,1.0286619937923687e-84
2026-08-28 16:15:00-05:00,0.4688663697000753,0.9446277325204233,19.340936213717974,18.71233374398877,1.1496826996010091e-85
2026-08-28 16:30:00-05:00,0.3844704231540617,0.0,19.833847998887087,18.198911293623773,1.2691753770951544e-86
2026-08-28 16:45:00-05:00,0.3152657469863306,0.27283717402076,18.791062844972416,20.512411894288665,1.3838965267367376e-87
2026-08-28 17:00:00-05:00,0.2585179125287911,0.0,18.409611432370788,18.270604042906935,1.490472407540571e-88
2026-08-28 17:15:00-05:00,0.37093564938749696,0.0,17.668569700798322,18.232033701352247,1.585559709476228e-89
2026-08-28 17:30:00-05:00,0.30416723249774746,0.16281862252666526,18.65588419616119,19.84468903061272,1.666017665520094e-90
2026-08-28 17:45:00-05:00,0.2494171306481529,0.6101664236788644,18.049625744739256,16.67519228928816,1.729079423040397e-91
2026-08-28 18:00:00-05:00,0.20452204713148536,0.48065635937339046,16.180420144372405,16.144711746124045,1.7725097084745192e-92
2026-08-28 18:15:00-05:00,0.16770807864781798,0.5758649409963771,17.133802739129454,17.096457102027617,1.7947362817304427e-93
2026-08-28 18:30:00-05:00,0.13752062449121072,0.0,16.15373613455279,15.600816154865266,1.7949444063758104e-94
2026-08-28 18:45:00-05:00,0.11276691208279278,0.29950965675271574,15.981740585719253,16.327344100924023,1.7731264214803528e-95
2026-08-28 19:00:00-05:00,0.09246886790789008,0.14338867919724674,15.560751464360099,15.702387180808055,1.73008220968259e-96
2026-08-28 19:15:00-05:00,0.07582447168446986,0.13043273717349432,16.047774677614328,16.74277158511433,1.6673705216099514e-97
2026-08-28 19:30:00-05:00,0.062176066781265284,0.32262620360860766,14.619518680678826,13.673321481000164,1.5872152866772185e-98
2026-08-28 19:45:00-05:00,0.05098437476063753,0.0,16.014279884448417,16.206686873759477,1.4923747614760575e-99
2026-08-28 20:00:00-05:00,0.04180718730372277,0.30465052221609146,15.25991791544309,15.327696595895086,1.3859842457113682e-100
2026-08-28 20:15:00-05:00,0.03428189358905267,0.0,13.535661133331814,13.745833803453982,1.2713848482537979e-101
2026-08-28 20:30:00-05:00,0.028111152743023185,0.0,13.642411070951928,13.353514897200261,1.151951272463575e-102
2026-08-28 20:45:00-05:00,0.02305114524927901,0.08363280286108588,13.269074708684935,13.928948803582003,1.0309308265674039e-103
2026-08-28 21:00:00-05:00,0.018901939104408787,0.7179128203461336,14.104248157046667,14.777053233651992,9.113040131909181e-105
2026-08-28 21:15:00-05:00,0.015499590065615205,0.0,12.142685917535571,11.907347498745379,7.9567438919514e-106
2026-08-28 21:30:00-05:00,0.012709663853804468,0.04177362454303796,12.236407978218642,11.215022441771325,6.861922610635875e-107
2026-08-28 21:45:00-05:00,0.010421924360119662,0.0,12.886558596466891,13.679478745212926,5.845135614453731e-108
2026-08-28 22:00:00-05:00,0.008545977975298123,0.27459205246543805,13.13331117059578,13.513643361436893,4.917922806045654e-109
2026-08-28 22:15:00-05:00,0.007007701939744461,0.0,11.525961624949813,12.303371109781027,4.0870237655097446e-110
2026-08-28 22:30:00-05:00,0.005746315590590458,0.0,10.804441573778075,11.481772140800752,3.3548334016768045e-111
2026-08-28 22:45:00-05:00,0.004711978784284175,0.5111133120663628,10.809932058647238,10.369265433058422,2.720026237617272e-112
2026-08-28 23:00:00-05:00,0.0038638226031130233,0.3831709862761496,10.568355919336044,10.8009127351787,2.1782793178832768e-113
2026-08-28 23:15:00-05:00,0.003168334534552679,0.0,11.294428044753037,11.612734873742223,1.7230281882086733e-114
2026-08-28 23:30:00-05:00,0.0025980343183331965,0.0,9.561459125599281,9.499928281935835,1.3461998461573202e-115
2026-08-28 23:45:00-05:00,0.002130388141033221,0.0,9.129551509713092,9.05239130350731,1.038879150684302e-116
2026-08-29 00:00:00-05:00,0.0017469182756472412,0.861867739097153,9.545392824450852,7.332958792038818,7.918790695149036e-118
2026-08-29 00:15:00-05:00,0.0014324729860307377,0.0,9.553694110782425,9.462022874191328,5.961987174639196e-119
2026-08-29 00:30:00-05:00,0.001174627848545205,0.0,8.772478661597441,9.12313280345917,4.433651473676319e-120
2026-08-29 00:45:00-05:00,0.000963194835807068,0.7738946065059193,8.695063768448858,8.679015089605198,3.256644877883521e-121
2026-08-29 01:00:00-05:00,0.0007898197653617957,0.0,9.036001235413895,9.03610116659939,2.3627490426728334e-122
2026-08-29 01:15:00-05:00,0.0006476522075966725,0.0529302647330668,8.866223467173638,9.979824511373979,1.6931799931173075e-123
2026-08-29 01:30:00-05:00,0.0005310748102292713,0.030325421314836773,6.753071436729944,8.470359258813255,1.1984695387476604e-124
2026-08-29 01:45:00-05:00,0.1776875059014263,0.403737487678829,8.967298888472406,9.686739005583078,8.378942533819369e-126
2026-08-29 02:00:00-05:00,0.14570375483916956,0.0,8.559578984940591,8.663425011540104,5.786151002204046e-127
2026-08-29 02:15:00-05:00,0.11947707896811903,0.023100695635559734,9.038771090253114,9.752561261893465,3.9466503712770197e-128
2026-08-29 02:30:00-05:00,0.0979712047538576,0.0,10.123259382249184,11.162009718268218,2.6589237633496464e-129
2026-08-29 02:45:00-05:00,0.08033638789816322,0.41290751855142654,7.598147448467838,8.26214648040514,1.7693813937834647e-130
2026-08-29 03:00:00-05:00,0.06587583807649383,0.19012102140499082,9.01268274997202,9.645873350553208,1.1629883557484572e-131
2026-08-29 03:15:00-05:00,0.05401818722272494,0.28824433020858903,7.7912966906733345,7.361252669176732,7.550359258120274e-133
2026-08-29 03:30:00-05:00,0.04429491352263445,0.100812843880527,9.95040537213457,10.478394735887456,4.841703679718595e-134
2026-08-29 03:45:00-05:00,0.03632182908856024,0.3529176984745147,9.12423791304376,9.326005034335445,3.066670644383933e-135
2026-08-29 04:00:00-05:00,0.029783899852619398,0.0,8.961401845886535,9.194592111590843,1.918555668934785e-136
2026-08-29 04:15:00-05:00,0.024422797879147903,0.2776280697662498,9.08108629994114,9.55195560107779,1.1855503805254048e-137
2026-08-29 04:30:00-05:00,0.02002669426090128,0.0,9.621061409660651,9.386819520326727,7.236090053007623e-139
2026-08-29 04:45:00-05:00,0.01642188929393905,0.0,9.362780667500223,10.429680899687359,4.362407702468866e-140
2026-08-29 05:00:00-05:00,0.013465949221030019,0.0,11.726405904069935,10.3810190683534,2.5976873513382617e-141
2026-08-29 05:15:00-05:00,0.011042078361244614,0.40835393022004574,10.83091745289433,10.928055213642487,1.5278680443587121e-142
2026-08-29 05:30:00-05:00,0.009054504256220583,0.0,11.26201521777553,10.978964315709517,8.876119801807612e-144
2026-08-29 05:45:00-05:00,0.007424693490100877,0.29815758375773904,10.955578377183578,11.788254380444483,5.0932946690669994e-145
2026-08-29 06:00:00-05:00,0.006088248661882719,0.0,11.379455665367708,11.195410942576487,2.886774031322446e-146
2026-08-29 06:15:00-05:00,0.004992363902743829,0.0,13.418256531353968,13.933693552947235,1.616088413820251e-147
2026-08-29 06:30:00-05:00,0.0040937384002499395,0.15366574830311933,12.079745135534724,11.96490397509163,8.936259737111729e-149
2026-08-29 06:45:00-05:00,0.43269826183863336,0.1710833389474235,12.491802941353715,12.539567161784785,4.880730070589655e-150
2026-08-29 07:00:00-05:00,0.35481257470767935,0.0,13.222438359658645,13.798894824515942,2.6330077393582456e-151
2026-08-29 07:15:00-05:00,0.2909463112602971,0.7208356918717328,12.951726665889016,13.369123787934733,1.4030004858875308e-152
2026-08-29 07:30:00-05:00,0.2385759752334436,0.0,14.527450091459812,15.352007566090789,7.384172726951007e-154
2026-08-29 07:45:00-05:00,1.652435565624763,2.286736280519258,14.865430945249331,15.085679763116268,3.838700348963485e-155
2026-08-29 08:00:00-05:00,1.3549971638123055,1.1221247570162904,13.324001216027739,13.047742897483827,1.9710830219947334e-156
2026-08-29 08:15:00-05:00,1.1110976743260905,1.2832112537814173,14.75236117978577,13.9337033524647,9.996868096133463e-158
2026-08-29 08:30:00-05:00,0.9111000929473941,0.6523312580977529,15.029981429774894,15.532061359125793,5.007965706612792e-159
2026-08-29 08:45:00-05:00,0.7471020762168632,1.7277587472279423,17.145021502829916,18.592653683509035,2.4779758553137294e-160
2026-08-29 09:00:00-05:00,0.6126237024978278,0.2585626563956903,15.923473581599778,16.42339937615921,1.2110752653176228e-161
2026-08-29 09:15:00-05:00,0.5023514360482187,1.0366137605152834,16.631133659190116,18.020776052751913,5.84633285607385e-163
2026-08-29 09:30:00-05:00,0.41192817755953937,0.13792280466385842,16.792674989993444,16.379647151048207,2.7876245542437918e-164
2026-08-29 09:45:00-05:00,0.33778110559882224,0.2377387754155534,17.655228341861417,17.488657687141455,1.312874957203359e-165
2026-08-29 10:00:00-05:00,0.27698050659103424,0.0,16.881913573882922,17.603932924836737,6.1073215636491134e-167
2026-08-29 10:15:00-05:00,0.22712401540464805,0.38631123958519364,17.60434008999619,17.496658343252193,2.8061866206860704e-168
2026-08-29 10:30:00-05:00,0.1862416926318114,1.1348009260068574,18.086266001208966,17.604985958901256,1.2735636411374863e-169
2026-08-29 10:45:00-05:00,0.15271818795808534,1.193862174596927,18.182622846775,17.515043352824755,5.709040105864101e-171
2026-08-29 11:00:00-05:00,0.12522891412562998,0.5705912936354395,19.684154962876168,19.323346138664206,2.527806787474926e-172
2026-08-29 11:15:00-05:00,0.10268770958301657,0.6342696515358137,19.103776915770123,18.441616151962318,1.1055108189266035e-173
2026-08-29 11:30:00-05:00,0.5525296677151137,0.7531603734969248,18.918343302673904,20.572580168658828,4.77551769123776e-175
2026-08-29 11:45:00-05:00,0.4530743275263932,0.874026132796721,19.744952179226182,20.03683768881174,2.0375874600893606e-176
2026-08-29 12:00:00-05:00,0.3715209485716424,0.5838096515816213,19.669180345222355,18.70389402375771,8.587176705446347e-178
2026-08-29 12:15:00-05:00,0.3046471778287468,0.0,20.33773537260823,19.487323836032456,3.5745623785021315e-179
2026-08-29 12:30:00-05:00,0.24981068581957236,0.5446142681668703,19.881877620811185,20.190932216785384,1.4697169413552134e-180
2026-08-29 12:45:00-05:00,0.20484476237204932,0.0,20.988455619852182,21.53150268222905,5.9687427323676504e-182
2026-08-29 13:00:00-05:00,0.16797270514508042,0.3836790259660102,19.80099484396411,20.449770411041634,2.394254760948756e-183
2026-08-29 13:15:00-05:00,0.13773761821896593,0.39721081817372916,19.01114091045996,19.9251977678363,9.486285672484671e-185
2026-08-29 13:30:00-05:00,0.11294484693955206,0.3120071926419182,19.460341163785227,19.85252666793702,3.7124479893329115e-186
2026-08-29 13:45:00-05:00,0.09261477449043269,0.0,20.39863707102697,20.48740482909102,1.4350363324396876e-187
2026-08-29 14:00:00-05:00,1.3358558975042136,1.4954693963076897,20.077458720325698,19.10187525797545,5.479030969207802e-189
2026-08-29 14:15:00-05:00,1.0954018359534552,0.4060512520874051,20.870044683803414,20.610317759716665,2.0662504131469566e-190
2026-08-29 14:30:00-05:00,0.8982295054818332,1.2545971784215972,20.359991414175582,20.865462896072586,7.696627910991054e-192
2026-08-29 14:45:00-05:00,0.7365481944951032,0.777649471683516,20.087609454561562,20.63485042572349,2.831759518643757e-193
2026-08-29 15:00:00-05:00,0.6039695194859847,1.387443856133093,20.197534463409387,19.828147681425346,1.0290834324590846e-194
2026-08-29 15:15:00-05:00,0.4952550059785074,0.6335332864901031,19.80027990108549,19.92123565908672,3.693883068487256e-196
2026-08-29 15:30:00-05:00,0.40610910490237606,0.2728462767397084,19.564050340715497,19.66508988525944,1.3096463605462723e-197
2026-08-29 15:45:00-05:00,0.33300946601994835,0.639242383210332,19.902818684512546,20.83369679722814,4.586308632996218e-199
2026-08-29 16:00:00-05:00,0.27306776213635764,0.0,19.95777947140358,19.539074285949876,1.5863932499301823e-200
2026-08-29 16:15:00-05:00,0.22391556495181325,1.0090378782063711,19.2844397924284,19.79807889830351,5.419968585302908e-202
2026-08-29 16:30:00-05:00,0.18361076326048686,0.0,19.064572580978265,18.595090884666767,1.8290308263383113e-203
2026-08-29 16:45:00-05:00,0.15056082587359923,0.0,19.079423817602642,19.003018135813587,6.09654270941749e-205
2026-08-29 17:00:00-05:00,0.12345987721635136,0.4718167170813802,18.716288837591225,18.403759750794205,2.007171842327754e-206
2026-08-29 17:15:00-05:00,0.10123709931740811,0.466116987274771,18.9786259916113,19.533776867687767,6.527153569367405e-208
2026-08-29 17:30:00-05:00,0.08301442144027464,0.0,19.639458642597535,19.22065798264123,2.0965317582885168e-209
2026-08-29 17:45:00-05:00,0.0680718255810252,0.0,15.740764493436448,16.922675319286814,6.651466374432704e-211
2026-08-29 18:00:00-05:00,0.055818896976440664,0.0,17.889780456923177,17.057416738244452,2.0843550269938528e-212
2026-08-29 18:15:00-05:00,0.04577149552068134,0.0,16.99859647287985,16.862442940963525,6.451553869779947e-214
2026-08-29 18:30:00-05:00,0.037532626326958696,0.505562133003844,16.279929132761787,15.620784927538404,1.972401397397544e-215
2026-08-29 18:45:00-05:00,0.03077675358810613,0.0,16.920280240418457,16.991839758513436,5.956136125992367e-217
2026-08-29 19:00:00-05:00,0.025236937942247024,0.0,15.408317365796782,15.149014865653767,1.776528863623507e-218
2026-08-29 19:15:00-05:00,0.02069428911264256,0.0,15.507338698375754,15.983574288913378,5.233813713051992e-220
2026-08-29 19:30:00-05:00,0.0169693170723669,0.0,14.466920503740543,14.81221397950787,1.5230094332177388e-221
2026-08-29 19:45:00-05:00,0.013914839999340857,0.0,14.569005908081083,14.24340235345668,4.377491037053051e-223
2026-08-29 20:00:00-05:00,0.011410168799459502,0.2558167429352528,15.742240292355193,16.492915215212903,1.2427571702057626e-224
2026-08-29 20:15:00-05:00,1.4928848997374349,1.4371986870047648,14.30989115682544,13.87259708265734,3.484862356739796e-226
2026-08-29 20:30:00-05:00,1.2241656177846965,1.3645958811797012,14.343343524103387,13.934887051124386,9.652133513732119e-228
2026-08-29 20:45:00-05:00,1.085045542651975,0.7402178198778571,13.456310350277892,12.980061499210745,2.640580135507923e-229
2026-08-29 21:00:00-05:00,0.8897373449746194,0.2717085483880154,13.160913305828624,12.01375735455379,7.135324402030611e-231
2026-08-29 21:15:00-05:00,0.7295846228791879,0.18596102558639482,13.719831297567495,13.146429756723059,1.904436223413078e-232
2026-08-29 21:30:00-05:00,0.598259390760934,1.051968976946015,12.435254721046908,11.451066226603773,5.0206215255751233e-234
2026-08-29 21:45:00-05:00,0.4905727004239659,0.224645278858995,11.200298802152885,12.397767592968577,1.3073349565917195e-235
2026-08-29 22:00:00-05:00,0.402269614347652,0.6898496240219034,12.477578563358009,12.552034630106315,3.3624404663242076e-237
2026-08-29 22:15:00-05:00,0.3298610837650746,0.0,10.941914624242404,10.60159132827044,8.54202175637073e-239
2026-08-29 22:30:00-05:00,0.2704860886873612,0.2983803605479304,11.673038166800266,11.858394751770732,2.1434091607316363e-240
2026-08-29 22:45:00-05:00,0.22179859272363617,0.39541621997196963,11.330975267665693,11.421437654648411,5.312364080113368e-242
2026-08-29 23:00:00-05:00,0.18187484603338164,0.6332591964933537,10.826198992665649,10.808054076475585,1.300495699099077e-243
2026-08-29 23:15:00-05:00,0.14913737374737293,0.8875233969481919,9.719708063951643,10.301517644118343,3.144621278005989e-245
2026-08-29 23:30:00-05:00,0.1222926464728458,0.0,9.73947314424374,10.826349642812842,7.510452727943757e-247
2026-08-29 23:45:00-05:00,0.10027997010773354,0.47096115721066806,9.800678203939999,9.203949628690072,1.7717491165098775e-248
2026-08-30 00:00:00-05:00,0.08222957548834149,0.032179268126562424,8.933891349939646,9.150458223143815,4.12835154968529e-250
2026-08-30 00:15:00-05:00,0.06742825190044002,0.1355412393858175,8.354970203117308,7.101371543534992,9.501440650208043e-252
2026-08-30 00:30:00-05:00,0.05529116655836082,0.0,9.477702957007539,8.861636961967738,2.1599345281812695e-253
2026-08-30 00:45:00-05:00,0.04533875657785587,0.0,9.68934476938661,9.452842621917819,4.849869512272615e-255
2026-08-30 01:00:00-05:00,0.03717778039384181,0.0,8.698851765202289,9.315582121022867,1.07561750249298e-256
2026-08-30 01:15:00-05:00,0.03048577992295028,0.7316404334134825,8.93495794440756,9.16831280143761,2.3562643190685055e-258
2026-08-30 01:30:00-05:00,0.02499833953681923,0.10048317542701743,9.48422062843715,10.021283008358505,5.098336458479148e-260
2026-08-30 01:45:00-05:00,0.020498638420191766,0.13367982383872196,8.890334841498728,8.783709806097008,1.0896105976580528e-261
2026-08-30 02:00:00-05:00,0.016808883504557247,0.0,8.610022997341533,7.920460957412465,2.3001305384836754e-263
2026-08-30 02:15:00-05:00,0.013783284473736942,0.5138849288622724,7.477667541868038,7.290207036834104,4.7959206539040405e-265
2026-08-30 02:30:00-05:00,0.4312577820988053,0.316874807746094,8.553936037322131,7.2781551998528995,9.87710872151989e-267
2026-08-30 02:45:00-05:00,0.3536313813210203,0.29362439780372435,7.222754468423346,7.512148760889267,2.0092131826361915e-268
2026-08-30 03:00:00-05:00,0.2899777326832366,0.637931361940409,9.244333122845006,8.328244300582961,4.037016675747469e-270
2026-08-30 03:15:00-05:00,0.23778174080025402,0.7173939794300715,8.948156971169007,9.163363122533985,8.01186102789409e-272
2026-08-30 03:30:00-05:00,0.1949810274562083,0.0,9.066137239392882,9.182908473943407,1.5705241226312257e-273
2026-08-30 03:45:00-05:00,0.15988444251409079,0.3607479528258306,8.962755079932455,8.400247722644577,3.04084409973712e-275
2026-08-30 04:00:00-05:00,0.13110524286155445,0.009228871954427842,10.011563248079332,9.167382181872036,5.815432755752205e-277
2026-08-30 04:15:00-05:00,0.10750629914647464,0.07122030883230512,10.424851007517063,10.357762502838495,1.0985207414988057e-278
2026-08-30 04:30:00-05:00,0.0881551653001092,0.22537138209039764,10.120573779026797,10.160340702138845,2.0496175173224162e-280
2026-08-30 04:45:00-05:00,0.07228723554608954,0.41472604632393595,9.742038856140411,10.233993102479701,3.7772499723621244e-282
2026-08-30 05:00:00-05:00,0.05927553314779342,0.5883442881273678,10.000686410314112,10.105210504250811,6.875700785558436e-284
2026-08-30 05:15:00-05:00,0.048605937181190606,0.2867873780107131,10.19659565922957,9.675411580936874,1.2362222357729817e-285
2026-08-30 05:30:00-05:00,0.039856868488576294,0.0,10.617035380321225,11.422700035732525,2.1954041086167348e-287
2026-08-30 05:45:00-05:00,0.03268263216063256,0.0,11.426473501120777,12.140857736582614,3.8509753088061505e-289
2026-08-30 06:00:00-05:00,0.026799758371718697,0.07723323514751583,11.873943234371026,11.741373374295954,6.672142839417698e-291
2026-08-30 06:15:00-05:00,0.02197580186480933,0.0,12.379549744298334,12.446838805926783,1.1418216572867824e-292
2026-08-30 06:30:00-05:00,0.01802015752914365,0.0,13.574697647194414,12.566381027082755,1.9300544297205855e-294
2026-08-30 06:45:00-05:00,0.014776529173897792,0.3087032692181539,12.74973325152409,12.451797645211427,3.222397983746546e-296
2026-08-30 07:00:00-05:00,0.01211675392259619,0.0,12.834794057536213,14.09290141631697,5.314068364454544e-298
2026-08-30 07:15:00-05:00,0.009935738216528874,0.0,12.544528468881504,11.545540190203283,8.655924048199433e-300
2026-08-30 07:30:00-05:00,0.008147305337553677,0.25863631450263974,15.128698034158948,15.667751619046149,1.3926374727217951e-301
2026-08-30 07:45:00-05:00,0.006680790376794014,0.0,14.679080397677469,13.475939444388667,2.2131014605649762e-303
2026-08-30 08:00:00-05:00,0.0054782481089710915,0.07771482851299748,14.962108021811167,13.32611705094375,3.475802059778539e-305
2026-08-30 08:15:00-05:00,0.004492163449356295,0.0,15.010080408991723,14.592358228114044,8.352549393124929e-307
2026-08-30 08:30:00-05:00,0.0036835740284721615,0.2881625594769156,15.958288033886904,15.259581237082976,4.340286994985454e-306
2026-08-30 08:45:00-05:00,0.003020530703347172,0.0,15.494453121216944,16.405896957980108,6.293238188714337e-305
2026-08-30 09:00:00-05:00,0.002476835176744681,0.0,14.94824676485127,14.212498646564123,9.0957479651662e-304
2026-08-30 09:15:00-05:00,0.0020310048449306384,0.0,16.820527926366726,16.881476772799733,1.3079397460261968e-302
2026-08-30 09:30:00-05:00,0.0016654239728431234,0.0,16.727919652356075,16.657534077620813,1.8712045707390113e-301
2026-08-30 09:45:00-05:00,0.0013656476577313611,0.0,16.338040921582984,16.497964250920784,2.6634160571029155e-300
2026-08-30 10:00:00-05:00,0.001119831079339716,0.0,17.45637950324996,17.253747025623984,3.771733242968275e-299
2026-08-30 10:15:00-05:00,0.0009182614850585671,0.4620787712364105,17.83862173771022,18.59432940182643,5.314068364454539e-298
2026-08-30 10:30:00-05:00,0.011722522951844406,0.31412169617052993,18.381561358842408,17.671951406821126,7.448992152380941e-297
2026-08-30 10:45:00-05:00,0.009612468820512412,0.6381643451757125,17.988948211025388,18.53290372119786,1.0388482393757736e-295
2026-08-30 11:00:00-05:00,0.4700943289929447,0.0,18.758036862600544,18.542315103441748,1.4414212199269094e-294
2026-08-30 11:15:00-05:00,0.3854773497742146,1.1608529506929486,19.90121348707106,20.504600605308763,1.9898206163852354e-293
2026-08-30 11:30:00-05:00,0.31609142681485597,0.0,19.768131643712014,20.06191995438534,2.732883717141797e-292
2026-08-30 11:45:00-05:00,0.25919496998818187,0.5308283982923943,19.125242579296525,19.265711745969956,3.734329124024489e-291
2026-08-30 12:00:00-05:00,0.2125398753903091,0.0,18.69607032364158,16.9794942600173,5.0767788116460386e-290
2026-08-30 12:15:00-05:00,0.17428269782005346,0.7742996340627263,19.886494145609145,18.003214405398708,6.866700484302959e-289
2026-08-30 12:30:00-05:00,1.2027680599300645,1.2899406974654644,20.0630287293042,20.34535378040653,9.240429940592897e-288
2026-08-30 12:45:00-05:00,0.9862698091426528,1.0540629081155293,19.86571715211693,19.60222401826711,1.2371446021751752e-286
2026-08-30 13:00:00-05:00,0.8087412434969753,0.0,21.02654229642171,20.824109620032754,1.6479080010834558e-285
2026-08-30 13:15:00-05:00,0.6631678196675197,0.18347924996875786,20.0648669050462,18.924279402996618,2.18388453046577e-284
2026-08-30 13:30:00-05:00,0.5437976121273661,0.7057932825159634,20.865290224643342,22.08399823595981,2.879456973432179e-283
2026-08-30 13:45:00-05:00,0.4459140419444402,0.9071157712897671,21.13549132397069,20.932866417240515,3.7772499723621244e-282
2026-08-30 14:00:00-05:00,0.36564951439444093,0.3047986832680674,19.926974863241075,19.964614461344727,4.9297519991005134e-281
2026-08-30 14:15:00-05:00,0.29983260180344157,0.17553786761680296,21.597080704262385,22.336557397079456,6.40115920379519e-280
2026-08-30 14:30:00-05:00,0.24586273347882207,0.3091735536543493,20.66804798354851,22.291720323268176,8.269445654970564e-279
2026-08-30 14:45:00-05:00,0.2016074414526341,0.0,21.235586687176607,21.720748074037417,1.062865665671273e-277
2026-08-30 15:00:00-05:00,0.16531810199115995,0.3232035112137662,20.605016333895016,18.74195994782504,1.3591411777061287e-276
2026-08-30 15:15:00-05:00,0.13556084363275114,0.506420622470525,19.482094825422973,18.337421005362565,1.729159179998913e-275
2026-08-30 15:30:00-05:00,0.11115989177885593,0.0,19.45065560793187,20.58475923623534,2.1887168970494393e-274
2026-08-30 15:45:00-05:00,0.09115111125866186,0.0,20.75378602537999,21.0305779803334,2.7563122711919253e-273
2026-08-30 16:00:00-05:00,0.07474391123210272,0.2250986761962239,20.33082926859336,20.656423796991415,3.453436368569381e-272
2026-08-30 16:15:00-05:00,0.06129000721032423,0.0,18.355885871238907,18.854566034164264,4.3048568050636e-271
2026-08-30 16:30:00-05:00,0.05025780591246587,0.037054874045112735,18.53855984856913,18.69959471688403,5.338880168561835e-270
2026-08-30 16:45:00-05:00,0.04121140084822201,0.0,18.73799740569192,17.336229677755423,6.58757918155424e-269
2026-08-30 17:00:00-05:00,0.03379334869554205,0.0,18.931656163648583,19.380551569225155,8.086968201028141e-268
2026-08-30 17:15:00-05:00,0.027710545930344478,0.0,17.51533862629637,18.10311840089411,9.87710872151989e-267
2026-08-30 17:30:00-05:00,0.02272264766288247,0.0,19.45379530382432,19.999535895288023,1.2002124982765307e-265
2026-08-30 17:45:00-05:00,0.018632571083563625,1.0178112138313389,17.9784670523143,17.29102507906876,1.451010875131183e-264
2026-08-30 18:00:00-05:00,2.7532119331080014,2.9157913051108726,17.06043152233792,16.865327022475,1.745289202057745e-263
2026-08-30 18:15:00-05:00,3.776578846174405,4.3126169569010075,16.953857485905235,17.248469543170184,2.088566693039847e-262
2026-08-30 18:30:00-05:00,3.096794653863012,3.8701820333576733,16.75675341009906,16.08447627972557,2.486643380868492e-261
2026-08-30 18:45:00-05:00,2.5393716161676694,2.42929294349453,16.355471058487833,14.920780704552943,2.945526102483982e-260
2026-08-30 19:00:00-05:00,2.0822847252574888,1.6753033518715261,18.760623225685208,18.96276114381631,3.4713344420261213e-259
2026-08-30 19:15:00-05:00,1.7074734747111406,2.141182322048046,16.22565453155856,16.962326848040842,4.0701859498768053e-258
2026-08-30 19:30:00-05:00,1.4001282492631353,2.174951011920249,15.766696069793635,17.18836596729503,4.7480606307386216e-257
2026-08-30 19:45:00-05:00,1.148105164395771,0.8599591683188996,14.974018694958936,15.90344128976097,5.510645492951855e-256
2026-08-30 20:00:00-05:00,0.9414462348045322,0.9169574867196697,14.166769958597406,14.233163778912914,6.363160857675293e-255
2026-08-30 20:15:00-05:00,0.7719859125397163,0.6850875338282529,13.987556135255533,14.608369464447936,7.310171114119127e-254
2026-08-30 20:30:00-05:00,0.6330284482825673,0.8919941317796902,12.873187042706181,11.826769731910053,8.355383640886751e-253
2026-08-30 20:45:00-05:00,0.5190833275917052,0.08261141697167873,12.010772025964137,12.493019327526085,9.501440650208043e-252
2026-08-30 21:00:00-05:00,0.4256483286251982,0.32241158332786135,13.05615640187219,13.718384149969676,1.0749709701190313e-250
2026-08-30 21:15:00-05:00,0.9677097754644948,0.518796545414683,11.902932660431487,11.054507875722306,1.2100079514432108e-249
2026-08-30 21:30:00-05:00,0.7935220158808857,0.6404843975284294,11.755790721433923,10.842007032348365,1.3550768445439627e-248
2026-08-30 21:45:00-05:00,0.6506880530223262,0.6679156128223201,12.108580628590591,12.132607976482872,1.5098153480419466e-247
2026-08-30 22:00:00-05:00,0.5335642034783075,1.111471067749013,11.79986211263584,11.590623388536455,1.6736627851097848e-246
2026-08-30 22:15:00-05:00,0.4375226468522121,0.0,10.497628062821025,10.983391562995864,1.845849527957614e-245
2026-08-30 22:30:00-05:00,0.3587685704188139,0.774796544025272,10.918032293231873,11.383936085625972,2.0253908424401308e-244
2026-08-30 22:45:00-05:00,0.29419022774342735,0.5418429475484359,10.719271716148677,9.580913429096206,2.2110858285439995e-243
2026-08-30 23:00:00-05:00,0.24123598674961041,0.0,11.41228090676459,12.645086369963632,2.401522013493864e-242
2026-08-30 23:15:00-05:00,0.19781350913468052,0.4120754922664557,10.25544495574431,11.356161293173574,2.595085999323055e-241
2026-08-30 23:30:00-05:00,0.162207077490438,0.0,11.279168647268527,11.385619583617038,2.78998037977243e-240
2026-08-30 23:45:00-05:00,0.13300980354215916,0.0738385056171957,10.011344981782605,10.811924618989943,2.984246928210033e-239
2026-08-31 00:00:00-05:00,0.10906803890457051,0.27453032782342324,8.517584496191676,8.543275519694049,3.1757958267539755e-238
2026-08-31 00:15:00-05:00,0.08943579190174782,0.0,8.511196071530032,8.335708507811551,3.3624404663242076e-237
2026-08-31 00:30:00-05:00,0.0733373493594332,0.7009324922522346,8.221902859995062,8.604670739025597,3.5419371086955736e-236
2026-08-31 00:45:00-05:00,0.06013662647473522,0.0,7.974435321888588,6.6389283198720666,3.712028476085851e-235
2026-08-31 01:00:00-05:00,0.04931203370928288,0.0,8.67174453023831,8.641780135224982,3.8704901329439675e-234
2026-08-31 01:15:00-05:00,0.04043586764161196,0.564654575383194,8.218728905586762,7.596524384097576,4.015178359313942e-233
2026-08-31 01:30:00-05:00,0.033157411466121806,0.06354664294619128,8.234269826061823,8.156098089703582,4.144078095126726e-232
2026-08-31 01:45:00-05:00,0.027189077402219878,0.0,8.917797999300122,8.605639610959603,4.2553494679801056e-231
2026-08-31 02:00:00-05:00,0.022295043469820298,0.2853146258601631,9.32578558459798,8.486364024574621,4.34737140886962e-230
2026-08-31 02:15:00-05:00,0.018281935645252642,0.09884725564074696,8.221299342015127,8.059911238022785,4.418780913656976e-229
2026-08-31 02:30:00-05:00,0.014991187229107165,0.0,8.926217735407915,8.788061228463672,4.468506622445594e-228
2026-08-31 02:45:00-05:00,0.012292773527867874,0.4910567647314491,9.432946686789128,9.575247232356226,4.495795561049217e-227
2026-08-31 03:00:00-05:00,0.010080074292851656,0.0,9.129744165250443,9.536928563237812,4.500232111763509e-226
2026-08-31 03:15:00-05:00,0.454313241062016,0.6498488054937221,9.446769844296997,9.153255219683862,4.481748545431012e-225
2026-08-31 03:30:00-05:00,0.3725368576708531,0.596989235246967,7.845392543328208,8.102415650925792,4.440626741793281e-224
2026-08-31 03:45:00-05:00,0.3054802232900995,0.6494147256548216,9.96625133314106,10.178380150209994,4.377491037053051e-223
2026-08-31 04:00:00-05:00,0.25049378309788156,0.0,9.154048991377895,8.879348334642067,4.293292452305733e-222
2026-08-31 04:15:00-05:00,0.20540490214026286,0.7111042985938256,10.181392582004012,10.030132517890793,4.189284859653815e-221
2026-08-31 04:30:00-05:00,0.16843201975501554,0.0,9.324843225425639,9.679168658391037,4.066993920792686e-220
2026-08-31 04:45:00-05:00,0.13811425619911274,0.0,10.78883521559159,11.230200858463787,3.9281798732492944e-219
2026-08-31 05:00:00-05:00,0.11325369008327245,0.3722784575531242,9.99787964389387,9.598973715692399,3.7747954321333926e-218
2026-08-31 05:15:00-05:00,0.0928680258682834,1.189454268532542,10.498543822971866,11.111150787498689,3.6089402124986384e-217
2026-08-31 05:30:00-05:00,0.07615178121199238,0.0,11.220049806760217,9.751975441478184,3.432813154578963e-216
2026-08-31 05:45:00-05:00,0.06244446059383375,0.37894643341360823,12.190440582806193,11.90605851436232,3.2486644496424154e-215
2026-08-31 06:00:00-05:00,0.05120445768694368,0.0,13.114691533346512,13.402628780270552,3.058748419600507e-214
2026-08-31 06:15:00-05:00,0.04198765530329381,0.32972294974268074,11.796519112857787,12.381169617390366,2.8652787032544667e-213
2026-08-31 06:30:00-05:00,0.20832188948058397,0.0,12.054980145404988,10.690633647424917,2.670386953209434e-212
2026-08-31 06:45:00-05:00,0.17082394937407885,0.6395952094733981,13.295077747138166,12.284621442385909,2.476086059127471e-211
2026-08-31 07:00:00-05:00,0.14007563848674465,0.9069752173563175,13.566266994532953,14.276561043324685,2.2842386956381168e-210
2026-08-31 07:15:00-05:00,0.11486202355913061,0.0,14.588838928396836,15.009653071256967,2.0965317582885168e-209
2026-08-31 07:30:00-05:00,0.0941868593184871,0.45440316608454234,13.025366879341187,13.336384983223887,1.9144570098182553e-208
2026-08-31 07:45:00-05:00,0.07723322464115942,0.0,14.479234470584244,14.675631456137056,1.7392980228939803e-207
2026-08-31 08:00:00-05:00,0.06333124420575072,0.19605592564476404,14.3667847442928,14.443483200826927,1.5721232841396286e-206
2026-08-31 08:15:00-05:00,0.05193162024871559,0.0,14.474042025404101,14.51319339882774,1.4137851263888568e-205
2026-08-31 08:30:00-05:00,0.04258392860394678,0.7165673349969529,15.27322627497852,15.71464897798418,1.264923988219199e-204
2026-08-31 08:45:00-05:00,0.03491882145523636,0.4284277673949193,15.72418641110258,15.863412578533216,1.1259773666074775e-203
2026-08-31 09:00:00-05:00,0.028633433593293813,0.0,16.157845278547978,16.705499433268063,9.971927325624807e-203
2026-08-31 09:15:00-05:00,0.023479415546500924,0.0,18.127129864534773,17.700667489850424,8.786436212945802e-202
2026-08-31 09:30:00-05:00,0.019253120748130757,0.2182765512862702,16.55040309723809,17.58551380329846,7.702480865663354e-201
2026-08-31 09:45:00-05:00,0.01578755901346722,0.0,17.042099239875036,17.475322823569126,6.717887203442007e-200
2026-08-31 10:00:00-05:00,0.01294579839104312,0.22325771731347738,18.50072354887859,18.21748386600815,5.829334795354104e-199
2026-08-31 10:15:00-05:00,0.010615554680655358,0.0,16.06108882358828,13.849504702693453,5.032566263073403e-198
2026-08-31 10:30:00-05:00,0.008704754838137393,0.4374187293538628,17.3999227711748,16.95848934248902,4.322591715718932e-197
2026-08-31 10:45:00-05:00,0.007137898967272662,0.0,18.910672878179664,17.205998781511724,3.693883068487256e-196
2026-08-31 11:00:00-05:00,0.0058530771531635824,0.0965189215179687,18.51939083403394,16.842454491410912,3.1405541218825565e-195
2026-08-31 11:15:00-05:00,0.004799523265594137,0.27687939917108534,19.620731735880355,19.458237214456194,2.6565233189061773e-194
2026-08-31 11:30:00-05:00,0.003935609077787192,0.0,19.346409746506417,20.440512214182586,2.2356571076456503e-193
2026-08-31 11:45:00-05:00,0.0032271994437854975,0.0,19.32289147565905,18.795141844244487,1.8718927780919067e-192
2026-08-31 12:00:00-05:00,0.24597427822282283,0.0,19.99616701811604,21.075211865957634,1.559340485154841e-191
2026-08-31 12:15:00-05:00,0.2016989081427147,0.0,20.84347746363812,20.406505879662983,1.292364894174759e-190
2026-08-31 12:30:00-05:00,0.16539310467702606,0.9178674893724889,18.846110674569694,18.3629299926213,1.065647478940987e-189
2026-08-31 12:45:00-05:00,0.13562234583516136,0.6319896927822555,19.802901149515524,19.957952570703043,8.74230961362562e-189
2026-08-31 13:00:00-05:00,0.11121032358483231,0.2280259000502598,22.039259068083542,20.44891876801185,7.135477094905883e-188
2026-08-31 13:15:00-05:00,0.09119246533956249,0.7050946806844004,19.53611553149607,20.48818032079932,5.794341150881447e-187
2026-08-31 13:30:00-05:00,0.07477782157844123,0.0,19.476139240198442,20.040056543198485,4.681330661674721e-186
2026-08-31 13:45:00-05:00,0.06131781369432181,0.20454665107323716,19.986132796268834,19.706949117533483,3.7628662946970157e-185
2026-08-31 14:00:00-05:00,0.05028060722934388,0.07850638778219675,20.945092888682105,20.173665282885068,3.0092097990655205e-184
2026-08-31 14:15:00-05:00,0.04123009792806198,0.0,19.616188019529112,19.218110936045363,2.394254760948756e-183
2026-08-31 14:30:00-05:00,0.03380868030101082,0.0,20.279429852867427,19.370362111410774,1.8952760029752432e-182
2026-08-31 14:45:00-05:00,0.027723117846828873,0.0,19.368559816221524,18.582377868872044,1.4926527306557878e-181
2026-08-31 15:00:00-05:00,0.022732956634399674,0.0,20.41215457373261,20.407880273312493,1.1695783152639578e-180
2026-08-31 15:15:00-05:00,0.01864102444020773,0.03270203952101212,20.01024871316721,19.79139268681281,9.117673730248752e-180
2026-08-31 15:30:00-05:00,0.015285640040970338,0.30312371714555686,19.580714063591977,20.155007489445573,7.07168648777555e-179
2026-08-31 15:45:00-05:00,0.012534224833595677,0.0,18.614222252468437,19.346611881892127,5.456902094732522e-178
2026-08-31 16:00:00-05:00,0.5143109212303155,0.6208215731385751,20.090691343869633,20.992272765742403,4.189416482625785e-177
2026-08-31 16:15:00-05:00,0.4217349554088587,0.448830149278417,20.191069450115567,21.273665669820858,3.1999642320479086e-176
2026-08-31 16:30:00-05:00,0.34582266343526413,0.0772631190354901,18.787005159708553,17.429597665928007,2.4317611884746274e-175
2026-08-31 16:45:00-05:00,0.2835745840169166,0.587422019343698,20.217581675784242,20.820664614222647,1.8385732338299764e-174
2026-08-31 17:00:00-05:00,0.2325311588938716,0.0,18.07151274652311,19.23631417609583,1.3830094758143332e-173
2026-08-31 17:15:00-05:00,0.1906755502929747,0.4427652579058733,18.73342009690445,19.233460462906123,1.0350315541387673e-172
2026-08-31 17:30:00-05:00,0.17116603669594613,0.0,18.193205258121818,17.60253745032985,7.706660651088541e-172
2026-08-31 17:45:00-05:00,0.1403561500906758,0.042562425631728185,17.46377469525051,16.966257916750436,5.709040105864101e-171
2026-08-31 18:00:00-05:00,0.11509204307435417,0.0,19.1032721709109,20.611073781986292,4.2076941448268516e-170
2026-08-31 18:15:00-05:00,0.09694553717872259,0.0,16.402986596141194,15.893155743557047,3.0853855781501713e-169
2026-08-31 18:30:00-05:00,0.07949534048655252,0.0,17.068489023677405,16.827362265163107,2.2509141876668057e-168
2026-08-31 18:45:00-05:00,0.06518617919897306,0.22373613645640922,16.228998585365172,14.29203524858194,1.6337764955859806e-167
2026-08-31 19:00:00-05:00,0.0534526669431579,0.6203796052536943,16.23336588810284,16.30520725054515,1.1798058921962365e-166
2026-08-31 19:15:00-05:00,0.043831186893389475,0.0,16.843005619793644,16.926194436132906,8.476424335384301e-166
2026-08-31 19:30:00-05:00,0.035941573252579365,0.0,15.63121935203546,15.599045712723823,6.058973183256686e-165
2026-08-31 19:45:00-05:00,0.029472090067115077,0.0,16.168079499852993,15.452960735645581,4.308931428271755e-164
2026-08-31 20:00:00-05:00,0.024167113855034363,0.0,14.6967903908531,15.726392615013886,3.048767787740447e-163
2026-08-31 20:15:00-05:00,0.019817033361128177,0.0,13.686563604103133,12.664551047305983,2.1461660639276118e-162
2026-08-31 20:30:00-05:00,0.016249967356125106,0.04528831007292654,12.968316667669455,14.674584529720795,1.5030952810197593e-161
2026-08-31 20:45:00-05:00,0.013324973232022586,0.8272685845441496,14.181352084908632,13.966992308968125,1.0473550019483656e-160
2026-08-31 21:00:00-05:00,0.01092647805025852,0.10705195744933371,12.817019982108784,13.01792025146408,7.260817530963466e-160
2026-08-31 21:15:00-05:00,0.008959712001211985,0.47337010231472276,11.855715841149438,11.289422991060357,5.007965706612792e-159
2026-08-31 21:30:00-05:00,0.007346963840993827,0.0,11.647364528565749,11.033189808843682,3.436539828038985e-158
2026-08-31 21:45:00-05:00,0.006024510349614938,0.0,12.46068469902269,13.134235057493402,2.3462032318595777e-157
2026-08-31 22:00:00-05:00,0.004940098486684249,0.22848306976849678,11.044375560738517,9.900024833032182,1.5936541853351264e-156
2026-08-31 22:15:00-05:00,0.004050880759081084,0.0,10.809884505959499,11.060778764005347,1.0769778179679849e-155
2026-08-31 22:30:00-05:00,0.003321722222446489,0.2894346576199624,10.733020822435462,9.898988916515764,7.241084925288253e-155
2026-08-31 22:45:00-05:00,0.002723812222406121,0.0,11.476852109448469,10.668603770083955,4.8437836336547184e-154
2026-08-31 23:00:00-05:00,0.002233526022373019,0.0,10.438089754731157,11.344004685716035,3.223666022005199e-153
2026-08-31 23:15:00-05:00,0.0018314913383458754,0.278834344634603,10.515612717840202,10.877554774688985,2.134516713900761e-152
2026-08-31 23:30:00-05:00,0.0015018228974436178,0.226821871477747,9.858572479917855,10.56907217274446,1.4061553052052261e-151
2026-08-31 23:45:00-05:00,0.0012314947759037664,0.0,9.285834389406197,9.511102111149135,9.216186008823254e-151
2026-09-01 00:00:00-05:00,0.0010098257162410884,0.021912473174257357,9.48495176338586,9.381656202089927,6.009708194285012e-150
2026-09-01 00:15:00-05:00,0.0008280570873176925,0.0,9.571441946880467,9.344576190874502,3.8988789386857773e-149
2026-09-01 00:30:00-05:00,0.0006790068116005077,0.0,10.412781337226857,11.065655776861242,2.5165776058626198e-148
2026-09-01 00:45:00-05:00,0.0005567855855124163,0.0,7.8901708764025535,9.358987445556016,1.616088413820251e-147
2026-09-01 01:00:00-05:00,0.0004565641801201813,0.10137213450732901,9.884125246007377,9.280801099383817,1.0325334205136516e-146
2026-09-01 01:15:00-05:00,0.00037438262769854866,0.0,9.50114190862868,9.063194089037239,6.563376689549231e-146
2026-09-01 01:30:00-05:00,0.0003069937547128099,0.9239468893271607,9.22251864311479,10.081118684249793,4.150828163866105e-145
2026-09-01 01:45:00-05:00,0.0002517348788645041,0.07974439150689223,8.879399884762648,9.912772761415425,2.611718655134353e-144
2026-09-01 02:00:00-05:00,0.00020642260066889336,0.0,7.948988850657954,8.24791803816627,1.6349415813647976e-143
2026-09-01 02:15:00-05:00,0.00016926653254849256,0.0,10.06207318087071,11.67591760819617,1.0182684770993233e-142
2026-09-01 02:30:00-05:00,0.00013879855668976387,0.0,7.6489471230510375,8.69528901173933,6.3096689141609595e-142
2026-09-01 02:45:00-05:00,0.00011381481648560637,0.5955975066289622,9.316955646109248,9.912990087921019,3.8898697087735025e-141
2026-09-01 03:00:00-05:00,9.332814951819722e-05,0.05465489735428349,9.270046211470586,10.308755690310761,2.3858753507783734e-140
2026-09-01 03:15:00-05:00,7.652908260492172e-05,0.0,9.924839276851714,10.68434389119571,1.4559439552854387e-139
2026-09-01 03:30:00-05:00,1.1514932557627355,1.2322422462781861,9.181502024342892,8.695854184750281,8.83946085340701e-139
2026-09-01 03:45:00-05:00,0.944224469725443,2.0717877361525545,10.114264205208178,9.319874009701989,5.33938341055463e-138
2026-09-01 04:00:00-05:00,0.7775758343633767,1.0050204594265923,10.589191975999402,10.626609030350743,3.2087852350234136e-137
2026-09-01 04:15:00-05:00,0.6376121841779688,0.7251041264763816,9.32550024279617,8.803075882639755,1.918555668934785e-136
2026-09-01 04:30:00-05:00,0.5228419910259344,0.3558168407316994,9.875870221244595,9.78301358919486,1.141280433634805e-135
2026-09-01 04:45:00-05:00,0.4287304326412662,1.1537330279038467,11.514534958414986,9.963245152998168,6.754520902268073e-135
2026-09-01 05:00:00-05:00,0.35155895476583826,0.5976898584179025,10.372583440403979,8.48823087480817,3.977232138084307e-134
2026-09-01 05:15:00-05:00,0.2882783429079874,1.3751372335431167,10.414803198074393,11.248450431174419,2.3299765066281925e-133
2026-09-01 05:30:00-05:00,0.23638824118454962,0.0,11.554232374577632,10.783652944359295,1.3580205934722844e-132
2026-09-01 05:45:00-05:00,0.19383835777133068,0.0,12.027840834401035,11.669808514091395,7.874906052551765e-132
2026-09-01 06:00:00-05:00,0.15894745337249114,0.0,11.349423362267945,11.611427388577843,4.543270750163927e-131
2026-09-01 06:15:00-05:00,0.45121062648816646,0.9275360423780004,11.8922826316206,11.94654841534833,2.6078107306250814e-130
2026-09-01 06:30:00-05:00,0.36999271372029646,1.0538138101319607,11.333490655973575,12.288826194133755,1.489250412630401e-129
2026-09-01 06:45:00-05:00,0.3033940252506431,0.9641164834814828,12.986666168614816,12.888817800482183,8.461426805739277e-129
2026-09-01 07:00:00-05:00,0.2487831007055273,0.0,13.07037558439764,13.696802710059536,4.78303640837775e-128
2026-09-01 07:15:00-05:00,0.20400214257853239,0.18112552288665604,13.130930944433052,13.15211536345915,2.6899733864174803e-127
2026-09-01 07:30:00-05:00,0.16728175691439653,0.0,13.694395788021428,14.338988420345508,1.5051385933353214e-126
2026-09-01 07:45:00-05:00,0.13717104066980515,0.0,13.667763592858305,13.64775126200232,8.378942533819369e-126
2026-09-01 08:00:00-05:00,0.11248025334924022,0.0,15.17947085978821,14.628601958915683,4.640728313947057e-125
2026-09-01 08:15:00-05:00,1.279264017882888,1.1284980355362881,15.253066755053442,14.880744966169235,2.557215262156649e-124
2026-09-01 08:30:00-05:00,1.048996494663968,0.9537157529532607,15.344159299521577,15.414370536332212,1.4019503824701476e-123
2026-09-01 08:45:00-05:00,0.8601771256244537,0.5600009183067218,14.991600745058067,15.690566945053702,7.64684365728965e-123
2026-09-01 09:00:00-05:00,0.705345243012052,0.6739655532528162,16.414831732342527,16.313815874756582,4.149693211200496e-122
2026-09-01 09:15:00-05:00,0.5783830992698826,1.1875511697104182,15.680922579383909,15.278989516808839,2.240443423733423e-121
2026-09-01 09:30:00-05:00,0.47427414140130375,0.4101761736117326,15.722043382296382,15.159909006393287,1.2034725377003785e-120
2026-09-01 09:45:00-05:00,0.38890479594906907,0.5754852249836335,16.27295487286713,16.326000604656574,6.43165291016526e-120
2026-09-01 10:00:00-05:00,0.31890193267823663,0.4144429010789197,17.620438159869778,17.554687669592518,3.4197410840879895e-119
2026-09-01 10:15:00-05:00,0.26149958479615404,0.1653296172119611,18.43606555201477,17.09564276292005,1.80903956131804e-118
2026-09-01 10:30:00-05:00,0.2144296595328463,0.09825862432983859,16.987637858324295,17.108581471652958,9.521099740127692e-118
2026-09-01 10:45:00-05:00,0.17583232081693395,0.7934337401587264,18.343376369487064,18.888320995541118,4.985519013086575e-117
2026-09-01 11:00:00-05:00,0.14418250306988584,0.0,17.5811709552341,16.721713317341624,2.5972744949761855e-116
2026-09-01 11:15:00-05:00,0.11822965251730638,0.0,19.693691626127908,20.28321918699159,1.3461998461573202e-115
2026-09-01 11:30:00-05:00,0.09694831506419123,0.3926345002760546,19.601260943927628,19.808016421128915,6.942013185124534e-115
2026-09-01 11:45:00-05:00,0.0794976183526368,0.0,19.436211702072566,19.63661534739864,3.56160328844014e-114
2026-09-01 12:00:00-05:00,0.06518804704916217,0.0,19.692226030980876,20.251561939129495,1.8179831971579e-113
2026-09-01 12:15:00-05:00,0.05345419858031298,0.1779157235269687,20.128898501243885,19.397920593650085,9.232480477719664e-113
2026-09-01 12:30:00-05:00,0.04383244283585664,0.21665048680196317,20.452266847851327,20.209156869569956,4.664779747763144e-112
2026-09-01 12:45:00-05:00,0.03594260312540244,0.0,19.629266732993564,18.859194579690474,2.3449203719285018e-111
2026-09-01 13:00:00-05:00,0.02947293456283,0.0,20.780276906213114,21.73579726858655,1.172760333284856e-110
2026-09-01 13:15:00-05:00,0.0241678063415206,0.0,20.722340889692834,20.67103291873684,5.835453982650867e-110
2026-09-01 13:30:00-05:00,0.01981760120004689,0.0,20.005142009446782,20.686231434162757,2.888845002143109e-109
2026-09-01 13:45:00-05:00,0.01625043298403845,0.7298813085801479,22.09480379203806,22.768032817927658,1.4228464836636068e-108
2026-09-01 14:00:00-05:00,0.013325355046911529,0.0,20.063314443509388,19.732444982011874,6.972299926133918e-108
2026-09-01 14:15:00-05:00,0.010926791138467453,0.321268130751475,20.28544916817943,20.030246721383328,3.3992122917151355e-107
2026-09-01 14:30:00-05:00,0.00895996873354331,0.0,20.792822810314735,20.25410173328063,1.648787658675889e-106
2026-09-01 14:45:00-05:00,0.007347174361505514,0.40897078068768034,18.01861766412131,17.768021610612408,7.9567438919514e-106
2026-09-01 15:00:00-05:00,0.006024682976434521,0.0,20.38178938927087,20.92699984360069,3.82023643772405e-105
2026-09-01 15:15:00-05:00,0.004940240040676307,0.0,20.903666636835236,20.273683955546552,1.8248590161125663e-104
2026-09-01 15:30:00-05:00,0.004050996833354571,0.26315656284333633,19.388069227698605,19.055293706047877,8.672665664815464e-104
2026-09-01 15:45:00-05:00,0.0033218174033507485,0.0,19.596823699922812,18.117885018876123,4.1007198750165366e-103
2026-09-01 16:00:00-05:00,0.0027238902707476136,0.0,19.816360848625326,21.786953509988727,1.929086996790459e-102
2026-09-01 16:15:00-05:00,0.002233590022013043,0.06183379080738219,19.330543697612907,19.3643621224759,9.028752247141233e-102
2026-09-01 16:30:00-05:00,0.0018315438180506953,0.31510296307408636,17.327170614834447,17.517195821241828,4.204243584226447e-101
2026-09-01 16:45:00-05:00,0.00150186593080157,0.2064918582386898,18.93044479005138,19.03812858437914,1.947745528909716e-100
2026-09-01 17:00:00-05:00,0.0012315300632572872,0.0,19.015608793942903,18.333449488219458,8.977610801728255e-100
2026-09-01 17:15:00-05:00,1.1333572423888598,0.6834247911564837,17.590129933320544,18.42372798978558,4.1169305759937375e-99
2026-09-01 17:30:00-05:00,0.929352938758865,0.4463726475948769,17.563038708282523,19.411074734194514,1.878324074899672e-98
2026-09-01 17:45:00-05:00,0.7620694097822693,1.8077028556492032,17.116419098357486,17.520650841755767,8.526125447719208e-98
2026-09-01 18:00:00-05:00,0.6248969160214608,0.5002015289169085,16.07714368523932,16.863609945837286,3.850499961560738e-97
2026-09-01 18:15:00-05:00,0.5124154711375978,0.0,17.47365513301737,17.41141164720952,1.73008220968259e-96
2026-09-01 18:30:00-05:00,0.4201806863328302,0.676873322312797,17.1899425623577,17.542204826900726,7.73393591506653e-96
2026-09-01 18:45:00-05:00,0.3445481627929207,0.4009457684417672,17.47386857864585,17.06811101924678,3.439684502541066e-95
2026-09-01 19:00:00-05:00,0.28252949349019496,1.0623654764544095,15.93521166824151,17.442945225695514,1.52202176220983e-94
2026-09-01 19:15:00-05:00,0.23167418466195985,0.0,14.231258349457864,14.278852262235233,6.700501771823613e-94
2026-09-01 19:30:00-05:00,0.18997283142280708,0.37789196044081347,13.899038357797144,11.752312736738848,2.9347965674143774e-93
2026-09-01 19:45:00-05:00,0.1557777217667018,0.16203794749770298,14.079256210990431,12.758960575052988,1.2788891131557818e-92
2026-09-01 20:00:00-05:00,0.12773773184869547,0.5947197992847372,14.881283665374983,14.946796695602389,5.544622590477945e-92
2026-09-01 20:15:00-05:00,0.10474494011593027,0.3616557986359841,15.592737750162229,15.141967078498883,2.391637209546364e-91
2026-09-01 20:30:00-05:00,0.8288784489925287,1.204958722668634,12.751612112320961,12.544586528884816,1.0263673426101421e-90
2026-09-01 20:45:00-05:00,0.6796803281738735,0.5933046744647921,13.26978168220346,14.230844801204556,4.382223871031888e-90
2026-09-01 21:00:00-05:00,0.5573378691025762,0.335068117241794,13.51646020316558,14.837576989984747,1.86153200458234e-89
2026-09-01 21:15:00-05:00,0.45701705266411247,0.3026169863692195,12.824068973824467,11.31803770380827,7.867389759302093e-89
2026-09-01 21:30:00-05:00,0.3747539831845722,0.044547042265492665,11.589230426726719,10.797989386903764,3.3080726356614194e-88
2026-09-01 21:45:00-05:00,0.3072982662113492,0.0,11.219656361718007,11.19559123155212,1.3838965267367376e-87
2026-09-01 22:00:00-05:00,0.25198457829330634,0.0,11.137059975689857,11.395087752516615,5.7599194984423e-87
2026-09-01 22:15:00-05:00,0.20662735420051118,0.0,11.317940311060374,11.765229927846674,2.3851374960120603e-86
2026-09-01 22:30:00-05:00,0.16943443044441917,1.078020283790128,9.859023584920097,10.854299159857602,9.826404503302809e-86
2026-09-01 22:45:00-05:00,0.1389362329644237,0.0,10.578019650867816,10.869471592929406,4.0277273836834235e-85
2026-09-01 23:00:00-05:00,0.11392771103082742,0.18738780100924593,9.99512344087192,10.817381780767374,1.6425163803667197e-84
2026-09-01 23:15:00-05:00,0.09342072304527849,0.019188824580544203,10.225598136230467,10.092138637349445,6.6641315711162775e-84
2026-09-01 23:30:00-05:00,0.07660499289712835,1.1007631579420387,11.380746006970318,12.084114789916836,2.6900579025827697e-83
2026-09-01 23:45:00-05:00,0.06281609417564525,0.1006734617934854,8.256660243610655,7.851667448612289,1.0803485796120768e-82
2026-09-02 00:00:00-05:00,1.137908987040339,1.2408072780938264,9.198023465699098,9.5382366664356,4.3166853583742584e-82
2026-09-02 00:15:00-05:00,0.9330853693730778,0.6587842082115867,9.032345698359764,7.07238162272659,1.7160150602825335e-81
2026-09-02 00:30:00-05:00,2.2159557208841454,2.7073544357778636,9.799902871938034,9.97515392043317,6.786971221104406e-81
2026-09-02 00:45:00-05:00,1.817083691124999,1.997619425928862,9.231138418572398,9.105052063324095,2.6706386634576214e-80
2026-09-02 01:00:00-05:00,1.490008626722499,1.7631270835533235,8.49433146880287,9.820552941702655,1.0455347415929044e-79
2026-09-02 01:15:00-05:00,1.2218070739124491,1.5141583559718814,9.387142930692411,8.433865802615559,4.0723586257611754e-79
2026-09-02 01:30:00-05:00,1.0018818006082082,0.4746857191219921,9.260144379752106,9.883691360057375,1.5781118334245974e-78
2026-09-02 01:45:00-05:00,0.8215430764987307,0.4730926607803323,8.80692892804415,9.121371705601266,6.084343827454914e-78
2026-09-02 02:00:00-05:00,0.6736653227289592,0.8270430548779695,9.118584137352022,9.144201813225202,2.333855330168692e-77
2026-09-02 02:15:00-05:00,0.5524055646377465,0.1392471990813839,7.846327662447131,8.033922241059722,8.906730817894417e-77
2026-09-02 02:30:00-05:00,0.4529725630029521,0.7008386274427758,9.225144840311502,10.514563876311984,3.381792326486348e-76
2026-09-02 02:45:00-05:00,0.3714375016624207,0.0,9.003508287556684,9.044958933494035,1.2774966013702579e-75
2026-09-02 03:00:00-05:00,0.30457875136318496,0.41530155190570506,8.810301632961322,10.058127554681123,4.801277241771782e-75
2026-09-02 03:15:00-05:00,0.24975457611781166,0.6725907071572199,9.28026435201379,9.520938411909706,1.795304117857733e-74
2026-09-02 03:30:00-05:00,0.20479875241660556,0.5250249662749528,9.532698142357713,9.60040885632687,6.67887755528502e-74
2026-09-02 03:45:00-05:00,0.16793497698161655,0.7557902736532055,9.383437449780734,9.285881185039303,2.472026647270695e-73
2026-09-02 04:00:00-05:00,0.13770668112492557,0.0,10.124781922754554,10.259167410742759,9.103052053158551e-73
2026-09-02 04:15:00-05:00,0.11291947852243896,0.0,9.940083094616712,11.487996149458084,3.335071246841251e-72
2026-09-02 04:30:00-05:00,0.09259397238839993,0.19964509655382026,10.220550064631912,11.96942535493468,1.2156468189992763e-71
2026-09-02 04:45:00-05:00,0.07592705735848794,0.5851199707418842,11.196454835100196,10.851233489793353,4.408531331463226e-71
2026-09-02 05:00:00-05:00,0.06226018703396011,0.27721275681266055,11.189714465956804,10.366520573304486,1.590613474583908e-70
2026-09-02 05:15:00-05:00,0.05105335336784728,0.0,10.367121045926007,10.307902757718237,5.7097828854386974e-70
2026-09-02 05:30:00-05:00,0.06100148081338421,0.0,12.4514849995712,13.403788552486922,2.0391949345902206e-69
2026-09-02 05:45:00-05:00,0.05002121426697505,0.08503144269767876,12.750649408177349,12.645737733481935,7.245729297705032e-69
2026-09-02 06:00:00-05:00,0.04101739569891954,0.4855797287568617,10.696178125606997,10.409275340167214,2.5614723809425083e-68
2026-09-02 06:15:00-05:00,0.03363426447311402,0.4922028695318931,12.333538519728378,11.38340251097705,9.009101131255796e-68
2026-09-02 06:30:00-05:00,0.027580096867953492,0.12373639248201326,12.558440678130879,12.648879604393272,3.1525171551450254e-67
2026-09-02 06:45:00-05:00,0.022615679431721863,0.20028366210796486,12.339878896788685,11.485830228684748,1.0975332012289679e-66
2026-09-02 07:00:00-05:00,0.018544857134011928,0.1780279981380152,12.77238238551918,14.643604421926828,3.801562080096762e-66
2026-09-02 07:15:00-05:00,0.01520678284988978,0.08696155437201121,11.773994096909215,12.113258806374716,1.3100585893918014e-65
2026-09-02 07:30:00-05:00,0.01246956193690962,0.17569274673765609,12.483121505437103,11.435507322731407,4.491625747569334e-65
2026-09-02 07:45:00-05:00,0.010225040788265888,0.2806895014323424,14.413745289706117,13.67486601822403,1.5321476461019924e-64
2026-09-02 08:00:00-05:00,0.008384533446378028,0.14842384437540565,14.024091135583173,15.623231003739374,5.1997430813027254e-64
2026-09-02 08:15:00-05:00,0.006875317426029983,0.0,14.008983178840952,14.476530144191635,1.7556880978548265e-63
2026-09-02 08:30:00-05:00,0.005637760289344585,0.0,14.743627581927468,16.182825632332055,5.897895264891074e-63
2026-09-02 08:45:00-05:00,0.004622963437262559,0.40373863389322034,15.344281211842887,15.388883867182537,1.9712012186209248e-62
2026-09-02 09:00:00-05:00,0.0037908300185552986,0.19058792081623968,16.021675566474187,15.849121895859314,6.554643467507025e-62
2026-09-02 09:15:00-05:00,0.0031084806152153447,0.0,15.658013233984121,17.09100720433827,2.1684599242258284e-61
2026-09-02 09:30:00-05:00,0.0025489541044765823,0.26299570531939853,16.882913034114797,17.929265345083042,7.13736552276676e-61
2026-09-02 09:45:00-05:00,0.002090142365670797,0.6446376911280262,17.032067815981062,17.97633079229881,2.3372689459978842e-60
2026-09-02 10:00:00-05:00,0.0017139167398500536,0.0,15.946831925547572,15.066662332276204,7.61489029373637e-60
2026-09-02 10:15:00-05:00,0.001405411726677044,0.0,16.706254491679253,16.783446747691116,2.4683277444413964e-59
2026-09-02 10:30:00-05:00,0.001152437615875176,0.0,18.376339099861653,17.937487230539762,7.960240891573531e-59
2026-09-02 10:45:00-05:00,0.0009449988450176442,0.0,17.99219775292601,17.576198871133457,2.5540759521987887e-58
2026-09-02 11:00:00-05:00,0.0007748990529144683,0.0,20.400579018716098,19.319512483111293,8.153153471306714e-58
2026-09-02 11:15:00-05:00,0.000635417223389864,0.25948618263773227,20.01402907223889,21.445156802955616,2.5894148752945026e-57
2026-09-02 11:30:00-05:00,0.0005210421231796884,0.8769994263860049,19.494716011163536,18.970837550396173,8.182045147484726e-57
2026-09-02 11:45:00-05:00,0.0004272545410073445,0.19638159525211146,18.821235730521927,18.477186024043046,2.572209372642415e-56
2026-09-02 12:00:00-05:00,0.0003503487236260225,0.09428324531556231,19.35152450676163,19.127891332013004,8.045165323803375e-56
2026-09-02 12:15:00-05:00,0.0002872859533733384,0.0,20.32715794190141,20.535857932322518,2.5035014168969757e-55
2026-09-02 12:30:00-05:00,0.00023557448176613749,0.0,19.465675624902552,18.789642351734276,7.75077128896761e-55
2026-09-02 12:45:00-05:00,0.00019317107504823272,0.4711049938591259,20.03510866248919,19.575670215786694,2.38740563163885e-54
2026-09-02 13:00:00-05:00,0.00015840028153955082,0.1791525999004945,20.276744261860088,20.889463581357163,7.316303585412202e-54
2026-09-02 13:15:00-05:00,0.00012988823086243167,0.0,19.976599847965,19.67945133398695,2.2307013686972924e-53
2026-09-02 13:30:00-05:00,0.00010650834930719396,0.3397928496925749,20.213107309736735,19.847657207993905,6.766675675168404e-53
2026-09-02 13:45:00-05:00,8.733684643189904e-05,0.5018018687796295,18.807122034600674,18.82666332371025,2.0421775650976096e-52
2026-09-02 14:00:00-05:00,7.16162140741572e-05,0.0,19.836035217439182,18.55861334700084,6.1319111316152334e-52
2026-09-02 14:15:00-05:00,5.8725295540808905e-05,0.0,19.879078750155088,19.909907456152148,1.831818392215517e-51
2026-09-02 14:30:00-05:00,4.81547423434633e-05,0.04593205323318565,20.544376767733937,20.982626534653406,5.444439674910397e-51
2026-09-02 14:45:00-05:00,3.94868887216399e-05,0.0,19.80760851445311,20.16720838283871,1.609934387744941e-50
2026-09-02 15:00:00-05:00,3.237924875174472e-05,0.0,19.86508785167096,21.65843389271457,4.736389127089479e-50
2026-09-02 15:15:00-05:00,2.6550983976430664e-05,0.20257744397737198,19.999881357783238,20.34514032156889,1.3863432936411706e-49
2026-09-02 15:30:00-05:00,2.1771806860673143e-05,0.15825238366369107,19.413724555085953,18.230747326995797,4.0371827424040704e-49
2026-09-02 15:45:00-05:00,1.7852881625751974e-05,0.2759685151410255,19.93806949273681,21.07116991348775,1.1696885595292321e-48
2026-09-02 16:00:00-05:00,1.4639362933116618e-05,0.0,19.082340189371216,18.689337826860232,3.371679520748282e-48
2026-09-02 16:15:00-05:00,1.2004277605155627e-05,0.0,19.369401979655922,20.221026430643054,9.669556287074313e-48
2026-09-02 16:30:00-05:00,9.843507636227613e-06,0.0,19.729230786180338,19.780645018686535,2.7589956474706365e-47
2026-09-02 16:45:00-05:00,8.071676261706642e-06,0.0,18.737455544212658,18.154806416057966,7.832126561204478e-47
2026-09-02 17:00:00-05:00,6.618774534599446e-06,0.0,17.788352200939617,16.75745017217165,2.2120380336009962e-46
2026-09-02 17:15:00-05:00,5.427395118371545e-06,0.6400371284272484,18.048516005532605,17.18816661526538,6.215694988157596e-46
2026-09-02 17:30:00-05:00,4.4504639970646665e-06,0.0,17.259286735882572,18.85141802192381,1.7376848382546325e-45
2026-09-02 17:45:00-05:00,3.6493804775930264e-06,0.41158034803549304,17.469561957814104,17.078071704140584,4.8332197389761457e-45
2026-09-02 18:00:00-05:00,2.9924919916262813e-06,0.41323626185125967,17.616180727048476,17.782255597019667,1.3374768725198048e-44
2026-09-02 18:15:00-05:00,2.4538434331335504e-06,0.0,16.37722742085101,15.359181419905335,3.682309033266232e-44
2026-09-02 18:30:00-05:00,2.012151615169511e-06,0.4162271581828874,17.002033887069768,16.814888364341595,1.008645133515124e-43
2026-09-02 18:45:00-05:00,1.649964324438999e-06,0.3332289734831619,16.88709809183205,16.519409403857953,2.7487850079102147e-43
2026-09-02 19:00:00-05:00,1.352970746039979e-06,0.09377784267833188,15.677223972098636,14.481811179314978,7.452935475456646e-43
2026-09-02 19:15:00-05:00,1.1094360117527827e-06,0.0,15.878477132562265,15.698441204117511,2.0104726106666922e-42
2026-09-02 19:30:00-05:00,9.097375296372818e-07,0.0,16.318309353897625,17.68122214014956,5.395766810050939e-42
2026-09-02 19:45:00-05:00,7.45984774302571e-07,0.0,15.075379201015396,14.046540333615193,1.4407624984028882e-41
2026-09-02 20:00:00-05:00,6.117075149281082e-07,0.014302012227053199,14.174165139970603,14.226385238373519,3.827505565197045e-41
2026-09-02 20:15:00-05:00,5.016001622410487e-07,0.010350843730574003,13.430411439243944,12.848696370338729,1.0116341413217519e-40
2026-09-02 20:30:00-05:00,4.113121330376599e-07,0.258365218619006,13.573984643079406,14.343552083207639,2.6602064159439866e-40
2026-09-02 20:45:00-05:00,3.3727594909088106e-07,0.0,13.314571830984157,14.051139095994852,6.9597142233467265e-40
2026-09-02 21:00:00-05:00,2.7656627825452243e-07,0.0,13.415092686500213,13.611490465324495,1.8115556906294863e-39
2026-09-02 21:15:00-05:00,2.267843481687084e-07,0.0,11.782120243465917,12.347558030630417,4.6913321655442415e-39
2026-09-02 21:30:00-05:00,1.8596316549834087e-07,0.17887520502501705,12.58736030405616,12.447648540203101,1.2087177226969668e-38
2026-09-02 21:45:00-05:00,1.524897957086395e-07,0.0558240118665002,12.664022416364737,11.728042383385915,3.0984023107250956e-38
2026-09-02 22:00:00-05:00,1.2504163248108438e-07,0.7142080712065187,11.815105079289047,12.27332817588835,7.901962013635969e-38
2026-09-02 22:15:00-05:00,1.0253413863448919e-07,0.0,10.03426125987006,10.184843206974106,2.005008781961654e-37
2026-09-02 22:30:00-05:00,8.407799368028113e-08,0.0,10.805328186209733,11.376470776082272,5.061530201485055e-37
2026-09-02 22:45:00-05:00,6.894395481783052e-08,0.18421262121778587,10.436811873012491,11.10508571077041,1.2712518495623039e-36
2026-09-02 23:00:00-05:00,5.653404295062103e-08,0.2711677670616141,8.841659737882267,9.06891713021409,3.176622259808785e-36
2026-09-02 23:15:00-05:00,4.6357915219509243e-08,0.0,10.118773073797136,8.848075033725413,7.897393241105485e-36
2026-09-02 23:30:00-05:00,3.801349047999758e-08,0.0,10.36383795478151,9.822325322329794,1.9533774254942386e-35
2026-09-02 23:45:00-05:00,3.117106219359801e-08,0.08429452201805125,9.380810142797554,9.524227827981077,4.8069851108908345e-35
2026-09-03 00:00:00-05:00,2.5560270998750367e-08,0.04239584499443932,8.948944781903743,9.375206757064669,1.1769109439216723e-34
2026-09-03 00:15:00-05:00,2.09594222189753e-08,0.06185967320883209,8.784636387025458,7.704980448995906,2.866808196505118e-34
2026-09-03 00:30:00-05:00,1.7186726219559743e-08,0.0,9.567613514829238,8.183861897229988,6.947649256445515e-34
2026-09-03 00:45:00-05:00,1.4093115500038988e-08,0.2615010679914785,9.59138335268271,10.432305702213114,1.675179483226421e-33
2026-09-03 01:00:00-05:00,1.1556354710031969e-08,0.0,8.836918665770304,8.792374453371847,4.018546675272489e-33
2026-09-03 01:15:00-05:00,9.476210862226214e-09,0.0071309248541698775,9.234065537116157,9.43027077485148,9.590933957937736e-33
2026-09-03 01:30:00-05:00,7.770492907025496e-09,0.0,10.658335751081587,11.088649104021549,2.2773878315747428e-32
2026-09-03 01:45:00-05:00,6.371804183760906e-09,0.255888445750351,9.484947920566908,8.646619788280315,5.380186160021138e-32
2026-09-03 02:00:00-05:00,5.224879430683943e-09,0.2598705727861376,8.301590423949005,8.745425707808694,1.2645669348193897e-31
2026-09-03 02:15:00-05:00,4.284401133160833e-09,0.0,9.37984477196934,9.29127488447268,2.9571309228849386e-31
2026-09-03 02:30:00-05:00,0.6398853098191472,0.051022321735163634,7.690783032711612,7.5542073823839955,6.879921696587355e-31
2026-09-03 02:45:00-05:00,0.5247059540517006,0.011703050144019289,9.110310329184644,7.904715171271823,1.5925044325675107e-30
2026-09-03 03:00:00-05:00,0.43025888232239445,0.5233885378496899,9.61673735999644,8.16413568138926,3.6674315441716016e-30
2026-09-03 03:15:00-05:00,0.35281228350436344,0.6296182030759587,9.097657908790211,9.470072101102378,8.402869023783761e-30
2026-09-03 03:30:00-05:00,0.289306072473578,0.516920262011901,8.222246063896037,8.581265900774179,1.915478951967148e-29
2026-09-03 03:45:00-05:00,0.23723097942833393,0.38990187340785465,9.697835663461175,9.153193550721705,4.344215751056343e-29
2026-09-03 04:00:00-05:00,0.19452940313123382,0.4861163922841293,10.28610672571791,10.12811418607934,9.802336327724741e-29
2026-09-03 04:15:00-05:00,0.6357273789184168,0.248111347969309,10.037816419876934,9.816878444734352,2.2005539727138003e-28
2026-09-03 04:30:00-05:00,1.0227397513336505,0.6585168259824736,9.081297360373203,9.653322872833577,4.914944998596389e-28
2026-09-03 04:45:00-05:00,0.8386465960935934,1.40557907442534,10.046258046837341,8.427437378281086,1.0921681596035016e-27
2026-09-03 05:00:00-05:00,0.6876902087967466,0.0,10.992662410931727,10.776004267247892,2.4145965297409097e-27
2026-09-03 05:15:00-05:00,0.5639059712133322,0.4355284979328102,11.151670908667114,11.015282826115875,5.311092249679095e-27
2026-09-03 05:30:00-05:00,0.4624028963949324,1.258582162994455,10.401806392011437,11.252688594151453,1.1622708062775413e-26
2026-09-03 05:45:00-05:00,0.37917037504384454,0.879614977006625,11.330317321079312,11.033180343718504,2.5305506003057163e-26
2026-09-03 06:00:00-05:00,0.3109197075359525,0.3344386317352395,11.926644850930979,12.391530605130336,5.481594859176527e-26
2026-09-03 06:15:00-05:00,0.254954160179481,0.07520195090677612,11.210650480856902,10.998539946801245,1.1813621547958673e-25
2026-09-03 06:30:00-05:00,0.20906241134717443,0.5568730924097751,11.262177546439334,11.565024037895187,2.5330478037310278e-25
2026-09-03 06:45:00-05:00,0.17143117730468302,0.9086502555041789,12.306081955576989,12.180014766134464,5.403658933763948e-25
2026-09-03 07:00:00-05:00,0.14057356538984006,0.0,11.685967447040678,12.43821786893372,1.146876582225596e-24
2026-09-03 07:15:00-05:00,0.11527032361966884,0.1124099289328396,13.571773978156791,13.967205035622143,2.421751918328453e-24
2026-09-03 07:30:00-05:00,0.09452166536812844,0.34734354993700717,12.85378706715223,14.093829386617088,5.0877625190038625e-24
2026-09-03 07:45:00-05:00,0.07750776560186531,0.7807438695916641,13.79041743934806,12.910027139765797,1.0634283220172545e-23
2026-09-03 08:00:00-05:00,0.06355636779352955,0.0,12.839960374383223,11.967845946035597,2.211433200453597e-23
2026-09-03 08:15:00-05:00,0.05211622159069423,1.044066178873707,15.34522549173396,14.486871196409682,4.5753428172800527e-23
2026-09-03 08:30:00-05:00,0.3083888936516106,1.36126935686193,15.078941104698297,13.92848017248323,9.417977889837627e-23
2026-09-03 08:45:00-05:00,0.5703427782706978,1.0147368640463283,15.15027599963955,13.675914237574565,1.9287498479639178e-22
2026-09-03 09:00:00-05:00,0.4676810781819722,0.7105080149014652,16.352122502481027,17.416319523972597,3.9298715455902964e-22
2026-09-03 09:15:00-05:00,0.38349848410921716,0.18879988654171925,17.485112737804272,17.252178456032976,7.966453342412253e-22
2026-09-03 09:30:00-05:00,0.31446875696955806,0.46136380603289645,15.897997996498137,15.934351312711469,1.606704058515628e-21
2026-09-03 09:45:00-05:00,0.2578643807150376,0.6135344099119195,17.20498255243761,17.261361448183948,3.2239698842499378e-21
2026-09-03 10:00:00-05:00,1.4935940525968943,1.4789848864861042,17.17659206797932,17.41740236570685,6.436211007521448e-21
2026-09-03 10:15:00-05:00,1.2247471231294533,1.5937828811113797,17.568303816468188,18.325505963766776,1.2783617954225444e-20
2026-09-03 10:30:00-05:00,1.0042926409661517,0.8721178754482481,18.298379550020353,17.736474492258125,2.5261637809256925e-20
2026-09-03 10:45:00-05:00,0.8235199655922443,1.1638686219754872,17.993716543997948,19.04739149786343,4.966534275776854e-20
2026-09-03 11:00:00-05:00,0.6752863717856402,0.5374835769674792,18.591870103754808,17.034486356460118,9.714704207640061e-20
2026-09-03 11:15:00-05:00,0.553734824864225,0.7032607431663029,17.792531190208045,17.022369790873967,1.890557707597012e-19
2026-09-03 11:30:00-05:00,0.45406255638866444,0.27877025713975323,20.232286651004554,21.19541153407301,3.6604502341475215e-19
2026-09-03 11:45:00-05:00,0.3723312962387048,0.42763794947791706,18.691530142161955,18.312988796575898,7.051204120964673e-19
2026-09-03 12:00:00-05:00,0.3053116629157379,0.28474240896396547,19.71957627335123,19.601533453909248,1.3513762405583902e-18
2026-09-03 12:15:00-05:00,0.25035556359090505,0.0632802131205932,20.63116871064961,20.65697651634303,2.576757109154981e-18
2026-09-03 12:30:00-05:00,0.20529156214454214,0.33390845383528334,20.356217643529213,20.91977009510154,4.888266767300877e-18
2026-09-03 12:45:00-05:00,0.16833908095852454,0.9529756041421389,19.327319207904974,18.753545044592876,9.226150318955515e-18
2026-09-03 13:00:00-05:00,0.13803804638599013,0.32678381454089866,19.169707045976782,20.437170232798348,1.732488519998939e-17
2026-09-03 13:15:00-05:00,0.1131911980365119,0.0,20.39914105130542,19.61546877740623,3.236714673785798e-17
2026-09-03 13:30:00-05:00,0.5152220670484298,0.6634034954006512,19.85265471465508,19.259446369445488,6.016205740688531e-17
2026-09-03 13:45:00-05:00,0.4224820949797124,0.7774943902162749,20.196332363189853,18.450632231385214,1.1125643881294176e-16
2026-09-03 14:00:00-05:00,0.3464353178833641,1.2309944988739554,19.11023195429331,18.93904759517431,2.0469717131642043e-16
2026-09-03 14:15:00-05:00,0.28407696066435856,0.0,20.368247767593665,20.276353925802105,3.7469917746990644e-16
2026-09-03 14:30:00-05:00,0.232943107744774,0.29886224858086635,20.47632859804307,19.548064452446404,6.823981645978716e-16
2026-09-03 14:45:00-05:00,0.19101334835071468,0.48938030336743765,19.545018899040834,20.102565406297046,1.236451746141362e-15
2026-09-03 15:00:00-05:00,0.15663094564758603,0.0,19.864320968696404,20.13488694782618,2.2289519489569193e-15
2026-09-03 15:15:00-05:00,0.12843737543102055,0.494427049727997,19.498642094328144,20.37922427250056,3.99768390799824e-15
2026-09-03 15:30:00-05:00,0.10531864785343684,0.0,19.311023537434323,19.07887123904862,7.133462945139202e-15
2026-09-03 15:45:00-05:00,0.0863612912398182,0.0,19.099847367298594,18.665421437719292,1.2664165549094176e-14
2026-09-03 16:00:00-05:00,0.07081625881665092,0.0,19.270955880779628,20.30148058683279,2.236850507245117e-14
2026-09-03 16:15:00-05:00,0.9214157192871332,1.3102961480825093,19.960657958421567,20.77017879788584,3.9308054859658725e-14
2026-09-03 16:30:00-05:00,0.7555608898154491,0.6118157759854509,19.637291059953327,18.79826626924025,6.872430529489854e-14
2026-09-03 16:45:00-05:00,0.6195599296486682,0.30327463459869297,20.173216112788197,18.74323643085838,1.1954278659334717e-13
2026-09-03 17:00:00-05:00,0.5080391423119079,0.5250500466234722,17.863521004882436,18.988113134313863,2.0688099857615438e-13
2026-09-03 17:15:00-05:00,0.41659209669576447,0.5368516783751257,18.835930851351634,19.76188017205167,3.562066673900191e-13
2026-09-03 17:30:00-05:00,0.34160551929052685,0.2299688130310169,17.400008983377077,16.58928375663729,6.101936677605324e-13
2026-09-03 17:45:00-05:00,0.280116525818232,0.5502928976507437,17.37917440479715,16.680106523846565,1.0399622154910405e-12
2026-09-03 18:00:00-05:00,0.22969555117095022,0.5781752516786454,16.183081137816437,15.0768193772772,1.7634032482804525e-12
2026-09-03 18:15:00-05:00,0.18835035196017919,0.3823910699780735,17.07450436979676,16.18953615616089,2.9748832347325366e-12
2026-09-03 18:30:00-05:00,0.1544472886073469,0.06875163520628419,16.88101562840702,17.192629103563327,4.993124830238285e-12
2026-09-03 18:45:00-05:00,0.12664677665802446,0.5520333325077139,16.90769695635999,17.41838665737177,8.337947094201161e-12
2026-09-03 19:00:00-05:00,0.10385035685958005,0.0,15.40945275216181,15.95042219899291,1.3852560587656998e-11
2026-09-03 19:15:00-05:00,0.08515729262485563,0.011766574868201624,15.616418676453122,13.560523203913057,2.289734845645553e-11
2026-09-03 19:30:00-05:00,0.06982897995238162,0.3267226620373247,15.472064724064486,14.245252564587572,3.7655163723055836e-11
2026-09-03 19:45:00-05:00,0.614223376893401,0.3412486595467767,15.368256175893238,15.347759024119046,6.16095588289684e-11
2026-09-03 20:00:00-05:00,0.5036631690525888,0.7225715439787874,14.715136302357893,14.144603417265973,1.0028959313983658e-10
2026-09-03 20:15:00-05:00,0.4130037986231228,0.9837186949313061,13.393470727897542,11.427252302134928,1.624231211810119e-10
2026-09-03 20:30:00-05:00,0.3386631148709607,0.013234706517363914,13.08592406512973,12.348136131562086,2.617122468490453e-10
2026-09-03 20:45:00-05:00,0.27770375419418775,0.11329480369441383,13.20656641010565,12.343830114130991,4.1955070187358376e-10
2026-09-03 21:00:00-05:00,0.22771707843923394,0.3395380571579438,13.26132327258861,13.287802892225962,6.691586091292782e-10
2026-09-03 21:15:00-05:00,0.18672800432017184,0.04537274307698014,13.281271932842476,13.308911751133268,1.0618371101937899e-09
2026-09-03 21:30:00-05:00,0.1531169635425409,0.17574231728388506,12.038234626014477,13.02059183087367,1.6763740944831883e-09
2026-09-03 21:45:00-05:00,0.12555591010488354,0.0,11.997835602797279,12.047799643437786,2.6331050999142502e-09
2026-09-03 22:00:00-05:00,0.1029558462860045,0.0,12.657022790356933,12.27481486934812,4.114808794505261e-09
2026-09-03 22:15:00-05:00,0.08442379395452368,0.7246839890264262,11.342739337935281,11.742761889515188,6.397574269770496e-09
2026-09-03 22:30:00-05:00,0.06922751104270941,0.8630514978081394,11.323844972490644,10.730532575054834,9.896126203271902e-09
2026-09-03 22:45:00-05:00,0.05676655905502171,0.0,11.449474266910531,10.592815313591727,1.522997974471263e-08
2026-09-03 23:00:00-05:00,0.0465485784251178,0.0,10.617677939081178,11.520938380539858,2.3319414293546032e-08
2026-09-03 23:15:00-05:00,0.03816983430859659,0.0,9.349119433273556,9.434681251963799,3.552386103252806e-08
2026-09-03 23:30:00-05:00,0.031299264133049204,0.0,10.129818849291127,10.350170024153641,5.3840229017043767e-08
2026-09-03 23:45:00-05:00,0.025665396589100345,0.7522251915647264,8.554911689035738,8.380471885689088,8.118538349144053e-08
2026-09-04 00:00:00-05:00,0.02104562520306228,0.48699056230634613,10.137680275893677,9.964939473941213,1.2179599459048413e-07
2026-09-04 00:15:00-05:00,0.01725741266651107,0.0,8.562893788555279,8.347525155723476,1.817909996570755e-07
2026-09-04 00:30:00-05:00,0.014151078386539076,0.14440263316988627,10.17916038786626,10.63754701040974,2.699578503363014e-07
2026-09-04 00:45:00-05:00,0.011603884276962042,0.5822672992953919,8.127123672950757,9.105168255422198,3.9884463671536625e-07
2026-09-04 01:00:00-05:00,0.009515185107108875,0.022478307042464243,7.799516135438413,8.799365175227813,5.862674243520403e-07
2026-09-04 01:15:00-05:00,0.007802451787829277,0.09204230915813309,8.547894126305657,8.422395096530105,8.573773029336787e-07
2026-09-04 01:30:00-05:00,0.006398010466020006,0.1366878149831827,8.583669186387585,8.392166920465003,1.2474766148570112e-06
2026-09-04 01:45:00-05:00,0.005246368582136405,0.7502712532768947,8.367395251277737,9.449572952632582,1.8058307984609255e-06
2026-09-04 02:00:00-05:00,0.004302022237351852,0.20130762207920164,9.41059503402925,9.695111668728913,2.600793733134687e-06
2026-09-04 02:15:00-05:00,0.0035276582346285184,0.4538450104561964,10.06103194423786,9.648223137710191,3.726653172078671e-06
2026-09-04 02:30:00-05:00,0.0028926797523953847,0.5180118432392461,9.491947676490595,9.310745692919554,5.312711762852749e-06
2026-09-04 02:45:00-05:00,0.0023719973969642152,0.0,8.625221780609753,9.292444748157276,7.535251360782937e-06
2026-09-04 03:00:00-05:00,0.0019450378655106564,0.0,8.956958451285901,8.029130356574584,1.0633186855887015e-05
2026-09-04 03:15:00-05:00,0.0015949310497187382,0.0,8.34891334981915,8.968185227918289,1.4928403298804427e-05
2026-09-04 03:30:00-05:00,0.0013078434607693653,0.0,7.612379437162453,5.851103827904911,2.0851988876891753e-05
2026-09-04 03:45:00-05:00,0.0010724316378308795,1.0090948470591445,9.684595352276588,8.538360468026418,2.89778274286711e-05
2026-09-04 04:00:00-05:00,0.0008793939430213211,0.08530133892033738,10.05782696489205,10.32732848497032,4.006529739295107e-05
2026-09-04 04:15:00-05:00,0.0007211030332774833,0.6747284426873364,9.321925412195462,7.75028168903396,5.5113137010524554e-05
2026-09-04 04:30:00-05:00,0.0005913044872875362,0.0,10.105664131495383,10.23725805392926,7.542687313854292e-05
2026-09-04 04:45:00-05:00,0.0004848696795757797,0.409677097808273,9.072330901916951,8.901303388440414,0.0001027025646196554
2026-09-04 05:00:00-05:00,3.269225948977887,3.2281925798631046,11.281969883652451,11.858888730967847,0.0001391299679019004
2026-09-04 05:15:00-05:00,2.6807652781618674,3.0418124847993435,11.1973685418596,11.670358365088893,0.00018751857457483814
2026-09-04 05:30:00-05:00,2.198227528092731,2.908555130081109,10.316593109600012,11.56567449596177,0.000251450273885487
2026-09-04 05:45:00-05:00,1.8025465730360393,2.2109861869832264,11.221519913027405,11.442959776248742,0.00033546262790251185
2026-09-04 06:00:00-05:00,1.4780881898895522,1.1095588327503512,11.165395197088424,10.933225502115306,0.0004452668757848571
2026-09-04 06:15:00-05:00,1.2120323157094326,0.5524283216181818,10.813164260832085,12.015806801068107,0.000588004762737889
2026-09-04 06:30:00-05:00,0.9938664988817346,0.9762012872473164,10.926994770554762,12.217235714621793,0.0007725480685016704
2026-09-04 06:45:00-05:00,0.8149705290830224,0.9264150295954687,11.567259025233891,9.593978624828418,0.0010098442341126815
2026-09-04 07:00:00-05:00,0.6682758338480783,0.4178406505410438,12.949326583087819,14.149459698507965,0.001313310695217958
2026-09-04 07:15:00-05:00,0.5479861837554242,0.0,14.040756661702147,13.745231725088479,0.001699279365552657
2026-09-04 07:30:00-05:00,0.4493486706794478,0.5148535791437494,12.961950167549372,12.361653719597111,0.002187491118182885
2026-09-04 07:45:00-05:00,0.3684659099571472,0.0,14.425812485003284,14.909296371324789,0.002801638034848487
2026-09-04 08:00:00-05:00,0.3021420461648607,0.1630048080865426,15.274375185934476,14.825031266374761,0.003569948597931887
2026-09-04 08:15:00-05:00,0.24775647785518573,0.4377536970378457,15.542059924884557,15.180631857655412,0.004525807866766722
2026-09-04 08:30:00-05:00,0.2031603118412523,0.22652930377526412,14.752993478352954,14.031296950902572,0.005708401017279357
2026-09-04 08:45:00-05:00,0.16659145570982686,0.4938537654874469,15.550898758884967,16.88753958971053,0.007163364470919217
2026-09-04 09:00:00-05:00,0.13660499368205803,0.0,15.868493955508606,15.818107091114838,0.008943424274249157
2026-09-04 09:15:00-05:00,0.11201609481928758,0.16540921196459207,17.244967571145466,15.804961561828218,0.011108996538242306
2026-09-04 09:30:00-05:00,0.09185319775181582,1.147104060044501,15.762422476391698,16.93940857193971,0.013728719779475018
2026-09-04 09:45:00-05:00,0.07531962215648896,0.19581041995204368,18.266678705983495,17.825912963235933,0.01687988414878991
2026-09-04 10:00:00-05:00,0.061762090168320946,0.25336064840016803,17.926776342281276,16.69890741335307,0.020648718062161137
2026-09-04 10:15:00-05:00,0.05064491393802317,0.5826252241613847,19.186444038927267,18.41092617445305,0.025130488985274403
2026-09-04 10:30:00-05:00,0.041528829429179,0.03594928108026809,18.147257600876156,17.218680549629838,0.030429372427211904
2026-09-04 10:45:00-05:00,0.03405364013192678,0.46915841723243906,17.534106264205743,18.07605755235353,0.036658041953378
2026-09-04 11:00:00-05:00,0.027923984908179957,0.0,18.463726095474748,17.746355937875,0.04393693362340742
2026-09-04 11:15:00-05:00,0.022897667624707563,0.0,18.586434671732682,19.82793996749705,0.0523931410698256
2026-09-04 11:30:00-05:00,0.018776087452260202,0.41545721679933906,18.230904444071154,17.136170396970126,0.062158902788275884
2026-09-04 11:45:00-05:00,0.015396391710853365,0.6598961334749365,18.414443967995833,16.833017475533495,0.0733696513683829
2026-09-04 12:00:00-05:00,0.012625041202899758,0.0,19.248823788108698,18.905393664196815,0.08616160551084374
2026-09-04 12:15:00-05:00,0.0103525337863778,0.0,19.004533332202445,19.21258779387817,0.10066889977289781
2026-09-04 12:30:00-05:00,0.008489077704829796,0.07238960856494708,19.324483628121406,17.704645056354302,0.1170202639221434
2026-09-04 12:45:00-05:00,0.0069610437179604325,0.0,20.25710959786524,20.989492519598976,0.1353352832366127
2026-09-04 13:00:00-05:00,0.0057080558487275545,0.35981011339563257,19.12853253059511,21.03254121449116,0.15572029254970432
2026-09-04 13:15:00-05:00,0.16916969645189986,0.21420922138751908,20.10457892991654,20.198938254640222,0.17826397958504792
2026-09-04 13:30:00-05:00,0.13871915109055788,0.0,20.55411582460903,21.20236615253465,0.2030327962511379
2026-09-04 13:45:00-05:00,0.11374970389425745,0.0,20.348105935377962,19.554491653518923,0.23006629899380912
2026-09-04 14:00:00-05:00,0.0932747571932911,0.48828743946178943,20.97999190350869,20.016616203510495,0.2593725598319191
2026-09-04 14:15:00-05:00,0.0764853008984987,0.0,22.310076136687023,21.18831128130485,0.2909238070461482
2026-09-04 14:30:00-05:00,0.06271794673676893,0.4573719239595906,19.83398853869982,19.165006878566967,0.32465246735834974
2026-09-04 14:45:00-05:00,0.051428716324150525,0.3931872410374615,19.646503495368616,17.53302662313716,0.360447788597821
2026-09-04 15:00:00-05:00,0.04217154738580343,0.0,20.751335545433143,21.246723854412345,0.39815322221381255
2026-09-04 15:15:00-05:00,0.034580668856358805,0.0,18.61277229776901,18.80570401719262,0.43756473770026916
2026-09-04 15:30:00-05:00,0.02835614846221422,0.0,18.11185088261636,15.86198657683553,0.4784302254949056
2026-09-04 15:45:00-05:00,0.02325204173901566,0.0,19.153188046670792,19.256012871303998,0.5204501210207021
2026-09-04 16:00:00-05:00,0.019066674225992838,0.0417650560771292,18.78446310479544,19.71471634715377,0.5632793505016535
2026-09-04 16:15:00-05:00,0.015634672865314125,0.6439698688783922,19.60422859500438,20.314998482779664,0.6065306597126334
2026-09-04 16:30:00-05:00,0.012820431749557581,0.0,18.697025108788768,20.174226249032962,0.6497793410859595
2026-09-04 16:45:00-05:00,0.010512754034637216,0.0347067301125657,19.434795094300405,20.136357963139105,0.6925693242051978
2026-09-04 17:00:00-05:00,0.008620458308402516,0.466937643005974,18.67411728134693,18.858213798160044,0.7344205416668584
2026-09-04 17:15:00-05:00,0.007068775812890063,0.7008785161075285,19.779320989731165,19.821205268258453,0.7748374288832494
2026-09-04 17:30:00-05:00,0.005796396166569851,0.6484478826030189,18.999038922489017,18.727992169715968,0.8133183651298457
2026-09-04 17:45:00-05:00,0.004753044856587278,0.38035134386712616,16.72970886656237,17.352522250906055,0.8493658165683124
2026-09-04 18:00:00-05:00,0.003897496782401568,0.0,18.121927223642782,17.433556524573095,0.8824969025845955
2026-09-04 18:15:00-05:00,0.0031959473615692856,0.5064333659235137,17.156243507995274,16.629361195609192,0.9122540768285452
2026-09-04 18:30:00-05:00,0.002620676836486814,0.0,16.772865184157595,16.122121990152525,0.9382155957191078
2026-09-04 18:45:00-05:00,0.12706651112971853,0.6507009461707648,16.115092073624353,15.259674668432421,0.9600054412854777
2026-09-04 19:00:00-05:00,0.1041945391263692,0.487491963940748,15.829867947476291,16.560464833798502,0.9773023728519782
2026-09-04 19:15:00-05:00,0.08543952208362274,0.2324693989454225,15.080479088111874,15.332947537536164,0.9898478033787338
2026-09-04 19:30:00-05:00,0.07006040810857064,0.0,15.398207235967835,15.67684184799821,0.9974522306792805
2026-09-04 19:45:00-05:00,0.26795745916344227,0.0,14.263837604708488,14.322606844538724,1.0
2026-09-04 20:00:00-05:00,0.21972511651402266,0.5301122377063813,14.924774444336213,14.32653790330051,0.9974522306792805
2026-09-04 20:15:00-05:00,0.18017459554149856,0.13538430735940182,15.313506249546766,16.2800225099021,0.9898478033787338
2026-09-04 20:30:00-05:00,0.1477431683440288,0.0,13.815280867602631,13.632855434257625,0.9773023728519782
2026-09-04 20:45:00-05:00,0.12114939804210362,0.04276932889805514,13.0813417946046,14.348439562337104,0.9600054412854777
2026-09-04 21:00:00-05:00,0.09934250639452497,0.8088150064613984,13.189535807345967,14.165012559298706,0.9382155957191078
2026-09-04 21:15:00-05:00,0.08146085524351046,0.03753745693819175,13.147728221940309,14.144100276199293,0.9122540768285452
2026-09-04 21:30:00-05:00,0.06679790129967858,0.0,12.894489918669251,13.284991387209697,0.8824969025845955
2026-09-04 21:45:00-05:00,0.1400695628668063,0.5054986066255434,10.44495845493264,11.825585551408166,0.8493658165683124
2026-09-04 22:00:00-05:00,0.29314286100475606,0.0,12.052898522527556,12.120930349797229,0.8133183651298457
2026-09-04 22:15:00-05:00,0.24037714602389995,0.7164714582652296,12.682550426650568,14.31487729168066,0.7748374288832494
2026-09-04 22:30:00-05:00,0.19710925973959795,0.5798734847940741,10.937366702904212,13.2016730329861,0.7344205416668584
2026-09-04 22:45:00-05:00,0.1616295929864703,0.0,10.663263956420954,11.161938879075315,0.6925693242051978
2026-09-04 23:00:00-05:00,0.13253626624890566,0.551452684871755,10.163030236601662,9.428073018522142,0.6497793410859595
2026-09-04 23:15:00-05:00,0.10867973832410263,0.7509440566247251,10.26866865001457,9.610014958050593,0.6065306597126334
2026-09-04 23:30:00-05:00,0.08911738542576415,0.15305709739019957,10.724690861687728,11.729981199119266,0.5632793505016535
2026-09-04 23:45:00-05:00,0.0730762560491266,0.0,11.124758401635349,12.099156791635618,0.5204501210207021
2026-09-05 00:00:00-05:00,0.059922529960283806,0.0,9.631572040061032,10.272987456792944,0.4784302254949056
2026-09-05 00:15:00-05:00,0.04913647456743272,0.5081424355787212,8.368152900060238,7.822599861936063,0.43756473770026916
2026-09-05 00:30:00-05:00,0.040291909145294826,0.6034601256321657,9.32735855015064,9.640037118517753,0.39815322221381255
2026-09-05 00:45:00-05:00,0.03303936549914176,0.0,8.916901065341207,8.723443483163981,0.360447788597821
2026-09-05 01:00:00-05:00,0.02709227970929624,0.5552518836150292,9.01784952959263,9.103326426629112,0.32465246735834974
2026-09-05 01:15:00-05:00,0.022215669361622916,0.0,9.14947232939111,9.492251278240058,0.2909238070461482
2026-09-05 01:30:00-05:00,0.01821684887653079,0.0,9.868511367128933,11.238169630180932,0.2593725598319191
2026-09-05 01:45:00-05:00,0.014937816078755247,0.0,9.606456479459476,10.811652432794995,0.23006629899380912
2026-09-05 02:00:00-05:00,0.012249009184579301,0.12417235387237244,8.88181154991915,9.193436821074302,0.2030327962511379
2026-09-05 02:15:00-05:00,0.010044187531355027,0.1067342292492044,7.298759736707426,7.806954861236536,0.17826397958504792
2026-09-05 02:30:00-05:00,0.008236233775711121,0.6815812835401096,7.610427104219578,8.960426974243685,0.15572029254970432
2026-09-05 02:45:00-05:00,0.006753711696083119,0.024485723014542146,8.28754561486861,9.08656782559201,0.1353352832366127
2026-09-05 03:00:00-05:00,0.005538043590788157,0.5706645384034904,8.483110765420843,9.521094694654499,0.1170202639221434
2026-09-05 03:15:00-05:00,0.004541195744446289,0.6787869931007866,8.127486522101783,9.392001773186127,0.10066889977289781
2026-09-05 03:30:00-05:00,0.0037237805104459567,0.0,9.170621042693195,9.351732590947044,0.08616160551084374
2026-09-05 03:45:00-05:00,0.0030535000185656844,0.0,8.483987487824633,9.748011569910677,0.0733696513683829
2026-09-05 04:00:00-05:00,0.002503870015223861,0.3495359763685209,7.685097752826567,8.889035604629411,0.062158902788275884
2026-09-05 04:15:00-05:00,0.0020531734124835657,0.0,9.350958516305813,8.680848938264369,0.0523931410698256
2026-09-05 04:30:00-05:00,0.0016836021982365237,0.0,10.66223210793541,9.218602307616397,0.04393693362340742
2026-09-05 04:45:00-05:00,0.0013805538025539494,0.19539367378130176,10.413578568659593,8.956281805580275,0.036658041953378
2026-09-05 05:00:00-05:00,0.0011320541180942383,0.0,11.20451266471166,10.547804864596516,0.030429372427211904
2026-09-05 05:15:00-05:00,0.0009282843768372754,0.0,10.44681196172994,10.158084407904154,0.025130488985274403
2026-09-05 05:30:00-05:00,0.0007611931890065658,0.5300836860713141,11.687511379070592,10.891281539897394,0.020648718062161137
2026-09-05 05:45:00-05:00,0.0006241784149853839,0.0,11.878829854106277,12.096374713634317,0.01687988414878991
2026-09-05 06:00:00-05:00,0.0005118263002880148,0.5668225288656302,11.662801803267232,10.78659519573495,0.013728719779475018
2026-09-05 06:15:00-05:00,0.0004196975662361721,0.0,11.589999676469457,11.334686980901143,0.011108996538242306
2026-09-05 06:30:00-05:00,0.0003441520043136611,0.421225517572074,13.133565632350665,13.327636212653095,0.008943424274249157
2026-09-05 06:45:00-05:00,0.0002822046435372021,0.28209208622681164,12.237147208510674,12.597720400672173,0.007163364470919217
2026-09-05 07:00:00-05:00,0.0002314078077005057,0.4122960564647169,13.023092379454141,13.569554185514102,0.005708401017279357
2026-09-05 07:15:00-05:00,0.00018975440231441465,0.3806522574776911,13.416902143172312,13.87541515755856,0.004525807866766722
2026-09-05 07:30:00-05:00,1.2503829893745486,1.333120857119435,15.439355472722255,14.84010092616121,0.003569948597931887
2026-09-05 07:45:00-05:00,1.0253140512871297,1.3814429566769695,13.94145348085427,14.641468321587764,0.002801638034848487
2026-09-05 08:00:00-05:00,0.8407575220554463,1.3140508877882635,15.364883846142389,15.187784290838827,0.002187491118182885
2026-09-05 08:15:00-05:00,1.1713600064063523,0.7960777068616527,14.077653993928369,13.860604480638726,0.001699279365552657
2026-09-05 08:30:00-05:00,0.9605152052532088,1.1597351289509807,14.952886294624868,15.594036724757,0.001313310695217958
2026-09-05 08:45:00-05:00,0.7876224683076312,1.200170601105725,15.862667502429447,16.03282295429245,0.0010098442341126815
2026-09-05 09:00:00-05:00,0.6458504240122576,0.6791686691700456,17.038219649694742,16.777208668799666,0.0007725480685016704
2026-09-05 09:15:00-05:00,0.5295973476900512,0.0,16.40576498721999,17.153232358779977,0.000588004762737889
2026-09-05 09:30:00-05:00,0.43426982510584194,0.0,17.627886089368623,17.14657346020358,0.0004452668757848571
2026-09-05 09:45:00-05:00,0.7663029732673048,1.0909630921404136,15.797297607568314,15.496207246862756,0.00033546262790251185
2026-09-05 10:00:00-05:00,0.6283684380791899,0.5510743229551152,15.906383735139238,16.567513645918805,0.000251450273885487
2026-09-05 10:15:00-05:00,0.5152621192249357,0.0,17.20990526923527,18.418892372733954,0.00018751857457483814
2026-09-05 10:30:00-05:00,0.42251493776444726,0.0,17.58601559928438,17.983241031329168,0.0001391299679019004
2026-09-05 10:45:00-05:00,0.34646224896684674,0.27178517984296896,18.789828265834903,18.195844793187387,0.0001027025646196554
2026-09-05 11:00:00-05:00,0.2840990441528143,0.12470734132816699,18.443194230258467,19.16806805417264,7.542687313854292e-05
2026-09-05 11:15:00-05:00,0.2329612162053077,0.17539761398001796,18.456116378733114,17.676447198508797,5.5113137010524554e-05
2026-09-05 11:30:00-05:00,0.1910281972883523,0.1539919910712903,18.188640992951434,18.120041334407137,4.006529739295107e-05
2026-09-05 11:45:00-05:00,0.15664312177644887,0.0,20.008156827943647,18.227698736524413,2.89778274286711e-05
2026-09-05 12:00:00-05:00,0.12844735985668806,0.0,19.47254872058193,18.24415281524698,2.0851988876891753e-05
2026-09-05 12:15:00-05:00,0.10532683508248421,0.21115337262999287,19.622918545578123,20.033553253989655,1.4928403298804427e-05
2026-09-05 12:30:00-05:00,0.08636800476763705,0.8665050413662974,19.69550969784358,18.86527424193754,1.0633186855887015e-05
2026-09-05 12:45:00-05:00,0.07082176390946238,0.0,20.70088262387773,22.32369098103915,7.535251360782937e-06
2026-09-05 13:00:00-05:00,0.05807384640575915,0.0,19.8476280252082,19.962010299985547,5.312711762852749e-06
2026-09-05 13:15:00-05:00,0.047620554052722495,0.0,18.848782800239764,18.96969350026796,3.726653172078671e-06
2026-09-05 13:30:00-05:00,0.7192115156142347,1.0087319250579716,20.521639171675293,19.381344352335564,2.600793733134687e-06
2026-09-05 13:45:00-05:00,0.5897534428036724,0.6409076628446392,18.986356599539643,20.692957898861692,1.8058307984609255e-06
2026-09-05 14:00:00-05:00,0.48359782309901134,0.3785942265464778,20.698107065702292,21.084164935299192,1.2474766148570112e-06
2026-09-05 14:15:00-05:00,1.5289149727597817,1.1882974414526015,20.524364960800526,19.116875174466365,8.573773029336787e-07
2026-09-05 14:30:00-05:00,1.253710277663021,1.238737605914663,20.50963888280847,20.43297335648099,5.862674243520403e-07
2026-09-05 14:45:00-05:00,1.028042427683677,0.8998183583866313,19.297732954607486,19.696237566377633,3.9884463671536625e-07
2026-09-05 15:00:00-05:00,0.8429947907006151,0.8414387163360767,20.79079713216299,21.774287313706402,2.699578503363014e-07
2026-09-05 15:15:00-05:00,0.6912557283745043,0.5127288071046656,19.46897194768722,20.52633386730712,1.817909996570755e-07
2026-09-05 15:30:00-05:00,0.5668296972670935,1.2606356860956787,20.20337893954342,20.462433831144583,1.2179599459048413e-07
2026-09-05 15:45:00-05:00,0.4648003517590167,0.0,19.20898147770135,18.843525351306806,8.118538349144053e-08
2026-09-05 16:00:00-05:00,0.38113628844239367,0.3143776383084129,18.72218782270169,16.694825129350274,5.3840229017043767e-08
2026-09-05 16:15:00-05:00,0.31253175652276277,0.15430261137354861,20.157456506070552,20.557804281964717,3.552386103252806e-08
2026-09-05 16:30:00-05:00,0.25627604034866547,0.5804516836045486,18.774888599484143,17.99049776767969,2.3319414293546032e-08
2026-09-05 16:45:00-05:00,0.21014635308590568,0.2409122421906683,18.88628412776098,19.348081555999528,1.522997974471263e-08
2026-09-05 17:00:00-05:00,0.17232000953044266,0.45393645829025797,18.685163778651376,17.773095519880872,9.896126203271902e-09
2026-09-05 17:15:00-05:00,0.14130240781496298,0.001999237932649861,18.228027029716653,18.137594708250212,6.397574269770496e-09
2026-09-05 17:30:00-05:00,0.11586797440826964,0.10562690597250679,17.580552148681605,17.337498646794252,4.114808794505261e-09
2026-09-05 17:45:00-05:00,0.0950117390147811,0.0,17.54958954465404,18.76642503337265,2.6331050999142502e-09
2026-09-05 18:00:00-05:00,0.07790962599212051,0.0,17.745178496671542,17.662099410095077,1.6763740944831883e-09
2026-09-05 18:15:00-05:00,1.4040267543001745,1.1478429473930443,16.774550937435684,16.777722514562495,1.0618371101937899e-09
2026-09-05 18:30:00-05:00,1.1513019385261432,0.8270696310061557,15.924305703051207,16.822507141983497,6.691586091292782e-10
2026-09-05 18:45:00-05:00,0.9440675895914373,1.2074368534209796,15.563058851246934,15.714690165393986,4.1955070187358376e-10
2026-09-05 19:00:00-05:00,0.7741354234649785,0.3572991235361001,16.23406317609168,17.815506714726027,2.617122468490453e-10
2026-09-05 19:15:00-05:00,0.6347910472412823,0.0,15.990558702339612,17.50481865449281,1.624231211810119e-10
2026-09-05 19:30:00-05:00,0.5205286587378515,0.0,15.18555074017928,14.645832754302688,1.0028959313983658e-10
2026-09-05 19:45:00-05:00,0.4268335001650382,0.5047398734004833,14.124691039766185,14.63911331280024,6.16095588289684e-11
2026-09-05 20:00:00-05:00,0.3500034701353313,0.6040123495715474,14.693399576673412,14.67236339092145,3.7655163723055836e-11
2026-09-05 20:15:00-05:00,0.28700284551097166,0.6773866408950876,13.44131500021826,14.181998711149339,2.289734845645553e-11
2026-09-05 20:30:00-05:00,0.23534233331899676,0.3172027339671165,13.78437189217172,13.993788641647093,1.3852560587656998e-11
2026-09-05 20:45:00-05:00,0.19298071332157732,0.6347431931110898,11.97571038251226,11.101794916181362,8.337947094201161e-12
2026-09-05 21:00:00-05:00,0.15824418492369338,0.0,12.834068514416304,12.666278359014763,4.993124830238285e-12
2026-09-05 21:15:00-05:00,0.12976023163742856,0.4410479253049942,13.121563952193043,12.154379214872044,2.9748832347325366e-12
2026-09-05 21:30:00-05:00,0.10640338994269141,0.39608684463208055,13.217574180745146,12.141584505503495,1.7634032482804525e-12
2026-09-05 21:45:00-05:00,0.08725077975300695,0.0,11.837095844529685,11.563761893578443,1.0399622154910405e-12
2026-09-05 22:00:00-05:00,0.0715456393974657,0.30433026332216806,11.5249135434314,10.57361715702126,6.101936677605324e-13
2026-09-05 22:15:00-05:00,0.05866742430592187,0.45937518759093077,12.136566650137802,13.331877613981437,3.562066673900191e-13
2026-09-05 22:30:00-05:00,0.048107287930855926,0.120044816763895,11.618508841848934,11.800146484749629,2.0688099857615438e-13
2026-09-05 22:45:00-05:00,0.039447976103301856,0.3168484752755428,11.04296348212542,11.992888784385103,1.1954278659334717e-13
2026-09-05 23:00:00-05:00,0.03234734040470752,0.18406973148995184,10.041531492440392,9.25576497984605,6.872430529489854e-14
2026-09-05 23:15:00-05:00,0.026524819131860163,0.18249454237865864,10.785957211920394,10.174993484610633,3.9308054859658725e-14
2026-09-05 23:30:00-05:00,0.021750351688125332,0.5603901829902459,8.821815283569485,9.145120345337865,2.236850507245117e-14
2026-09-05 23:45:00-05:00,0.017835288384262772,0.0,9.876691206746257,9.639104768174658,1.2664165549094176e-14
2026-09-06 00:00:00-05:00,0.014624936475095471,0.0,10.029388084372487,10.258018726714363,7.133462945139202e-15
2026-09-06 00:15:00-05:00,0.011992447909578286,0.0,9.51046858454885,9.79098446986512,3.99768390799824e-15
2026-09-06 00:30:00-05:00,0.009833807285854194,0.0,8.760748059671194,7.717714119084342,2.2289519489569193e-15
2026-09-06 00:45:00-05:00,0.008063721974400438,0.0,8.732877632733832,8.77678561844582,1.236451746141362e-15
2026-09-06 01:00:00-05:00,0.006612252019008359,0.0,9.036529318102588,9.805019553887114,6.823981645978716e-16
2026-09-06 01:15:00-05:00,0.005422046655586854,0.0,8.258557784969403,8.661423376627658,3.7469917746990644e-16
2026-09-06 01:30:00-05:00,0.004446078257581219,0.30518968342137276,9.77307633904459,9.751577859729931,2.0469717131642043e-16
2026-09-06 01:45:00-05:00,0.0036457841712165995,0.797139870063902,9.01377882560649,10.089137861964456,1.1125643881294176e-16
2026-09-06 02:00:00-05:00,0.0029895430203976114,0.0,8.567723261796734,9.085995246733567,6.016205740688531e-17
2026-09-06 02:15:00-05:00,0.002451425276726041,0.0,8.377919086781588,8.81109311251,3.236714673785798e-17
2026-09-06 02:30:00-05:00,0.0020101687269153535,0.03735702132729331,9.421557494987956,9.295370053231723,1.732488519998939e-17
2026-09-06 02:45:00-05:00,0.0016483383560705897,0.0,9.098080433160312,8.646491297134514,9.226150318955515e-18
2026-09-06 03:00:00-05:00,0.0013516374519778834,0.0,9.468455437094747,9.614043396619152,4.888266767300877e-18
2026-09-06 03:15:00-05:00,0.0011083427106218643,0.06708364266276406,8.496863181788756,9.47317701881152,2.576757109154981e-18
2026-09-06 03:30:00-05:00,2.3799881678400356,2.599218759120505,9.676400687398429,10.12821832734993,1.3513762405583902e-18
2026-09-06 03:45:00-05:00,1.951590297628829,2.0202528905109913,8.196082886949862,7.9743888869832125,7.051204120964673e-19
2026-09-06 04:00:00-05:00,1.6003040440556398,1.0850099638277144,9.709722015918397,9.65576770633261,3.6604502341475215e-19
2026-09-06 04:15:00-05:00,1.3122493161256246,1.099607627223235,8.972224038438226,7.804021406292346,1.890557707597012e-19
2026-09-06 04:30:00-05:00,1.0760444392230122,0.6960175553186457,10.644087670464241,9.964781545022158,9.714704207640061e-20
2026-09-06 04:45:00-05:00,0.88235644016287,1.4771791447013722,11.262695946832132,9.446031731285991,4.966534275776854e-20
2026-09-06 05:00:00-05:00,0.7235322809335534,0.5761361937655003,9.38615751920678,9.10392474172462,2.5261637809256925e-20
2026-09-06 05:15:00-05:00,0.5932964703655137,0.28932914283649663,10.632632278130714,10.444388402633756,1.2783617954225444e-20
2026-09-06 05:30:00-05:00,0.4865031056997212,0.15668862041393794,11.810858322763561,12.271576257738122,6.436211007521448e-21
2026-09-06 05:45:00-05:00,0.39893254667377137,0.19926628947764288,10.826088611158625,11.625531322214407,3.2239698842499378e-21
2026-09-06 06:00:00-05:00,0.3271246882724925,0.9999101799132656,10.44095548046941,9.969804378395862,1.606704058515628e-21
2026-09-06 06:15:00-05:00,0.26824224438344385,0.7880360776754047,12.407212031018895,10.292789949215742,7.966453342412253e-22
2026-09-06 06:30:00-05:00,0.9469008240169158,1.0644196300812538,12.457264161796985,12.641322717492205,3.9298715455902964e-22
2026-09-06 06:45:00-05:00,0.7764586756938708,0.9516235138222844,12.384892621469426,11.841213151303826,1.9287498479639178e-22
2026-09-06 07:00:00-05:00,0.6366961140689741,0.6587663982497439,13.53033707301819,13.64464650463841,9.417977889837627e-23
2026-09-06 07:15:00-05:00,0.5220908135365587,0.9648399430563601,12.854556922693714,12.403498263914868,4.5753428172800527e-23
2026-09-06 07:30:00-05:00,0.42811446709997814,0.3513942370485649,14.59291496554171,14.958498779902271,2.211433200453597e-23
2026-09-06 07:45:00-05:00,0.35105386302198205,0.0,13.895922659156861,13.657631166328429,1.0634283220172545e-23
2026-09-06 08:00:00-05:00,0.28786416767802525,0.49311192286290306,14.376410893396768,14.558637044765653,5.0877625190038625e-24
2026-09-06 08:15:00-05:00,0.2360486174959807,0.0,14.805763526591027,13.327900777252678,2.421751918328453e-24
2026-09-06 08:30:00-05:00,0.19355986634670416,0.6912421943596058,14.94309101652738,15.8392637709531,1.146876582225596e-24
2026-09-06 08:45:00-05:00,0.1587190904042974,0.4494881985358702,14.531657982809,14.994893235728982,5.403658933763948e-25
2026-09-06 09:00:00-05:00,0.13014965413152388,0.0,15.875373511552908,17.62846592235769,2.5330478037310278e-25
2026-09-06 09:15:00-05:00,0.10672271638784958,0.41664907914596916,16.716770968263663,15.722634557521681,1.1813621547958673e-25
2026-09-06 09:30:00-05:00,0.08751262743803666,0.27480309198970065,16.499387512150534,16.31457967819336,5.481594859176527e-26
2026-09-06 09:45:00-05:00,0.07176035449919005,0.0,16.6581640414885,16.715788464605534,2.5305506003057163e-26
2026-09-06 10:00:00-05:00,0.05884349068933584,0.8584922154080452,16.999018225562263,16.806287189436283,1.1622708062775413e-26
2026-09-06 10:15:00-05:00,0.04825166236525538,0.703385677060252,17.021973691774303,17.46544759735861,5.311092249679095e-27
2026-09-06 10:30:00-05:00,0.03956636313950941,0.3573238108015978,17.546877754558736,16.898665528854522,2.4145965297409097e-27
2026-09-06 10:45:00-05:00,0.032444417774397716,0.0,18.276114868140546,18.672148480452158,1.0921681596035016e-27
2026-09-06 11:00:00-05:00,0.026604422575006125,0.0,18.86052603141666,18.52809084804011,4.914944998596389e-28
2026-09-06 11:15:00-05:00,0.02181562651150502,0.08739864452599995,18.799881941062793,19.00943706575672,2.2005539727138003e-28
2026-09-06 11:30:00-05:00,0.017888813739434115,0.5939458589249108,19.451363345026234,19.16398309190346,9.802336327724741e-29
2026-09-06 11:45:00-05:00,0.014668827266335973,0.0,19.734300476078296,20.061792720327247,4.344215751056343e-29
2026-09-06 12:00:00-05:00,0.012028438358395498,0.7160731355774378,19.336647753149258,20.270040426287544,1.915478951967148e-29
2026-09-06 12:15:00-05:00,0.009863319453884307,0.5770791308793507,18.970608027330787,19.658529021155285,8.402869023783761e-30
2026-09-06 12:30:00-05:00,0.008087921952185132,0.6631211287347623,19.438103849296894,19.804305686585824,3.6674315441716016e-30
2026-09-06 12:45:00-05:00,0.006632096000791808,0.4562443787418032,20.255243609736073,20.744955025832496,1.5925044325675107e-30
2026-09-06 13:00:00-05:00,0.7655303598885276,0.6955394446231021,20.180352775063,21.410779088817062,6.879921696587355e-31
2026-09-06 13:15:00-05:00,0.6277348951085926,0.15104853038831262,20.456780781595448,19.77027781404214,2.9571309228849386e-31
2026-09-06 13:30:00-05:00,0.5147426139890459,0.4025268665188528,21.263579160391775,21.156587115133853,1.2645669348193897e-31
2026-09-06 13:45:00-05:00,0.4220889434710176,0.8882593936129313,20.254222095846593,20.910198523613534,5.380186160021138e-32
2026-09-06 14:00:00-05:00,0.3578671945908063,0.7966092525733628,20.86523736883393,21.64507875141867,2.2773878315747428e-32
2026-09-06 14:15:00-05:00,0.29345109956446114,1.2893991506832028,20.157080664387852,21.420608348098398,9.590933957937736e-33
2026-09-06 14:30:00-05:00,0.4232577247977883,0.11824931027672969,21.421231416324126,22.36453674193103,4.018546675272489e-33
2026-09-06 14:45:00-05:00,0.34707133433418635,0.3635231523682761,21.652914154711688,21.184374065475303,1.675179483226421e-33
2026-09-06 15:00:00-05:00,0.28459849415403277,0.5660985546646577,19.652191640035255,19.025196060267756,6.947649256445515e-34
2026-09-06 15:15:00-05:00,0.23337076520630684,0.5997138717066768,19.892956064037588,20.683385588376677,2.866808196505118e-34
2026-09-06 15:30:00-05:00,0.1913640274691716,0.0,19.567388818336504,20.36890305740754,1.1769109439216723e-34
2026-09-06 15:45:00-05:00,0.1569185025247207,0.0,19.740606362102607,20.732011904114977,4.8069851108908345e-35
2026-09-06 16:00:00-05:00,0.12867317207027096,0.1796059381148714,19.711137056668175,19.881540725192856,1.9533774254942386e-35
2026-09-06 16:15:00-05:00,0.10551200109762218,0.0,19.478516602504314,19.264379519618597,7.897393241105485e-36
2026-09-06 16:30:00-05:00,0.08651984090005019,0.11846094996844315,19.523648376930538,19.823686422662647,3.176622259808785e-36
2026-09-06 16:45:00-05:00,0.07094626953804115,0.3316731617313151,18.86797065883408,19.237693246763296,1.2712518495623039e-36
2026-09-06 17:00:00-05:00,0.058175941021193736,0.0,18.24373172161988,18.305524167775715,5.061530201485055e-37
2026-09-06 17:15:00-05:00,0.04770427163737886,0.0,17.633462109394234,17.47821728944589,2.005008781961654e-37
2026-09-06 17:30:00-05:00,0.03911750274265066,0.2860853406109908,17.743357854833324,18.391479701664498,7.901962013635969e-38
2026-09-06 17:45:00-05:00,0.03207635224897354,0.11435683574737425,17.706635795948568,17.03786100253156,3.0984023107250956e-38
2026-09-06 18:00:00-05:00,0.0263026088441583,0.7619470259029666,17.416599732588313,16.69988920557007,1.2087177226969668e-38
2026-09-06 18:15:00-05:00,0.021568139252209805,0.025398964025922142,17.248990244111024,16.940239542902724,4.6913321655442415e-39
2026-09-06 18:30:00-05:00,0.01768587418681204,0.0,17.56902033845946,17.574338242934125,1.8115556906294863e-39
2026-09-06 18:45:00-05:00,0.014502416833185872,0.20490785623770708,16.31242789896929,14.626312407134728,6.9597142233467265e-40
2026-09-06 19:00:00-05:00,0.030494250525233017,0.0,15.925784947413982,16.586394428597345,2.6602064159439866e-40
2026-09-06 19:15:00-05:00,0.02500528543069107,0.6342654094400311,14.463531132810955,15.059269425436293,1.0116341413217519e-40
2026-09-06 19:30:00-05:00,0.02050433405316668,0.0,14.751110925046767,14.610063814890522,3.827505565197045e-41
2026-09-06 19:45:00-05:00,0.016813553923596677,0.2831399130527798,16.518333277283002,17.328837670788197,1.4407624984028882e-41
2026-09-06 20:00:00-05:00,0.013787114217349274,0.0,15.559886554885653,17.57193067950846,5.395766810050939e-42
2026-09-06 20:15:00-05:00,0.011305433658226404,0.0,13.68905296783078,13.24105071413078,2.0104726106666922e-42
2026-09-06 20:30:00-05:00,0.009270455599745651,0.0,13.636731603220147,14.001266425224092,7.452935475456646e-43
2026-09-06 20:45:00-05:00,0.007601773591791434,0.6580589890591547,13.711125352669306,13.60842711471567,2.7487850079102147e-43
2026-09-06 21:00:00-05:00,0.006233454345268975,0.03727249714054028,13.18450375804885,13.714794706512958,1.008645133515124e-43
2026-09-06 21:15:00-05:00,0.00511143256312056,1.0006179103731265,12.825466862048586,13.846173090183342,3.682309033266232e-44
2026-09-06 21:30:00-05:00,0.004191374701758859,0.1870062749998313,11.798362078133389,11.728411892952442,1.3374768725198048e-44
2026-09-06 21:45:00-05:00,0.003436927255442264,0.08811301569323066,11.362721641524791,12.18312305791352,4.8332197389761457e-45
2026-09-06 22:00:00-05:00,0.002818280349462656,0.0,12.082607867318323,12.005235102618729,1.7376848382546325e-45
2026-09-06 22:15:00-05:00,0.002310989886559378,0.0,11.304663405486647,10.637042631665041,6.215694988157596e-46
2026-09-06 22:30:00-05:00,0.0018950117069786896,0.0,11.318866650812431,10.554999685926646,2.2120380336009962e-46
2026-09-06 22:45:00-05:00,0.0015539095997225253,0.0,10.61657599518532,12.42053103310698,7.832126561204478e-47
2026-09-06 23:00:00-05:00,0.0012742058717724707,0.0,11.650758226711142,10.784498229042613,2.7589956474706365e-47
2026-09-06 23:15:00-05:00,0.001044848814853426,0.5845990249768976,9.716402867068705,10.751800668940586,9.669556287074313e-48
2026-09-06 23:30:00-05:00,0.0008567760281798092,0.0,10.344658387998509,11.012414483738262,3.371679520748282e-48
2026-09-06 23:45:00-05:00,0.0007025563431074435,0.0,10.288544076713848,10.121840884738821,1.1696885595292321e-48
2026-09-07 00:00:00-05:00,0.0005760962013481037,0.8091048186164073,8.481673327193691,7.620400935818191,4.0371827424040704e-49
2026-09-07 00:15:00-05:00,0.000472398885105445,0.07785132092859168,9.51024277830168,9.05880181827817,1.3863432936411706e-49
2026-09-07 00:30:00-05:00,0.0003873670857864649,0.10755320927562016,10.153138124340376,11.261566884685315,4.736389127089479e-50
2026-09-07 00:45:00-05:00,0.0003176410103449012,0.20614573611863996,9.378479730505767,8.512392509117126,1.609934387744941e-50
2026-09-07 01:00:00-05:00,0.000260465628482819,0.9090855471632691,8.262927965626142,7.721656802058261,5.444439674910397e-51
2026-09-07 01:15:00-05:00,0.00021358181535591157,0.0,9.174691324921785,9.791963647508545,1.831818392215517e-51
2026-09-07 01:30:00-05:00,0.2415919218604467,0.2545104526907281,8.240785830254728,7.664240401244985,6.1319111316152334e-52
2026-09-07 01:45:00-05:00,0.1981053759255663,0.23088237494874253,7.633341291734704,7.956064278650828,2.0421775650976096e-52
2026-09-07 02:00:00-05:00,0.16244640825896434,0.017887353304928633,8.467678622481623,8.208827358624,6.766675675168404e-53
2026-09-07 02:15:00-05:00,0.13320605477235076,0.11215258105871848,8.274389899022477,8.175333329865357,2.2307013686972924e-53
2026-09-07 02:30:00-05:00,0.10922896491332762,0.5842540533463234,9.377559900902144,9.298428353324184,7.316303585412202e-54
2026-09-07 02:45:00-05:00,0.08956775122892864,0.09992313511196972,8.714340615157093,9.260338589155602,2.38740563163885e-54
2026-09-07 03:00:00-05:00,0.07344555600772149,0.0,9.35545224077237,9.225768760784387,7.75077128896761e-55
2026-09-07 03:15:00-05:00,0.06022535592633162,0.2329181263438912,9.071991800323426,9.037790164011236,2.5035014168969757e-55
2026-09-07 03:30:00-05:00,0.04938479185959192,0.16937893138734672,9.258974230130507,10.550291088462544,8.045165323803375e-56
2026-09-07 03:45:00-05:00,0.04049552932486537,0.0,8.202629036397807,8.997021804511515,2.572209372642415e-56
2026-09-07 04:00:00-05:00,0.033206334046389605,0.0,9.488374231204604,9.668089870168748,8.182045147484726e-57
2026-09-07 04:15:00-05:00,0.027229193918039473,0.41842300948667427,9.358899470387204,8.255815297024967,2.5894148752945026e-57
2026-09-07 04:30:00-05:00,0.022327939012792366,0.2238606077766442,10.190463640087481,10.787689096593722,8.153153471306714e-58
2026-09-07 04:45:00-05:00,0.01830890999048974,0.0,10.727205805366282,10.459915996999229,2.5540759521987887e-58
2026-09-07 05:00:00-05:00,0.015013306192201587,0.19574916426408281,10.436913645000198,10.626554755827293,7.960240891573531e-59
2026-09-07 05:15:00-05:00,0.0123109110776053,0.4446942831572446,10.98235510733095,11.398903343515837,2.4683277444413964e-59
2026-09-07 05:30:00-05:00,0.010094947083636344,0.0,10.661811554224785,11.952270392376423,7.61489029373637e-60
2026-09-07 05:45:00-05:00,0.008277856608581801,0.6812280804233364,10.736837816470947,9.93706012225659,2.3372689459978842e-60
2026-09-07 06:00:00-05:00,0.006787842419037076,0.8453529815569579,13.221540272879489,13.850363090020002,7.13736552276676e-61
2026-09-07 06:15:00-05:00,0.005566030783610403,0.5790543981479656,11.025322575249582,11.510911501545637,2.1684599242258284e-61
2026-09-07 06:30:00-05:00,0.00456414524256053,0.0,11.880940292394712,12.006551419744213,6.554643467507025e-62
2026-09-07 06:45:00-05:00,0.0037425990988996347,0.0,13.81083670189446,13.67602142035451,1.9712012186209248e-62
2026-09-07 07:00:00-05:00,0.0030689312610977003,0.0,13.488318807221845,13.774096584730168,5.897895264891074e-63
2026-09-07 07:15:00-05:00,0.002516523634100114,0.0,14.163575518002354,13.669792829217261,1.7556880978548265e-63
2026-09-07 07:30:00-05:00,0.0020635493799620935,0.0,12.612190388729557,12.628541711744813,5.1997430813027254e-64
2026-09-07 07:45:00-05:00,0.0016921104915689166,0.0,14.22908415430534,12.815373476862453,1.5321476461019924e-64
2026-09-07 08:00:00-05:00,0.0013875306030865116,0.00845339545189706,14.210913744979484,13.703265357301644,4.491625747569334e-65
2026-09-07 08:15:00-05:00,0.0011377750945309394,0.0,13.375418759836096,13.857507150478508,1.3100585893918014e-65
2026-09-07 08:30:00-05:00,0.0009329755775153703,0.0,13.952061283812416,13.356817654380388,3.801562080096762e-66
2026-09-07 08:45:00-05:00,0.0007650399735626036,0.0,15.128100347226615,16.647173006799417,1.0975332012289679e-66
2026-09-07 09:00:00-05:00,0.0006273327783213349,0.0,16.089203699203214,15.957180093655937,3.1525171551450254e-67
2026-09-07 09:15:00-05:00,0.0005144128782234946,0.0,18.14263672718953,19.113909559952557,9.009101131255796e-68
2026-09-07 09:30:00-05:00,0.00042181856014326556,0.6032918672307798,17.08590555656072,17.210397431312103,2.5614723809425083e-68
2026-09-07 09:45:00-05:00,0.0003458912193174777,0.1763409033602004,17.525586182481323,16.944052912991282,7.245729297705032e-69
2026-09-07 10:00:00-05:00,0.0002836307998403317,0.0,16.66245189813528,17.962513496264215,2.0391949345902206e-69
2026-09-07 10:15:00-05:00,0.00023257725586907198,0.0,17.90068176696248,18.28978420569456,5.7097828854386974e-70
2026-09-07 10:30:00-05:00,0.00019071334981263902,0.3839011317285158,17.247579658632553,17.250660421032705,1.590613474583908e-70
2026-09-07 10:45:00-05:00,0.00015638494684636398,0.7647631871140073,17.65204463654608,17.038935393502584,4.408531331463226e-71
2026-09-07 11:00:00-05:00,0.00012823565641401844,0.7731277514474202,18.31577745628295,17.84904653544949,1.2156468189992763e-71
2026-09-07 11:15:00-05:00,0.00010515323825949512,0.0,19.123507847842276,18.009625172871395,3.335071246841251e-72
2026-09-07 11:30:00-05:00,8.622565537278598e-05,0.037517184662190145,19.918099526118073,19.437308228130863,9.103052053158551e-73
2026-09-07 11:45:00-05:00,7.07050374056845e-05,0.2778033924973099,19.1884795591105,19.383298616415967,2.472026647270695e-73
2026-09-07 12:00:00-05:00,5.797813067266129e-05,0.0,18.56915193569284,18.90335222749594,6.67887755528502e-74
2026-09-07 12:15:00-05:00,4.7542067151582255e-05,0.0,19.86077870296815,19.939278891559972,1.795304117857733e-74
2026-09-07 12:30:00-05:00,3.898449506429744e-05,0.0,20.119857871548717,19.600819584090864,4.801277241771782e-75
2026-09-07 12:45:00-05:00,3.19672859527239e-05,0.0,21.089493754674873,20.730310624233354,1.2774966013702579e-75
2026-09-07 13:00:00-05:00,2.6213174481233597e-05,0.03394349787731189,19.26835261431393,18.27143773688654,3.381792326486348e-76
2026-09-07 13:15:00-05:00,2.149480307461155e-05,0.553432166988103,19.443781501371017,20.535169710859876,8.906730817894417e-77
2026-09-07 13:30:00-05:00,1.762573852118147e-05,1.0895969116087942,19.56908182635201,21.158028632006065,2.333855330168692e-77
2026-09-07 13:45:00-05:00,1.4453105587368805e-05,0.23714241622614085,19.77782301056181,18.910053165326087,6.084343827454914e-78
2026-09-07 14:00:00-05:00,1.185154658164242e-05,0.24786855418342546,20.508469588792536,19.806492390251165,1.5781118334245974e-78
2026-09-07 14:15:00-05:00,9.718268196946784e-06,0.0,19.69111881646996,19.6958733286624,4.0723586257611754e-79
2026-09-07 14:30:00-05:00,7.968979921496363e-06,0.42046240860410555,20.30467702282039,20.56123175263289,1.0455347415929044e-79
2026-09-07 14:45:00-05:00,6.5345635356270175e-06,0.0,20.82521956678293,19.496393791064705,2.6706386634576214e-80
2026-09-07 15:00:00-05:00,5.358342099214154e-06,0.3223308307731831,19.715816417567677,20.11015234155273,6.786971221104406e-81
2026-09-07 15:15:00-05:00,4.393840521355606e-06,0.0,19.594082698776507,20.22113322495067,1.7160150602825335e-81
2026-09-07 15:30:00-05:00,3.6029492275115963e-06,0.0,19.55604753048905,18.237795823078063,4.3166853583742584e-82
2026-09-07 15:45:00-05:00,2.954418366559509e-06,0.0,20.012041313437088,19.951514422787373,1.0803485796120768e-82
2026-09-07 16:00:00-05:00,2.422623060578797e-06,0.0,19.16617348498478,19.47722106249225,2.6900579025827697e-83
2026-09-07 16:15:00-05:00,1.9865509096746138e-06,0.06212888105364862,20.38065335941639,19.93325927187905,6.6641315711162775e-84
2026-09-07 16:30:00-05:00,1.6289717459331833e-06,0.4136159914082506,18.948272889025148,19.6983562630807,1.6425163803667197e-84
2026-09-07 16:45:00-05:00,1.3357568316652101e-06,0.05012288425813256,18.799071920771674,19.3055813148793,4.0277273836834235e-85
2026-09-07 17:00:00-05:00,1.0953206019654723e-06,0.5640322363855229,18.47797600569487,19.034882520695398,9.826404503302809e-86
2026-09-07 17:15:00-05:00,8.981628936116872e-07,0.0,17.33985574536163,17.12542420044863,2.3851374960120603e-86
2026-09-07 17:30:00-05:00,7.364935727615835e-07,0.0,18.401397486930474,17.633827859800707,5.7599194984423e-87
2026-09-07 17:45:00-05:00,6.039247296644984e-07,0.0,17.819044786844852,17.847693721187227,1.3838965267367376e-87
2026-09-07 18:00:00-05:00,0.8503934514517181,0.8686608683716388,16.390505618290863,16.5093078330927,3.3080726356614194e-88
2026-09-07 18:15:00-05:00,0.6973226301904087,1.170238428470656,15.820516003186786,15.83336497197234,7.867389759302093e-89
2026-09-07 18:30:00-05:00,0.5718045567561352,1.09033140551827,16.517855616956794,18.02951881190479,1.86153200458234e-89
2026-09-07 18:45:00-05:00,0.4688797365400308,0.177288178119286,16.534478198891247,16.808130665580023,4.382223871031888e-90
2026-09-07 19:00:00-05:00,0.3844813839628252,0.22079106102329946,15.402270811903634,16.352461286169333,1.0263673426101421e-90
2026-09-07 19:15:00-05:00,0.3152747348495167,0.1116722078175898,15.51691312645374,15.924693409769224,2.391637209546364e-91
2026-09-07 19:30:00-05:00,0.2585252825766037,0.9093796376485198,15.202919313891321,14.920254020754228,5.544622590477945e-92
2026-09-07 19:45:00-05:00,0.211990731712815,0.6607378565615942,14.24607266792431,13.960968007154634,1.2788891131557818e-92
2026-09-07 20:00:00-05:00,0.17383240000450828,0.6583416618230196,14.725948765441494,15.287215103560326,2.9347965674143774e-93
2026-09-07 20:15:00-05:00,0.14254256800369677,0.0,14.483847411860413,13.328559654098843,6.700501771823613e-94
2026-09-07 20:30:00-05:00,0.11948321600458134,0.003941363163041153,13.796087991232419,13.793561048146877,1.52202176220983e-94
2026-09-07 20:45:00-05:00,0.0979762371237567,0.034764606080987207,13.11095284696903,14.46459908107641,3.439684502541066e-95
2026-09-07 21:00:00-05:00,0.08034051444148048,0.6730200515368066,12.446937607092561,12.30192704352924,7.73393591506653e-96
2026-09-07 21:15:00-05:00,0.06587922184201399,0.635344535294291,12.87247322946886,11.016769067733932,1.73008220968259e-96
2026-09-07 21:30:00-05:00,0.054020961910451464,0.048381545967412364,12.122518701932428,12.33570819175047,3.850499961560738e-97
2026-09-07 21:45:00-05:00,0.0442971887665702,0.3249650816061148,10.376434042482899,10.584769786680951,8.526125447719208e-98
2026-09-07 22:00:00-05:00,0.03632369478858756,0.5931120100566284,12.314949839042514,11.851986079238356,1.878324074899672e-98
2026-09-07 22:15:00-05:00,0.029785429726641797,0.050506168572561884,11.14571554117692,11.544055892823287,4.1169305759937375e-99
2026-09-07 22:30:00-05:00,0.024424052375846272,0.5825898374848122,11.360607180177272,10.533567086690455,8.977610801728255e-100
2026-09-07 22:45:00-05:00,0.02002772294819394,0.15495853034427476,10.600016918912383,10.166080078820425,1.947745528909716e-100
2026-09-07 23:00:00-05:00,0.01642273281751903,0.0,10.229065816188426,10.898746941107515,4.204243584226447e-101
2026-09-07 23:15:00-05:00,0.013466640910365604,0.2466320505482299,11.039343408213442,10.14799563004459,9.028752247141233e-102
2026-09-07 23:30:00-05:00,0.011042645546499795,0.0011955143419315802,11.32586227072236,12.290312155463603,1.929086996790459e-102
2026-09-07 23:45:00-05:00,0.009054969348129832,0.25869771266871405,7.999235702242668,6.508513712309394,4.1007198750165366e-103
2026-09-08 00:00:00-05:00,0.007425074865466462,0.5049339452967342,9.142342261160138,8.859297821888491,8.672665664815464e-104
2026-09-08 00:15:00-05:00,0.4240166693573664,0.15613115920732795,10.29478245758794,11.193452585839706,1.8248590161125663e-104
2026-09-08 00:30:00-05:00,0.34769366887304043,0.0,8.072772247595493,7.591123240013764,3.82023643772405e-105
2026-09-08 00:45:00-05:00,0.28510880847589315,0.17338655648143303,8.177628554775705,7.273331408142896,7.9567438919514e-106
2026-09-08 01:00:00-05:00,0.23378922295023236,0.2315750066907168,8.738977161701923,9.117895834863857,1.648787658675889e-106
2026-09-08 01:15:00-05:00,0.1917071628191905,0.0,9.66335599505502,10.48649072253417,3.3992122917151355e-107
2026-09-08 01:30:00-05:00,0.1571998735117362,0.17598651746548058,8.977343914007928,7.965193101180606,6.972299926133918e-108
2026-09-08 01:45:00-05:00,0.12890389627962368,0.15518337609925836,10.004146237017778,11.186119743821843,1.4228464836636068e-108
2026-09-08 02:00:00-05:00,0.10570119494929141,0.0,8.374548399541322,8.24420981959104,2.888845002143109e-109
2026-09-08 02:15:00-05:00,0.08667497985841895,0.0,8.776219738836952,8.334367857570225,5.835453982650867e-110
2026-09-08 02:30:00-05:00,0.07107348348390354,0.5619099494798915,7.938682576277348,9.518056550030346,1.172760333284856e-110
2026-09-08 02:45:00-05:00,0.0582802564568009,0.0,8.713272945485723,8.14812046492526,2.3449203719285018e-111
2026-09-08 03:00:00-05:00,0.04778981029457673,0.30523385959083943,8.105757402531207,8.903344112871794,4.664779747763144e-112
2026-09-08 03:15:00-05:00,0.03918764444155292,0.0,8.568040053877024,8.011338345921967,9.232480477719664e-113
2026-09-08 03:30:00-05:00,0.6177169089540958,0.5875162185985158,9.40906770148952,8.353140553830544,1.8179831971579e-113
2026-09-08 03:45:00-05:00,0.5065278653423585,0.27135687004405723,9.879716310603689,10.8694869011081,3.56160328844014e-114
2026-09-08 04:00:00-05:00,0.41535284958073393,1.166369557306111,9.739271964024073,10.32656763977012,6.942013185124534e-115
2026-09-08 04:15:00-05:00,0.3405893366562018,0.5178019675268897,8.46237514277627,6.765335285042766,1.3461998461573202e-115
2026-09-08 04:30:00-05:00,1.0395515622388023,0.34216111375438674,9.429297218120446,10.223080005055467,2.5972744949761855e-116
2026-09-08 04:45:00-05:00,0.8524322810358178,1.838680788044941,10.39059895523814,10.99541748818551,4.985519013086575e-117
2026-09-08 05:00:00-05:00,0.6989944704493706,0.26922426152413576,10.718812820231923,10.778132476941893,9.521099740127692e-118
2026-09-08 05:15:00-05:00,0.5731754657684839,0.7761577583247794,11.5730626982031,11.60572928562643,1.80903956131804e-118
2026-09-08 05:30:00-05:00,0.47000388193015674,0.6664230840551181,11.190435487154437,11.65071291625587,3.4197410840879895e-119
2026-09-08 05:45:00-05:00,0.3854031831827285,1.2860843432831695,11.665566877808791,12.297194584942892,6.43165291016526e-120
2026-09-08 06:00:00-05:00,0.31603061020983736,0.3745078531887014,10.980733537874748,11.49584923236257,1.2034725377003785e-120
2026-09-08 06:15:00-05:00,0.2591451003720666,0.1902796889361349,13.136889608983104,12.220371070246607,2.240443423733423e-121
2026-09-08 06:30:00-05:00,0.21249898230509462,0.0,14.187437291334035,14.038106899286317,4.149693211200496e-122
2026-09-08 06:45:00-05:00,0.17424916549017758,0.0,11.954034643878064,12.364744130055039,7.64684365728965e-123
2026-09-08 07:00:00-05:00,0.1428843157019456,0.9524372699753677,12.705328012791215,13.9733941335884,1.4019503824701476e-123
2026-09-08 07:15:00-05:00,0.11716513887559538,0.16691254742954909,14.290404698537746,12.89001260625731,2.557215262156649e-124
2026-09-08 07:30:00-05:00,0.09607541387798821,0.7300776478904755,13.704835721249976,13.721890510037266,4.640728313947057e-125
2026-09-08 07:45:00-05:00,0.5962306692676594,0.9291306055597908,14.016387691847251,12.891162556663039,8.378942533819369e-126
2026-09-08 08:00:00-05:00,0.4889091487994807,0.24090375748061058,15.401464032057206,16.017167348004136,1.5051385933353214e-126
2026-09-08 08:15:00-05:00,0.6488031342954312,0.0,14.537331649054085,15.244644144761331,2.6899733864174803e-127
2026-09-08 08:30:00-05:00,0.5320185701222536,0.43655641602198664,15.943885294188835,16.02229956333008,4.78303640837775e-128
2026-09-08 08:45:00-05:00,0.4362552275002479,1.0603541563576493,15.809493778585578,15.427217684832188,8.461426805739277e-129
2026-09-08 09:00:00-05:00,0.35772928655020325,0.0,17.166971415041157,18.354165742922497,1.489250412630401e-129
2026-09-08 09:15:00-05:00,0.2933380149711666,0.3633821889961879,17.013940680033514,18.330887420749953,2.6078107306250814e-130
2026-09-08 09:30:00-05:00,0.24053717227635663,0.0,16.26786806336481,15.989111433597904,4.543270750163927e-131
2026-09-08 09:45:00-05:00,0.19724048126661242,0.13864855626911382,17.565201741790936,17.584509058717135,7.874906052551765e-132
2026-09-08 10:00:00-05:00,0.16173719463862218,0.5972425839999936,18.047388270011485,18.140960001992987,1.3580205934722844e-132
2026-09-08 10:15:00-05:00,0.13262449960367018,0.0998833284086772,17.204498530882866,19.129446024381824,2.3299765066281925e-133
2026-09-08 10:30:00-05:00,0.10875208967500954,0.4117973953249744,17.169356150940697,16.036113037274497,3.977232138084307e-134
2026-09-08 10:45:00-05:00,0.08917671353350783,0.0,19.605603765786835,19.73846539540001,6.754520902268073e-135
2026-09-08 11:00:00-05:00,0.07312490509747642,0.0,18.576521110344185,18.18939631454781,1.141280433634805e-135
2026-09-08 11:15:00-05:00,0.05996242217993066,0.6656596466079883,19.530767202635825,19.545962351449475,1.918555668934785e-136
2026-09-08 11:30:00-05:00,0.04916918618754314,0.0,19.041546154272552,19.37535267548112,3.2087852350234136e-137
2026-09-08 11:45:00-05:00,0.04031873267378537,0.0,18.10656617618406,18.09512211345547,5.33938341055463e-138
2026-09-08 12:00:00-05:00,0.033061360792504005,0.2637402089653635,20.112070484338368,20.418762997380437,8.83946085340701e-139
2026-09-08 12:15:00-05:00,0.02711031584985328,0.02464313187268119,20.016022119627507,20.950637618045246,1.4559439552854387e-139
2026-09-08 12:30:00-05:00,0.022230458996879688,0.11716334284227689,19.23952196243518,18.846238812537294,2.3858753507783734e-140
2026-09-08 12:45:00-05:00,0.018228976377441343,0.32331816741703634,20.270305284919928,21.71691471613901,3.8898697087735025e-141
2026-09-08 13:00:00-05:00,0.014947760629501901,0.47832714535755805,19.996187009184712,20.665319305683035,6.3096689141609595e-142
2026-09-08 13:15:00-05:00,0.012257163716191559,0.26860009415181385,19.49246016368635,18.86319958128784,1.0182684770993233e-142
2026-09-08 13:30:00-05:00,0.010050874247277077,0.0,19.524260223643637,19.943426906948254,1.6349415813647976e-143
2026-09-08 13:45:00-05:00,0.008241716882767203,0.0,21.431430785410715,21.981747848678484,2.611718655134353e-144
2026-09-08 14:00:00-05:00,0.006758207843869106,0.0,20.25026924487405,20.656689430484686,4.150828163866105e-145
2026-09-08 14:15:00-05:00,0.005541730431972667,0.0,20.56126069067458,19.0987634373789,6.563376689549231e-146
2026-09-08 14:30:00-05:00,0.004544218954217586,0.0,20.609940983768173,19.5790915154026,1.0325334205136516e-146
2026-09-08 14:45:00-05:00,0.00372625954245842,0.0,21.84155274683613,21.222229327573867,1.616088413820251e-147
2026-09-08 15:00:00-05:00,0.0030555328248159045,0.03482245688574922,19.86258761330924,19.596781818653405,2.5165776058626198e-148
2026-09-08 15:15:00-05:00,0.0025055369163490414,0.3945328607533919,20.439905237231187,19.939133241276167,3.8988789386857773e-149
2026-09-08 15:30:00-05:00,0.002054540271406214,0.7762991530247325,18.867977071324987,17.58179686293789,6.009708194285012e-150
2026-09-08 15:45:00-05:00,0.0016847230225530954,0.0,19.146443554780568,18.70983381512572,9.216186008823254e-151
2026-09-08 16:00:00-05:00,0.0013814728784935382,0.0,18.916347259023965,19.300047193635343,1.4061553052052261e-151
2026-09-08 16:15:00-05:00,0.0011328077603647013,0.17302639201439654,19.04036022340839,18.257314960521903,2.134516713900761e-152
2026-09-08 16:30:00-05:00,0.0009289023634990551,0.31885639473720795,19.824065930600298,20.439642964142834,3.223666022005199e-153
2026-09-08 16:45:00-05:00,0.0007616999380692251,0.0,18.557700444928543,19.144524098091093,4.8437836336547184e-154
2026-09-08 17:00:00-05:00,0.0006245939492167645,0.0,18.44611920687563,18.799395267965007,7.241084925288253e-155
2026-09-08 17:15:00-05:00,0.0005121670383577469,0.15581830198401986,18.700177341084775,17.004103510158096,1.0769778179679849e-155
2026-09-08 17:30:00-05:00,0.0004199769714533524,0.11517421571087182,18.506647386852173,19.229269688962095,1.5936541853351264e-156
2026-09-08 17:45:00-05:00,0.00034438111659174895,0.0,17.540213627506674,17.179401433627728,2.3462032318595777e-157
2026-09-08 18:00:00-05:00,0.00028239251560523414,0.0,18.131357844217032,18.431482987162745,3.436539828038985e-158
2026-09-08 18:15:00-05:00,0.00023156186279629199,0.0,16.962179745024308,17.000244858897474,5.007965706612792e-159
2026-09-08 18:30:00-05:00,0.00018988072749295942,0.26169262231046103,16.491011870138784,16.67404393501024,7.260817530963466e-160
2026-09-08 18:45:00-05:00,0.00015570219654422672,0.0,15.981577147060221,15.399357678368442,1.0473550019483656e-160
2026-09-08 19:00:00-05:00,0.0001276758011662659,0.2967361372262943,16.012588993086812,15.330652837550597,1.5030952810197593e-161
2026-09-08 19:15:00-05:00,0.00010469415695633803,0.0,14.340634964503922,13.757460523359393,2.1461660639276118e-162
2026-09-08 19:30:00-05:00,8.584920870419718e-05,0.0,14.967478779227386,14.545258053257449,3.048767787740447e-163
2026-09-08 19:45:00-05:00,7.039635113744168e-05,0.0,14.980365631902785,15.52057705260655,4.308931428271755e-164
2026-09-08 20:00:00-05:00,5.772500793270218e-05,0.0,15.265947255956345,14.206715224483213,6.058973183256686e-165
2026-09-08 20:15:00-05:00,4.733450650481578e-05,0.9723916170655973,14.606886992107428,14.534210663567887,8.476424335384301e-166
2026-09-08 20:30:00-05:00,3.881429533394894e-05,0.0,14.858678046579316,14.7994180151539,1.1798058921962365e-166
2026-09-08 20:45:00-05:00,3.182772217383813e-05,0.0,13.905500598632623,14.65315598386385,1.6337764955859806e-167
2026-09-08 21:00:00-05:00,2.6098732182547264e-05,0.0,13.056677264904254,12.735262758294747,2.2509141876668057e-168
2026-09-08 21:15:00-05:00,2.1400960389688757e-05,0.3429718165787134,12.59774064688189,12.23222777595304,3.0853855781501713e-169
2026-09-08 21:30:00-05:00,0.12172637650182459,0.7250628778248199,11.501511274562626,10.372466242947137,4.2076941448268516e-170
2026-09-08 21:45:00-05:00,0.09981562873149616,0.0,10.171951691041862,10.701008796780535,5.709040105864101e-171
2026-09-08 22:00:00-05:00,0.08184881555982684,0.0,11.128768771113867,10.957454492954472,7.706660651088541e-172
2026-09-08 22:15:00-05:00,0.067116028759058,0.0,11.125917315692584,11.823713153570507,1.0350315541387673e-172
2026-09-08 22:30:00-05:00,0.05503514358242756,0.0,10.526809651319667,9.706626953902909,1.3830094758143332e-173
2026-09-08 22:45:00-05:00,0.045128817737590594,0.3909475824203356,12.064409894975503,11.614398523259531,1.8385732338299764e-174
2026-09-08 23:00:00-05:00,0.03700563054482429,0.0722480451778842,10.00049972464691,9.396006330232398,2.4317611884746274e-175
2026-09-08 23:15:00-05:00,0.030344617046755912,0.051929245162869606,9.132761330239092,9.841733021379408,3.1999642320479086e-176
2026-09-08 23:30:00-05:00,0.024882585978339845,0.8396536036527066,10.368679660442421,10.451587095440473,4.189416482625785e-177
2026-09-08 23:45:00-05:00,0.02040372050223867,0.0,8.94078766736762,9.574341774775101,5.456902094732522e-178
